CHANGENR,CHNGIND,FNAME,MANDANT,OBJECTCLAS,OBJECTID,TABKEY,TABNAME,TEXT_CASE,UNIT_NEW,UNIT_OLD,VALUE_NEW,VALUE_OLD,_DATAAGING
0000735007,I,KEY,204,ADRESSE,ME020000129907,204000012990700010101,ADRC,1,,,,,00/00/0000
0000735010,I,KEY,204,ADRESSE,ME020000129908,204000012990800010101,ADRC,1,,,,,00/00/0000
0000735012,I,KEY,204,ADRESSE,ME020000129909,204000012990900010101,ADRC,1,,,,,00/00/0000
0000735015,I,KEY,204,ADRESSE,ME020000129910,204000012991000010101,ADRC,1,,,,,00/00/0000
0000735017,I,KEY,204,ADRESSE,ME020000129911,204000012991100010101,ADRC,1,,,,,00/00/0000
0000735022,I,KEY,204,ADRESSE,ME020000129912,204000012991200010101,ADRC,1,,,,,00/00/0000
0000735024,I,KEY,204,ADRESSE,ME020000129913,204000012991300010101,ADRC,1,,,,,00/00/0000
0000735027,I,KEY,204,ADRESSE,ME020000129914,204000012991400010101,ADRC,1,,,,,00/00/0000
0000735029,I,KEY,204,ADRESSE,ME020000129915,204000012991500010101,ADRC,1,,,,,00/00/0000
0000735034,I,KEY,204,ADRESSE,ME020000129916,204000012991600010101,ADRC,1,,,,,00/00/0000
0000735036,I,KEY,204,ADRESSE,ME020000129917,204000012991700010101,ADRC,1,,,,,00/00/0000
0000735039,I,KEY,204,ADRESSE,ME020000129918,204000012991800010101,ADRC,1,,,,,00/00/0000
0000735041,I,KEY,204,ADRESSE,ME020000129919,204000012991900010101,ADRC,1,,,,,00/00/0000
0000735044,I,KEY,204,ADRESSE,ME020000129920,204000012992000010101,ADRC,1,,,,,00/00/0000
0000735046,I,KEY,204,ADRESSE,ME020000129921,204000012992100010101,ADRC,1,,,,,00/00/0000
0000735049,I,KEY,204,ADRESSE,ME020000129922,204000012992200010101,ADRC,1,,,,,00/00/0000
0000735051,I,KEY,204,ADRESSE,ME020000129923,204000012992300010101,ADRC,1,,,,,00/00/0000
0000735054,I,KEY,204,ADRESSE,ME020000129924,204000012992400010101,ADRC,1,,,,,00/00/0000
0000735056,I,KEY,204,ADRESSE,ME020000129925,204000012992500010101,ADRC,1,,,,,00/00/0000
0000735059,I,KEY,204,ADRESSE,ME020000129926,204000012992600010101,ADRC,1,,,,,00/00/0000
0000735061,I,KEY,204,ADRESSE,ME020000129927,204000012992700010101,ADRC,1,,,,,00/00/0000
0000735064,I,KEY,204,ADRESSE,ME020000129928,204000012992800010101,ADRC,1,,,,,00/00/0000
0000735066,I,KEY,204,ADRESSE,ME020000129929,204000012992900010101,ADRC,1,,,,,00/00/0000
0000735069,I,KEY,204,ADRESSE,ME020000129930,204000012993000010101,ADRC,1,,,,,00/00/0000
0000735071,I,KEY,204,ADRESSE,ME020000129931,204000012993100010101,ADRC,1,,,,,00/00/0000
0000735074,I,KEY,204,ADRESSE,ME020000129932,204000012993200010101,ADRC,1,,,,,00/00/0000
0000735076,I,KEY,204,ADRESSE,ME020000129933,204000012993300010101,ADRC,1,,,,,00/00/0000
0000735079,I,KEY,204,ADRESSE,ME020000129934,204000012993400010101,ADRC,1,,,,,00/00/0000
0000735081,I,KEY,204,ADRESSE,ME020000129935,204000012993500010101,ADRC,1,,,,,00/00/0000
0000735084,I,KEY,204,ADRESSE,ME020000129936,204000012993600010101,ADRC,1,,,,,00/00/0000
0000735086,I,KEY,204,ADRESSE,ME020000129937,204000012993700010101,ADRC,1,,,,,00/00/0000
0000735089,I,KEY,204,ADRESSE,ME020000129938,204000012993800010101,ADRC,1,,,,,00/00/0000
0000735091,I,KEY,204,ADRESSE,ME020000129939,204000012993900010101,ADRC,1,,,,,00/00/0000
0000735094,I,KEY,204,ADRESSE,ME020000129940,204000012994000010101,ADRC,1,,,,,00/00/0000
0000735096,I,KEY,204,ADRESSE,ME020000129941,204000012994100010101,ADRC,1,,,,,00/00/0000
0000735099,I,KEY,204,ADRESSE,ME020000129942,204000012994200010101,ADRC,1,,,,,00/00/0000
0000735101,I,KEY,204,ADRESSE,ME020000129943,204000012994300010101,ADRC,1,,,,,00/00/0000
0000735104,I,KEY,204,ADRESSE,ME020000129944,204000012994400010101,ADRC,1,,,,,00/00/0000
0000735106,I,KEY,204,ADRESSE,ME020000129945,204000012994500010101,ADRC,1,,,,,00/00/0000
0000735109,I,KEY,204,ADRESSE,ME020000129946,204000012994600010101,ADRC,1,,,,,00/00/0000
0000735111,I,KEY,204,ADRESSE,ME020000129947,204000012994700010101,ADRC,1,,,,,00/00/0000
0000735116,I,KEY,204,ADRESSE,ME020000129948,204000012994800010101,ADRC,1,,,,,00/00/0000
0000735118,I,KEY,204,ADRESSE,ME020000129949,204000012994900010101,ADRC,1,,,,,00/00/0000
0000735121,I,KEY,204,ADRESSE,ME020000129950,204000012995000010101,ADRC,1,,,,,00/00/0000
0000735123,I,KEY,204,ADRESSE,ME020000129951,204000012995100010101,ADRC,1,,,,,00/00/0000
0000735128,I,KEY,204,ADRESSE,ME020000129952,204000012995200010101,ADRC,1,,,,,00/00/0000
0000735130,I,KEY,204,ADRESSE,ME020000129953,204000012995300010101,ADRC,1,,,,,00/00/0000
0000735133,I,KEY,204,ADRESSE,ME020000129954,204000012995400010101,ADRC,1,,,,,00/00/0000
0000735135,I,KEY,204,ADRESSE,ME020000129955,204000012995500010101,ADRC,1,,,,,00/00/0000
0000735138,I,KEY,204,ADRESSE,ME020000129956,204000012995600010101,ADRC,1,,,,,00/00/0000
0000735140,I,KEY,204,ADRESSE,ME020000129957,204000012995700010101,ADRC,1,,,,,00/00/0000
0000735143,I,KEY,204,ADRESSE,ME020000129958,204000012995800010101,ADRC,1,,,,,00/00/0000
0000735145,I,KEY,204,ADRESSE,ME020000129959,204000012995900010101,ADRC,1,,,,,00/00/0000
0000735148,I,KEY,204,ADRESSE,ME020000129960,204000012996000010101,ADRC,1,,,,,00/00/0000
0000735150,I,KEY,204,ADRESSE,ME020000129961,204000012996100010101,ADRC,1,,,,,00/00/0000
0000735153,I,KEY,204,ADRESSE,ME020000129962,204000012996200010101,ADRC,1,,,,,00/00/0000
0000735155,I,KEY,204,ADRESSE,ME020000129963,204000012996300010101,ADRC,1,,,,,00/00/0000
0000735158,I,KEY,204,ADRESSE,ME020000129964,204000012996400010101,ADRC,1,,,,,00/00/0000
0000735160,I,KEY,204,ADRESSE,ME020000129965,204000012996500010101,ADRC,1,,,,,00/00/0000
0000735163,I,KEY,204,ADRESSE,ME020000129966,204000012996600010101,ADRC,1,,,,,00/00/0000
0000735165,I,KEY,204,ADRESSE,ME020000129967,204000012996700010101,ADRC,1,,,,,00/00/0000
0000735168,I,KEY,204,ADRESSE,ME020000129968,204000012996800010101,ADRC,1,,,,,00/00/0000
0000735170,I,KEY,204,ADRESSE,ME020000129969,204000012996900010101,ADRC,1,,,,,00/00/0000
0000735173,I,KEY,204,ADRESSE,ME020000129970,204000012997000010101,ADRC,1,,,,,00/00/0000
0000735175,I,KEY,204,ADRESSE,ME020000129971,204000012997100010101,ADRC,1,,,,,00/00/0000
0000735178,I,KEY,204,ADRESSE,ME020000129972,204000012997200010101,ADRC,1,,,,,00/00/0000
0000735180,I,KEY,204,ADRESSE,ME020000129973,204000012997300010101,ADRC,1,,,,,00/00/0000
0000735183,I,KEY,204,ADRESSE,ME020000129974,204000012997400010101,ADRC,1,,,,,00/00/0000
0000735185,I,KEY,204,ADRESSE,ME020000129975,204000012997500010101,ADRC,1,,,,,00/00/0000
0000735188,I,KEY,204,ADRESSE,ME020000129976,204000012997600010101,ADRC,1,,,,,00/00/0000
0000735190,I,KEY,204,ADRESSE,ME020000129977,204000012997700010101,ADRC,1,,,,,00/00/0000
0000735193,I,KEY,204,ADRESSE,ME020000129978,204000012997800010101,ADRC,1,,,,,00/00/0000
0000735195,I,KEY,204,ADRESSE,ME020000129979,204000012997900010101,ADRC,1,,,,,00/00/0000
0000735198,I,KEY,204,ADRESSE,ME020000129980,204000012998000010101,ADRC,1,,,,,00/00/0000
0000735200,I,KEY,204,ADRESSE,ME020000129981,204000012998100010101,ADRC,1,,,,,00/00/0000
0000735203,I,KEY,204,ADRESSE,ME020000129982,204000012998200010101,ADRC,1,,,,,00/00/0000
0000735205,I,KEY,204,ADRESSE,ME020000129983,204000012998300010101,ADRC,1,,,,,00/00/0000
0000735208,I,KEY,204,ADRESSE,ME020000129984,204000012998400010101,ADRC,1,,,,,00/00/0000
0000735210,I,KEY,204,ADRESSE,ME020000129985,204000012998500010101,ADRC,1,,,,,00/00/0000
0000735213,I,KEY,204,ADRESSE,ME020000129986,204000012998600010101,ADRC,1,,,,,00/00/0000
0000735215,I,KEY,204,ADRESSE,ME020000129987,204000012998700010101,ADRC,1,,,,,00/00/0000
0000735218,I,KEY,204,ADRESSE,ME020000129988,204000012998800010101,ADRC,1,,,,,00/00/0000
0000735220,I,KEY,204,ADRESSE,ME020000129989,204000012998900010101,ADRC,1,,,,,00/00/0000
0000735225,I,KEY,204,ADRESSE,ME020000129990,204000012999000010101,ADRC,1,,,,,00/00/0000
0000735227,I,KEY,204,ADRESSE,ME020000129991,204000012999100010101,ADRC,1,,,,,00/00/0000
0000735230,I,KEY,204,ADRESSE,ME020000129992,204000012999200010101,ADRC,1,,,,,00/00/0000
0000735232,I,KEY,204,ADRESSE,ME020000129993,204000012999300010101,ADRC,1,,,,,00/00/0000
0000735235,I,KEY,204,ADRESSE,ME020000129994,204000012999400010101,ADRC,1,,,,,
0000735006,I,KEY,204,BANF,0010000253,204001000025300010,EBAN,1,,,,,00/00/0000
0000735009,U,BEDAT,204,BANF,0010000253,204001000025300010,EBAN,1,,,20260601,00000000,00/00/0000
0000735009,U,BSMNG,204,BANF,0010000253,204001000025300010,EBAN,1,EA,EA,57.000,0.000,00/00/0000
0000735009,U,EBELN,204,BANF,0010000253,204001000025300010,EBAN,1,,,4500000216,,00/00/0000
0000735009,U,EBELP,204,BANF,0010000253,204001000025300010,EBAN,1,,,00010,00000,00/00/0000
0000735011,I,KEY,204,BANF,0010000254,204001000025400010,EBAN,1,,,,,00/00/0000
0000735014,U,BEDAT,204,BANF,0010000254,204001000025400010,EBAN,1,,,20260601,00000000,00/00/0000
0000735014,U,BSMNG,204,BANF,0010000254,204001000025400010,EBAN,1,EA,EA,215.000,0.000,00/00/0000
0000735014,U,EBELN,204,BANF,0010000254,204001000025400010,EBAN,1,,,4500000217,,00/00/0000
0000735014,U,EBELP,204,BANF,0010000254,204001000025400010,EBAN,1,,,00010,00000,00/00/0000
0000735016,I,KEY,204,BANF,0010000255,204001000025500010,EBAN,1,,,,,00/00/0000
0000735021,U,BEDAT,204,BANF,0010000255,204001000025500010,EBAN,1,,,20260601,00000000,00/00/0000
0000735021,U,BSMNG,204,BANF,0010000255,204001000025500010,EBAN,1,EA,EA,135.000,0.000,00/00/0000
0000735021,U,EBELN,204,BANF,0010000255,204001000025500010,EBAN,1,,,4500000218,,00/00/0000
0000735021,U,EBELP,204,BANF,0010000255,204001000025500010,EBAN,1,,,00010,00000,00/00/0000
0000735023,I,KEY,204,BANF,0010000256,204001000025600010,EBAN,1,,,,,00/00/0000
0000735026,U,BEDAT,204,BANF,0010000256,204001000025600010,EBAN,1,,,20260601,00000000,00/00/0000
0000735026,U,BSMNG,204,BANF,0010000256,204001000025600010,EBAN,1,EA,EA,38.000,0.000,00/00/0000
0000735026,U,EBELN,204,BANF,0010000256,204001000025600010,EBAN,1,,,4500000219,,00/00/0000
0000735026,U,EBELP,204,BANF,0010000256,204001000025600010,EBAN,1,,,00010,00000,00/00/0000
0000735028,I,KEY,204,BANF,0010000257,204001000025700010,EBAN,1,,,,,00/00/0000
0000735033,U,BEDAT,204,BANF,0010000257,204001000025700010,EBAN,1,,,20260601,00000000,00/00/0000
0000735033,U,BSMNG,204,BANF,0010000257,204001000025700010,EBAN,1,EA,EA,61.000,0.000,00/00/0000
0000735033,U,EBELN,204,BANF,0010000257,204001000025700010,EBAN,1,,,4500000220,,00/00/0000
0000735033,U,EBELP,204,BANF,0010000257,204001000025700010,EBAN,1,,,00010,00000,00/00/0000
0000735035,I,KEY,204,BANF,0010000258,204001000025800010,EBAN,1,,,,,00/00/0000
0000735038,U,BEDAT,204,BANF,0010000258,204001000025800010,EBAN,1,,,20260601,00000000,00/00/0000
0000735038,U,BSMNG,204,BANF,0010000258,204001000025800010,EBAN,1,EA,EA,130.000,0.000,00/00/0000
0000735038,U,EBELN,204,BANF,0010000258,204001000025800010,EBAN,1,,,4500000221,,00/00/0000
0000735038,U,EBELP,204,BANF,0010000258,204001000025800010,EBAN,1,,,00010,00000,00/00/0000
0000735040,I,KEY,204,BANF,0010000259,204001000025900010,EBAN,1,,,,,00/00/0000
0000735043,U,BEDAT,204,BANF,0010000259,204001000025900010,EBAN,1,,,20260601,00000000,00/00/0000
0000735043,U,BSMNG,204,BANF,0010000259,204001000025900010,EBAN,1,EA,EA,176.000,0.000,00/00/0000
0000735043,U,EBELN,204,BANF,0010000259,204001000025900010,EBAN,1,,,4500000222,,00/00/0000
0000735043,U,EBELP,204,BANF,0010000259,204001000025900010,EBAN,1,,,00010,00000,00/00/0000
0000735045,I,KEY,204,BANF,0010000260,204001000026000010,EBAN,1,,,,,00/00/0000
0000735048,U,BEDAT,204,BANF,0010000260,204001000026000010,EBAN,1,,,20260601,00000000,00/00/0000
0000735048,U,BSMNG,204,BANF,0010000260,204001000026000010,EBAN,1,EA,EA,225.000,0.000,00/00/0000
0000735048,U,EBELN,204,BANF,0010000260,204001000026000010,EBAN,1,,,4500000223,,00/00/0000
0000735048,U,EBELP,204,BANF,0010000260,204001000026000010,EBAN,1,,,00010,00000,00/00/0000
0000735050,I,KEY,204,BANF,0010000261,204001000026100010,EBAN,1,,,,,00/00/0000
0000735053,U,BEDAT,204,BANF,0010000261,204001000026100010,EBAN,1,,,20260601,00000000,00/00/0000
0000735053,U,BSMNG,204,BANF,0010000261,204001000026100010,EBAN,1,EA,EA,64.000,0.000,00/00/0000
0000735053,U,EBELN,204,BANF,0010000261,204001000026100010,EBAN,1,,,4500000224,,00/00/0000
0000735053,U,EBELP,204,BANF,0010000261,204001000026100010,EBAN,1,,,00010,00000,00/00/0000
0000735055,I,KEY,204,BANF,0010000262,204001000026200010,EBAN,1,,,,,00/00/0000
0000735058,U,BEDAT,204,BANF,0010000262,204001000026200010,EBAN,1,,,20260601,00000000,00/00/0000
0000735058,U,BSMNG,204,BANF,0010000262,204001000026200010,EBAN,1,EA,EA,19.000,0.000,00/00/0000
0000735058,U,EBELN,204,BANF,0010000262,204001000026200010,EBAN,1,,,4500000225,,00/00/0000
0000735058,U,EBELP,204,BANF,0010000262,204001000026200010,EBAN,1,,,00010,00000,00/00/0000
0000735060,I,KEY,204,BANF,0010000263,204001000026300010,EBAN,1,,,,,00/00/0000
0000735063,U,BEDAT,204,BANF,0010000263,204001000026300010,EBAN,1,,,20260601,00000000,00/00/0000
0000735063,U,BSMNG,204,BANF,0010000263,204001000026300010,EBAN,1,EA,EA,215.000,0.000,00/00/0000
0000735063,U,EBELN,204,BANF,0010000263,204001000026300010,EBAN,1,,,4500000226,,00/00/0000
0000735063,U,EBELP,204,BANF,0010000263,204001000026300010,EBAN,1,,,00010,00000,00/00/0000
0000735065,I,KEY,204,BANF,0010000264,204001000026400010,EBAN,1,,,,,00/00/0000
0000735068,U,BEDAT,204,BANF,0010000264,204001000026400010,EBAN,1,,,20260601,00000000,00/00/0000
0000735068,U,BSMNG,204,BANF,0010000264,204001000026400010,EBAN,1,EA,EA,205.000,0.000,00/00/0000
0000735068,U,EBELN,204,BANF,0010000264,204001000026400010,EBAN,1,,,4500000227,,00/00/0000
0000735068,U,EBELP,204,BANF,0010000264,204001000026400010,EBAN,1,,,00010,00000,00/00/0000
0000735070,I,KEY,204,BANF,0010000265,204001000026500010,EBAN,1,,,,,00/00/0000
0000735073,U,BEDAT,204,BANF,0010000265,204001000026500010,EBAN,1,,,20260601,00000000,00/00/0000
0000735073,U,BSMNG,204,BANF,0010000265,204001000026500010,EBAN,1,EA,EA,21.000,0.000,00/00/0000
0000735073,U,EBELN,204,BANF,0010000265,204001000026500010,EBAN,1,,,4500000228,,00/00/0000
0000735073,U,EBELP,204,BANF,0010000265,204001000026500010,EBAN,1,,,00010,00000,00/00/0000
0000735075,I,KEY,204,BANF,0010000266,204001000026600010,EBAN,1,,,,,00/00/0000
0000735078,U,BEDAT,204,BANF,0010000266,204001000026600010,EBAN,1,,,20260601,00000000,00/00/0000
0000735078,U,BSMNG,204,BANF,0010000266,204001000026600010,EBAN,1,EA,EA,215.000,0.000,00/00/0000
0000735078,U,EBELN,204,BANF,0010000266,204001000026600010,EBAN,1,,,4500000229,,00/00/0000
0000735078,U,EBELP,204,BANF,0010000266,204001000026600010,EBAN,1,,,00010,00000,00/00/0000
0000735080,I,KEY,204,BANF,0010000267,204001000026700010,EBAN,1,,,,,00/00/0000
0000735083,U,BEDAT,204,BANF,0010000267,204001000026700010,EBAN,1,,,20260601,00000000,00/00/0000
0000735083,U,BSMNG,204,BANF,0010000267,204001000026700010,EBAN,1,EA,EA,220.000,0.000,00/00/0000
0000735083,U,EBELN,204,BANF,0010000267,204001000026700010,EBAN,1,,,4500000230,,00/00/0000
0000735083,U,EBELP,204,BANF,0010000267,204001000026700010,EBAN,1,,,00010,00000,00/00/0000
0000735085,I,KEY,204,BANF,0010000268,204001000026800010,EBAN,1,,,,,00/00/0000
0000735088,U,BEDAT,204,BANF,0010000268,204001000026800010,EBAN,1,,,20260601,00000000,00/00/0000
0000735088,U,BSMNG,204,BANF,0010000268,204001000026800010,EBAN,1,EA,EA,195.000,0.000,00/00/0000
0000735088,U,EBELN,204,BANF,0010000268,204001000026800010,EBAN,1,,,4500000231,,00/00/0000
0000735088,U,EBELP,204,BANF,0010000268,204001000026800010,EBAN,1,,,00010,00000,00/00/0000
0000735090,I,KEY,204,BANF,0010000269,204001000026900010,EBAN,1,,,,,00/00/0000
0000735093,U,BEDAT,204,BANF,0010000269,204001000026900010,EBAN,1,,,20260601,00000000,00/00/0000
0000735093,U,BSMNG,204,BANF,0010000269,204001000026900010,EBAN,1,EA,EA,95.000,0.000,00/00/0000
0000735093,U,EBELN,204,BANF,0010000269,204001000026900010,EBAN,1,,,4500000232,,00/00/0000
0000735093,U,EBELP,204,BANF,0010000269,204001000026900010,EBAN,1,,,00010,00000,00/00/0000
0000735095,I,KEY,204,BANF,0010000270,204001000027000010,EBAN,1,,,,,00/00/0000
0000735098,U,BEDAT,204,BANF,0010000270,204001000027000010,EBAN,1,,,20260601,00000000,00/00/0000
0000735098,U,BSMNG,204,BANF,0010000270,204001000027000010,EBAN,1,EA,EA,,,
0000735834,U,BANKN,204,BUPA_BUP,0000105800,20400001058000001,BUT0BK,1,,,6482309157,10011001,00/00/0000
0000735993,U,BANKL,204,BUPA_BUP,0000108800,20400001088000001,BUT0BK,1,,,820800001,011000390,00/00/0000
0000735993,U,BANKN,204,BUPA_BUP,0000108800,20400001088000001,BUT0BK,1,,,4729083150,283479234,00/00/0000
0000736392,U,BANKN,204,BUPA_BUP,0000109800,20400001098000001,BUT0BK,1,,,77420186,83429824,00/00/0000
0000735360,U,BANKN,204,BUPA_BUP,0001003070,204000100307001,BUT0BK,1,,,87654321,12345678,00/00/0000
0000735360,U,KOINH,204,BUPA_BUP,0001003070,204000100307001,BUT0BK,1,,,Silvia Cassano,"Mid West Supply, Inc.",00/00/0000
0000735372,U,BANKN,204,BUPA_BUP,0001003070,204000100307001,BUT0BK,1,,,12345678,87654321,00/00/0000
0000735372,U,KOINH,204,BUPA_BUP,0001003070,204000100307001,BUT0BK,1,,,"Mid West Supply, Inc.",Silvia Cassano,00/00/0000
0000735454,U,BANKN,204,BUPA_BUP,0001003070,204000100307001,BUT0BK,1,,,87654321,12345678,00/00/0000
0000735454,U,KOINH,204,BUPA_BUP,0001003070,204000100307001,BUT0BK,1,,,Silvia Cassano,"Mid West Supply, Inc.",00/00/0000
0000735466,U,BANKN,204,BUPA_BUP,0001003070,204000100307001,BUT0BK,1,,,12345678,87654321,00/00/0000
0000735466,U,KOINH,204,BUPA_BUP,0001003070,204000100307001,BUT0BK,1,,,"Mid West Supply, Inc.",Silvia Cassano,00/00/0000
0000735563,U,BANKN,204,BUPA_BUP,0001003070,204000100307001,BUT0BK,1,,,87654321,12345678,00/00/0000
0000735563,U,KOINH,204,BUPA_BUP,0001003070,204000100307001,BUT0BK,1,,,Silvia Cassano,"Mid West Supply, Inc.",00/00/0000
0000735610,U,BANKN,204,BUPA_BUP,0001003070,204000100307001,BUT0BK,1,,,12345678,87654321,00/00/0000
0000735610,U,KOINH,204,BUPA_BUP,0001003070,204000100307001,BUT0BK,1,,,"Mid West Supply, Inc.",Silvia Cassano,00/00/0000
0000735827,U,BANKN,204,BUPA_BUP,0001003070,204000100307001,BUT0BK,1,,,87654321,12345678,00/00/0000
0000735827,U,KOINH,204,BUPA_BUP,0001003070,204000100307001,BUT0BK,1,,,Silvia Cassano,"Mid West Supply, Inc.",00/00/0000
0000735851,U,BANKN,204,BUPA_BUP,0001003070,204000100307001,BUT0BK,1,,,12345678,87654321,00/00/0000
0000735851,U,KOINH,204,BUPA_BUP,0001003070,204000100307001,BUT0BK,1,,,"Mid West Supply, Inc.",Silvia Cassano,00/00/0000
0000736385,U,BANKN,204,BUPA_BUP,0001003070,204000100307001,BUT0BK,1,,,87654321,12345678,00/00/0000
0000736385,U,KOINH,204,BUPA_BUP,0001003070,204000100307001,BUT0BK,1,,,Silvia Cassano,"Mid West Supply, Inc.",00/00/0000
0000736390,U,BANKN,204,BUPA_BUP,0001003070,204000100307001,BUT0BK,1,,,12345678,87654321,00/00/0000
0000736390,U,KOINH,204,BUPA_BUP,0001003070,204000100307001,BUT0BK,1,,,"Mid West Supply, Inc.",Silvia Cassano,00/00/0000
0000736394,U,BANKN,204,BUPA_BUP,0001003070,204000100307001,BUT0BK,1,,,87654321,12345678,00/00/0000
0000736394,U,KOINH,204,BUPA_BUP,0001003070,204000100307001,BUT0BK,1,,,Silvia Cassano,"Mid West Supply, Inc.",00/00/0000
0000736396,U,BANKN,204,BUPA_BUP,0001003070,204000100307001,BUT0BK,1,,,12345678,87654321,00/00/0000
0000736396,U,KOINH,204,BUPA_BUP,0001003070,204000100307001,BUT0BK,1,,,"Mid West Supply, Inc.",Silvia Cassano,00/00/0000
0000735008,I,KEY,204,EINKBELEG,4500000216,2044500000216,EKKO,1,,,,,00/00/0000
0000735013,I,KEY,204,EINKBELEG,4500000217,2044500000217,EKKO,1,,,,,00/00/0000
0000735020,I,KEY,204,EINKBELEG,4500000218,2044500000218,EKKO,1,,,,,00/00/0000
0000735025,I,KEY,204,EINKBELEG,4500000219,2044500000219,EKKO,1,,,,,00/00/0000
0000735032,I,KEY,204,EINKBELEG,4500000220,2044500000220,EKKO,1,,,,,00/00/0000
0000735037,I,KEY,204,EINKBELEG,4500000221,2044500000221,EKKO,1,,,,,00/00/0000
0000735042,I,KEY,204,EINKBELEG,4500000222,2044500000222,EKKO,1,,,,,00/00/0000
0000735047,I,KEY,204,EINKBELEG,4500000223,2044500000223,EKKO,1,,,,,00/00/0000
0000735052,I,KEY,204,EINKBELEG,4500000224,2044500000224,EKKO,1,,,,,00/00/0000
0000735057,I,KEY,204,EINKBELEG,4500000225,2044500000225,EKKO,1,,,,,00/00/0000
0000735062,I,KEY,204,EINKBELEG,4500000226,2044500000226,EKKO,1,,,,,00/00/0000
0000735067,I,KEY,204,EINKBELEG,4500000227,2044500000227,EKKO,1,,,,,00/00/0000
0000735072,I,KEY,204,EINKBELEG,4500000228,2044500000228,EKKO,1,,,,,00/00/0000
0000735077,I,KEY,204,EINKBELEG,4500000229,2044500000229,EKKO,1,,,,,00/00/0000
0000735082,I,KEY,204,EINKBELEG,4500000230,2044500000230,EKKO,1,,,,,00/00/0000
0000735087,I,KEY,204,EINKBELEG,4500000231,2044500000231,EKKO,1,,,,,00/00/0000
0000735092,I,KEY,204,EINKBELEG,4500000232,2044500000232,EKKO,1,,,,,00/00/0000
0000735097,I,KEY,204,EINKBELEG,4500000233,2044500000233,EKKO,1,,,,,00/00/0000
0000735102,I,KEY,204,EINKBELEG,4500000234,2044500000234,EKKO,1,,,,,00/00/0000
0000735107,I,KEY,204,EINKBELEG,4500000235,2044500000235,EKKO,1,,,,,00/00/0000
0000735114,I,KEY,204,EINKBELEG,4500000236,2044500000236,EKKO,1,,,,,00/00/0000
0000735119,I,KEY,204,EINKBELEG,4500000237,2044500000237,EKKO,1,,,,,00/00/0000
0000735126,I,KEY,204,EINKBELEG,4500000238,2044500000238,EKKO,1,,,,,00/00/0000
0000735131,I,KEY,204,EINKBELEG,4500000239,2044500000239,EKKO,1,,,,,00/00/0000
0000735136,I,KEY,204,EINKBELEG,4500000240,2044500000240,EKKO,1,,,,,00/00/0000
0000735141,I,KEY,204,EINKBELEG,4500000241,2044500000241,EKKO,1,,,,,00/00/0000
0000735146,I,KEY,204,EINKBELEG,4500000242,2044500000242,EKKO,1,,,,,00/00/0000
0000735151,I,KEY,204,EINKBELEG,4500000243,2044500000243,EKKO,1,,,,,00/00/0000
0000735156,I,KEY,204,EINKBELEG,4500000244,2044500000244,EKKO,1,,,,,00/00/0000
0000735161,I,KEY,204,EINKBELEG,4500000245,2044500000245,EKKO,1,,,,,00/00/0000
0000735166,I,KEY,204,EINKBELEG,4500000246,2044500000246,EKKO,1,,,,,00/00/0000
0000735171,I,KEY,204,EINKBELEG,4500000247,2044500000247,EKKO,1,,,,,00/00/0000
0000735176,I,KEY,204,EINKBELEG,4500000248,2044500000248,EKKO,1,,,,,00/00/0000
0000735181,I,KEY,204,EINKBELEG,4500000249,2044500000249,EKKO,1,,,,,00/00/0000
0000735186,I,KEY,204,EINKBELEG,4500000250,2044500000250,EKKO,1,,,,,00/00/0000
0000735191,I,KEY,204,EINKBELEG,4500000251,2044500000251,EKKO,1,,,,,00/00/0000
0000735196,I,KEY,204,EINKBELEG,4500000252,2044500000252,EKKO,1,,,,,00/00/0000
0000735201,I,KEY,204,EINKBELEG,4500000253,2044500000253,EKKO,1,,,,,00/00/0000
0000735206,I,KEY,204,EINKBELEG,4500000254,2044500000254,EKKO,1,,,,,00/00/0000
0000735211,I,KEY,204,EINKBELEG,4500000255,2044500000255,EKKO,1,,,,,00/00/0000
0000735216,I,KEY,204,EINKBELEG,4500000256,2044500000256,EKKO,1,,,,,00/00/0000
0000735223,I,KEY,204,EINKBELEG,4500000257,2044500000257,EKKO,1,,,,,00/00/0000
0000735228,I,KEY,204,EINKBELEG,4500000258,2044500000258,EKKO,1,,,,,00/00/0000
0000735233,I,KEY,204,EINKBELEG,4500000259,2044500000259,EKKO,1,,,,,00/00/0000
0000735238,I,KEY,204,EINKBELEG,4500000260,2044500000260,EKKO,1,,,,,00/00/0000
0000735243,I,KEY,204,EINKBELEG,4500000261,2044500000261,EKKO,1,,,,,00/00/0000
0000735248,I,KEY,204,EINKBELEG,4500000262,2044500000262,EKKO,1,,,,,00/00/0000
0000735255,I,KEY,204,EINKBELEG,4500000263,2044500000263,EKKO,1,,,,,00/00/0000
0000735260,I,KEY,204,EINKBELEG,4500000264,2044500000264,EKKO,1,,,,,00/00/0000
0000735265,I,KEY,204,EINKBELEG,4500000265,2044500000265,EKKO,1,,,,,00/00/0000
0000735272,I,KEY,204,EINKBELEG,4500000266,2044500000266,EKKO,1,,,,,00/00/0000
0000735277,I,KEY,204,EINKBELEG,4500000267,2044500000267,EKKO,1,,,,,00/00/0000
0000735282,I,KEY,204,EINKBELEG,4500000268,2044500000268,EKKO,1,,,,,00/00/0000
0000735287,I,KEY,204,EINKBELEG,4500000269,2044500000269,EKKO,1,,,,,00/00/0000
0000735294,I,KEY,204,EINKBELEG,4500000270,2044500000270,EKKO,1,,,,,00/00/0000
0000735297,I,KEY,204,EINKBELEG,4500000271,2044500000271,EKKO,1,,,,,00/00/0000
0000735304,I,KEY,204,EINKBELEG,4500000272,2044500000272,EKKO,1,,,,,00/00/0000
0000735307,I,KEY,204,EINKBELEG,4500000273,2044500000273,EKKO,1,,,,,00/00/0000
0000735312,I,KEY,204,EINKBELEG,4500000274,2044500000274,EKKO,1,,,,,00/00/0000
0000735319,I,KEY,204,EINKBELEG,4500000275,2044500000275,EKKO,1,,,,,00/00/0000
0000735324,I,KEY,204,EINKBELEG,4500000276,2044500000276,EKKO,1,,,,,00/00/0000
0000735329,I,KEY,204,EINKBELEG,4500000277,2044500000277,EKKO,1,,,,,00/00/0000
0000735334,I,KEY,204,EINKBELEG,4500000278,2044500000278,EKKO,1,,,,,00/00/0000
0000735339,I,KEY,204,EINKBELEG,4500000279,2044500000279,EKKO,1,,,,,00/00/0000
0000735344,I,KEY,204,EINKBELEG,4500000280,2044500000280,EKKO,1,,,,,00/00/0000
0000735349,I,KEY,204,EINKBELEG,4500000281,2044500000281,EKKO,1,,,,,00/00/0000
0000735354,I,KEY,204,EINKBELEG,4500000282,2044500000282,EKKO,1,,,,,00/00/0000
0000735361,I,KEY,204,EINKBELEG,4500000283,2044500000283,EKKO,1,,,,,00/00/0000
0000735366,I,KEY,204,EINKBELEG,4500000284,2044500000284,EKKO,1,,,,,00/00/0000
0000735373,I,KEY,204,EINKBELEG,4500000285,2044500000285,EKKO,1,,,,,00/00/0000
0000735378,I,KEY,204,EINKBELEG,4500000286,2044500000286,EKKO,1,,,,,00/00/0000
0000735383,I,KEY,204,EINKBELEG,4500000287,2044500000287,EKKO,1,,,,,00/00/0000
0000735388,I,KEY,204,EINKBELEG,4500000288,2044500000288,EKKO,1,,,,,00/00/0000
0000735393,I,KEY,204,EINKBELEG,4500000289,2044500000289,EKKO,1,,,,,00/00/0000
0000735398,I,KEY,204,EINKBELEG,4500000290,2044500000290,EKKO,1,,,,,00/00/0000
0000735403,I,KEY,204,EINKBELEG,4500000291,2044500000291,EKKO,1,,,,,00/00/0000
0000735408,I,KEY,204,EINKBELEG,4500000292,2044500000292,EKKO,1,,,,,00/00/0000
0000735413,I,KEY,204,EINKBELEG,4500000293,2044500000293,EKKO,1,,,,,00/00/0000
0000735418,I,KEY,204,EINKBELEG,4500000294,2044500000294,EKKO,1,,,,,00/00/0000
0000735423,I,KEY,204,EINKBELEG,4500000295,2044500000295,EKKO,1,,,,,00/00/0000
0000735428,I,KEY,204,EINKBELEG,4500000296,2044500000296,EKKO,1,,,,,00/00/0000
0000735433,I,KEY,204,EINKBELEG,4500000297,2044500000297,EKKO,1,,,,,00/00/0000
0000735438,I,KEY,204,EINKBELEG,4500000298,2044500000298,EKKO,1,,,,,00/00/0000
0000735443,I,KEY,204,EINKBELEG,4500000299,2044500000299,EKKO,1,,,,,00/00/0000
0000735448,I,KEY,204,EINKBELEG,4500000300,2044500000300,EKKO,1,,,,,00/00/0000
0000735455,I,KEY,204,EINKBELEG,4500000301,2044500000301,EKKO,1,,,,,00/00/0000
0000735462,I,KEY,204,EINKBELEG,4500000302,2044500000302,EKKO,1,,,,,00/00/0000
0000735467,I,KEY,204,EINKBELEG,4500000303,2044500000303,EKKO,1,,,,,
0000735833,E,BANK_GUID,204,KRED,0000105800,2040000105800US 820800001      10011001,LFBK,1,,,,00000000000000000000000000000000,00/00/0000
0000735833,E,BKONT,204,KRED,0000105800,2040000105800US 820800001      10011001,LFBK,1,,,,,00/00/0000
0000735833,E,BKREF,204,KRED,0000105800,2040000105800US 820800001      10011001,LFBK,1,,,,,00/00/0000
0000735833,E,BVTYP,204,KRED,0000105800,2040000105800US 820800001      10011001,LFBK,1,,,,0001,00/00/0000
0000735833,E,EBPP_ACCNAME,204,KRED,0000105800,2040000105800US 820800001      10011001,LFBK,1,,,,,00/00/0000
0000735833,E,EBPP_BVSTATUS,204,KRED,0000105800,2040000105800US 820800001      10011001,LFBK,1,,,,,00/00/0000
0000735833,E,KOBIS,204,KRED,0000105800,2040000105800US 820800001      10011001,LFBK,1,,,,00000000,00/00/0000
0000735833,E,KOINH,204,KRED,0000105800,2040000105800US 820800001      10011001,LFBK,1,,,,"Space Bike Composites, Inc.",00/00/0000
0000735833,E,KOVON,204,KRED,0000105800,2040000105800US 820800001      10011001,LFBK,1,,,,00000000,00/00/0000
0000735833,E,XEZER,204,KRED,0000105800,2040000105800US 820800001      10011001,LFBK,1,,,,,00/00/0000
0000735833,I,KEY,204,KRED,0000105800,2040000105800US 820800001      6482309157,LFBK,1,,,,,00/00/0000
0000735251,I,KEY,204,KRED,0000107800,2040000107800US 011000390      119704638,LFBK,1,,,,,00/00/0000
0000735251,E,BANK_GUID,204,KRED,0000107800,2040000107800US ABNAUS33XXX    981374981,LFBK,1,,,,00000000000000000000000000000000,00/00/0000
0000735251,E,BKONT,204,KRED,0000107800,2040000107800US ABNAUS33XXX    981374981,LFBK,1,,,,,00/00/0000
0000735251,E,BKREF,204,KRED,0000107800,2040000107800US ABNAUS33XXX    981374981,LFBK,1,,,,,00/00/0000
0000735251,E,BVTYP,204,KRED,0000107800,2040000107800US ABNAUS33XXX    981374981,LFBK,1,,,,0001,00/00/0000
0000735251,E,EBPP_ACCNAME,204,KRED,0000107800,2040000107800US ABNAUS33XXX    981374981,LFBK,1,,,,,00/00/0000
0000735251,E,EBPP_BVSTATUS,204,KRED,0000107800,2040000107800US ABNAUS33XXX    981374981,LFBK,1,,,,,00/00/0000
0000735251,E,KOBIS,204,KRED,0000107800,2040000107800US ABNAUS33XXX    981374981,LFBK,1,,,,00000000,00/00/0000
0000735251,E,KOINH,204,KRED,0000107800,2040000107800US ABNAUS33XXX    981374981,LFBK,1,,,,"Spy Gear, Inc.",00/00/0000
0000735251,E,KOVON,204,KRED,0000107800,2040000107800US ABNAUS33XXX    981374981,LFBK,1,,,,00000000,00/00/0000
0000735251,E,XEZER,204,KRED,0000107800,2040000107800US ABNAUS33XXX    981374981,LFBK,1,,,,,00/00/0000
0000735992,E,BANK_GUID,204,KRED,0000108800,2040000108800US 011000390      283479234,LFBK,1,,,,00000000000000000000000000000000,00/00/0000
0000735992,E,BKONT,204,KRED,0000108800,2040000108800US 011000390      283479234,LFBK,1,,,,,00/00/0000
0000735992,E,BKREF,204,KRED,0000108800,2040000108800US 011000390      283479234,LFBK,1,,,,,00/00/0000
0000735992,E,BVTYP,204,KRED,0000108800,2040000108800US 011000390      283479234,LFBK,1,,,,0001,00/00/0000
0000735992,E,EBPP_ACCNAME,204,KRED,0000108800,2040000108800US 011000390      283479234,LFBK,1,,,,,00/00/0000
0000735992,E,EBPP_BVSTATUS,204,KRED,0000108800,2040000108800US 011000390      283479234,LFBK,1,,,,,00/00/0000
0000735992,E,KOBIS,204,KRED,0000108800,2040000108800US 011000390      283479234,LFBK,1,,,,00000000,00/00/0000
0000735992,E,KOINH,204,KRED,0000108800,2040000108800US 011000390      283479234,LFBK,1,,,,Rapids Nuts n Bolts LLC,00/00/0000
0000735992,E,KOVON,204,KRED,0000108800,2040000108800US 011000390      283479234,LFBK,1,,,,00000000,00/00/0000
0000735992,E,XEZER,204,KRED,0000108800,2040000108800US 011000390      283479234,LFBK,1,,,,,00/00/0000
0000735992,I,KEY,204,KRED,0000108800,2040000108800US 820800001      4729083150,LFBK,1,,,,,00/00/0000
0000735018,E,BANK_GUID,204,KRED,0001003070,2040001003070US ABNAUS33XXX    12345678,LFBK,1,,,,00000000000000000000000000000000,00/00/0000
0000735018,E,BKONT,204,KRED,0001003070,2040001003070US ABNAUS33XXX    12345678,LFBK,1,,,,,00/00/0000
0000735018,E,BKREF,204,KRED,0001003070,2040001003070US ABNAUS33XXX    12345678,LFBK,1,,,,,00/00/0000
0000735018,E,BVTYP,204,KRED,0001003070,2040001003070US ABNAUS33XXX    12345678,LFBK,1,,,,01,00/00/0000
0000735018,E,EBPP_ACCNAME,204,KRED,0001003070,2040001003070US ABNAUS33XXX    12345678,LFBK,1,,,,,00/00/0000
0000735018,E,EBPP_BVSTATUS,204,KRED,0001003070,2040001003070US ABNAUS33XXX    12345678,LFBK,1,,,,,00/00/0000
0000735018,E,KOBIS,204,KRED,0001003070,2040001003070US ABNAUS33XXX    12345678,LFBK,1,,,,00000000,00/00/0000
0000735018,E,KOINH,204,KRED,0001003070,2040001003070US ABNAUS33XXX    12345678,LFBK,1,,,,"Mid West Supply, Inc.",00/00/0000
0000735018,E,KOVON,204,KRED,0001003070,2040001003070US ABNAUS33XXX    12345678,LFBK,1,,,,00000000,00/00/0000
0000735018,E,XEZER,204,KRED,0001003070,2040001003070US ABNAUS33XXX    12345678,LFBK,1,,,,,00/00/0000
0000735018,I,KEY,204,KRED,0001003070,2040001003070US ABNAUS33XXX    87654321,LFBK,1,,,,,00/00/0000
0000735030,I,KEY,204,KRED,0001003070,2040001003070US ABNAUS33XXX    12345678,LFBK,1,,,,,00/00/0000
0000735030,E,BANK_GUID,204,KRED,0001003070,2040001003070US ABNAUS33XXX    87654321,LFBK,1,,,,00000000000000000000000000000000,00/00/0000
0000735030,E,BKONT,204,KRED,0001003070,2040001003070US ABNAUS33XXX    87654321,LFBK,1,,,,,00/00/0000
0000735030,E,BKREF,204,KRED,0001003070,2040001003070US ABNAUS33XXX    87654321,LFBK,1,,,,,00/00/0000
0000735030,E,BVTYP,204,KRED,0001003070,2040001003070US ABNAUS33XXX    87654321,LFBK,1,,,,01,00/00/0000
0000735030,E,EBPP_ACCNAME,204,KRED,0001003070,2040001003070US ABNAUS33XXX    87654321,LFBK,1,,,,,00/00/0000
0000735030,E,EBPP_BVSTATUS,204,KRED,0001003070,2040001003070US ABNAUS33XXX    87654321,LFBK,1,,,,,00/00/0000
0000735030,E,KOBIS,204,KRED,0001003070,2040001003070US ABNAUS33XXX    87654321,LFBK,1,,,,00000000,00/00/0000
0000735030,E,KOINH,204,KRED,0001003070,2040001003070US ABNAUS33XXX    87654321,LFBK,1,,,,Silvia Cassano,00/00/0000
0000735030,E,KOVON,204,KRED,0001003070,2040001003070US ABNAUS33XXX    87654321,LFBK,1,,,,00000000,00/00/0000
0000735030,E,XEZER,204,KRED,0001003070,2040001003070US ABNAUS33XXX    87654321,LFBK,1,,,,,00/00/0000
0000735112,E,BANK_GUID,204,KRED,0001003070,2040001003070US ABNAUS33XXX    12345678,LFBK,1,,,,00000000000000000000000000000000,00/00/0000
0000735112,E,BKONT,204,KRED,0001003070,2040001003070US ABNAUS33XXX    12345678,LFBK,1,,,,,00/00/0000
0000735112,E,BKREF,204,KRED,0001003070,2040001003070US ABNAUS33XXX    12345678,LFBK,1,,,,,00/00/0000
0000735112,E,BVTYP,204,KRED,0001003070,2040001003070US ABNAUS33XXX    12345678,LFBK,1,,,,01,00/00/0000
0000735112,E,EBPP_ACCNAME,204,KRED,0001003070,2040001003070US ABNAUS33XXX    12345678,LFBK,1,,,,,00/00/0000
0000735112,E,EBPP_BVSTATUS,204,KRED,0001003070,2040001003070US ABNAUS33XXX    12345678,LFBK,1,,,,,00/00/0000
0000735112,E,KOBIS,204,KRED,0001003070,2040001003070US ABNAUS33XXX    12345678,LFBK,1,,,,00000000,00/00/0000
0000735112,E,KOINH,204,KRED,0001003070,2040001003070US ABNAUS33XXX    12345678,LFBK,1,,,,"Mid West Supply, Inc.",00/00/0000
0000735112,E,KOVON,204,KRED,0001003070,2040001003070US ABNAUS33XXX    12345678,LFBK,1,,,,00000000,00/00/0000
0000735112,E,XEZER,204,KRED,0001003070,2040001003070US ABNAUS33XXX    12345678,LFBK,1,,,,,00/00/0000
0000735112,I,KEY,204,KRED,0001003070,2040001003070US ABNAUS33XXX    87654321,LFBK,1,,,,,00/00/0000
0000735124,I,KEY,204,KRED,0001003070,2040001003070US ABNAUS33XXX    12345678,LFBK,1,,,,,00/00/0000
0000735124,E,BANK_GUID,204,KRED,0001003070,2040001003070US ABNAUS33XXX    87654321,LFBK,1,,,,00000000000000000000000000000000,00/00/0000
0000735124,E,BKONT,204,KRED,0001003070,2040001003070US ABNAUS33XXX    87654321,LFBK,1,,,,,00/00/0000
0000735124,E,BKREF,204,KRED,0001003070,2040001003070US ABNAUS33XXX    87654321,LFBK,1,,,,,00/00/0000
0000735124,E,BVTYP,204,KRED,0001003070,2040001003070US ABNAUS33XXX    87654321,LFBK,1,,,,01,00/00/0000
0000735124,E,EBPP_ACCNAME,204,KRED,0001003070,2040001003070US ABNAUS33XXX    87654321,LFBK,1,,,,,00/00/0000
0000735124,E,EBPP_BVSTATUS,204,KRED,0001003070,2040001003070US ABNAUS33XXX    87654321,LFBK,1,,,,,00/00/0000
0000735124,E,KOBIS,204,KRED,0001003070,2040001003070US ABNAUS33XXX    87654321,LFBK,1,,,,00000000,00/00/0000
0000735124,E,KOINH,204,KRED,0001003070,2040001003070US ABNAUS33XXX    87654321,LFBK,1,,,,Silvia Cassano,00/00/0000
0000735124,E,KOVON,204,KRED,0001003070,2040001003070US ABNAUS33XXX    87654321,LFBK,1,,,,00000000,00/00/0000
0000735124,E,XEZER,204,KRED,0001003070,2040001003070US ABNAUS33XXX    87654321,LFBK,1,,,,,00/00/0000
0000735221,E,BANK_GUID,204,KRED,0001003070,2040001003070US ABNAUS33XXX    12345678,LFBK,1,,,,00000000000000000000000000000000,00/00/0000
0000735221,E,BKONT,204,KRED,0001003070,2040001003070US ABNAUS33XXX    12345678,LFBK,1,,,,,00/00/0000
0000735221,E,BKREF,204,KRED,0001003070,2040001003070US ABNAUS33XXX    12345678,LFBK,1,,,,,00/00/0000
0000735221,E,BVTYP,204,KRED,0001003070,2040001003070US ABNAUS33XXX    12345678,LFBK,1,,,,01,00/00/0000
0000735221,E,EBPP_ACCNAME,204,KRED,0001003070,2040001003070US ABNAUS33XXX    12345678,LFBK,1,,,,,00/00/0000
0000735221,E,EBPP_BVSTATUS,204,KRED,0001003070,2040001003070US ABNAUS33XXX    12345678,LFBK,1,,,,,00/00/0000
0000735221,E,KOBIS,204,KRED,0001003070,2040001003070US ABNAUS33XXX    12345678,LFBK,1,,,,00000000,00/00/0000
0000735221,E,KOINH,204,KRED,0001003070,2040001003070US ABNAUS33XXX    12345678,LFBK,1,,,,"Mid West Supply, Inc.",00/00/0000
0000735221,E,KOVON,204,KRED,0001003070,2040001003070US ABNAUS33XXX    12345678,LFBK,1,,,,00000000,00/00/0000
0000735221,E,XEZER,204,KRED,0001003070,2040001003070US ABNAUS33XXX    12345678,LFBK,1,,,,,00/00/0000
0000735221,I,KEY,204,KRED,0001003070,2040001003070US ABNAUS33XXX    87654321,LFBK,1,,,,,
