ADRNR,AFNAM,ARSNR,ARSPS,BADAT,BANFN,BATOL,BEDAT,BNFPO,BSART,BSMNG,BSTYP,BUMNG,BVDAT,BVDRK,CUOBJ,DAT01,DISPO,EBELN,EBELP,EKGRP,EKORG,ERDAT,ERNAM,ESTKZ,FRGDT,KTPNR,LFDAT,LIMIT_CONSUMPTION_VALUE,LPEIN,MANDT,MATKL,MATNR,MEINS,MENGE,MNG02,PACKNO,PEINH,PREIS,PSTYP,QUPOS,REPOS,RSNUM,STATU,TXZ01,WEBAZ,WEPOS,WERKS
0000130026,00000869,0000000000,0000,06/01/2026,0010000313,0,06/01/2026,00010,NB,71.000,B,0.000,00/00/0000,0,000000000000000000,00/00/0000,000,4500000275,00010,N00,US00,06/01/2026,LEARN-800,S,06/14/2026,00000,06/15/2026,0.00,1,204,SFTY,RHMT1800,EA,71.000,0.000,0000000000,1,26.02,0,000,X,0000000000,B,Straßenhelm,0,X,MI00
0000130028,00000869,0000000000,0000,06/01/2026,0010000314,0,06/01/2026,00010,NB,19.000,B,0.000,00/00/0000,0,000000000000000000,00/00/0000,000,4500000276,00010,N00,US00,06/01/2026,LEARN-800,S,06/14/2026,00000,06/15/2026,0.00,1,204,SFTY,KPAD1800,EA,19.000,0.000,0000000000,1,40.53,0,000,X,0000000000,B,Knieschoner,0,X,MI00
0000130030,00000869,0000000000,0000,06/01/2026,0010000315,0,06/01/2026,00010,NB,31.000,B,0.000,00/00/0000,0,000000000000000000,00/00/0000,000,4500000277,00010,N00,US00,06/01/2026,LEARN-800,S,06/14/2026,00000,06/15/2026,0.00,1,204,UTIL,FAID1800,EA,31.000,0.000,0000000000,1,24.78,0,000,X,0000000000,B,Verbandkasten,0,X,MI00
0000130032,00000869,0000000000,0000,06/01/2026,0010000316,0,06/01/2026,00010,NB,99.000,B,0.000,00/00/0000,0,000000000000000000,00/00/0000,000,4500000278,00010,N00,US00,06/01/2026,LEARN-800,S,06/09/2026,00000,06/15/2026,0.00,1,204,UTIL,CHSP1800,EA,99.000,0.000,0000000000,1,28.54,0,000,X,0000000000,B,Kettenschloss Security Pro 800,0,X,MI00
0000130034,00000869,0000000000,0000,06/01/2026,0010000317,0,06/01/2026,00010,NB,230.000,B,0.000,00/00/0000,0,000000000000000000,00/00/0000,000,4500000279,00010,N00,US00,06/01/2026,LEARN-800,S,06/14/2026,00000,06/15/2026,0.00,1,204,UTIL,BOTL1800,EA,230.000,0.000,0000000000,1,10.73,0,000,X,0000000000,B,Wasserflasche,0,X,MI00
0000130036,00000869,0000000000,0000,06/01/2026,0010000318,0,06/01/2026,00010,NB,40.000,B,0.000,00/00/0000,0,000000000000000000,00/00/0000,000,4500000280,00010,N00,US00,06/01/2026,LEARN-800,S,06/21/2026,00000,06/22/2026,0.00,1,204,UTIL,FAID1800,EA,40.000,0.000,0000000000,1,25.74,0,000,X,0000000000,B,Verbandkasten,0,X,MI00
0000130038,00000869,0000000000,0000,06/01/2026,0010000319,0,06/01/2026,00010,NB,57.000,B,0.000,00/00/0000,0,000000000000000000,00/00/0000,000,4500000281,00010,N00,US00,06/01/2026,LEARN-800,S,06/16/2026,00000,06/22/2026,0.00,1,204,UTIL,CHLK1800,EA,57.000,0.000,0000000000,1,33.79,0,000,X,0000000000,B,Kettenschloss 800,0,X,MI00
0000130040,00000869,0000000000,0000,06/01/2026,0010000320,0,06/01/2026,00010,NB,215.000,B,0.000,00/00/0000,0,000000000000000000,00/00/0000,000,4500000282,00010,N00,US00,06/01/2026,LEARN-800,S,06/21/2026,00000,06/22/2026,0.00,1,204,UTIL,BOTL1800,EA,215.000,0.000,0000000000,1,11.28,0,000,X,0000000000,B,Wasserflasche,0,X,MI00
0000130042,00000869,0000000000,0000,06/01/2026,0010000321,0,06/01/2026,00010,NB,135.000,B,0.000,00/00/0000,0,000000000000000000,00/00/0000,000,4500000283,00010,N00,US00,06/01/2026,LEARN-800,S,06/21/2026,00000,06/22/2026,0.00,1,204,UTIL,SHRT1800,EA,135.000,0.000,0000000000,1,14.32,0,000,X,0000000000,B,T - Shirt,0,X,MI00
0000130044,00000869,0000000000,0000,06/01/2026,0010000322,0,06/01/2026,00010,NB,38.000,B,0.000,00/00/0000,0,000000000000000000,00/00/0000,000,4500000284,00010,N00,US00,06/01/2026,LEARN-800,S,06/21/2026,00000,06/22/2026,0.00,1,204,UTIL,FAID1800,EA,38.000,0.000,0000000000,1,24.93,0,000,X,0000000000,B,Verbandkasten,0,X,MI00
0000130046,00000869,0000000000,0000,06/01/2026,0010000323,0,06/01/2026,00010,NB,61.000,B,0.000,00/00/0000,0,000000000000000000,00/00/0000,000,4500000285,00010,N00,US00,06/01/2026,LEARN-800,S,06/11/2026,00000,06/17/2026,0.00,1,204,UTIL,CHLK1800,EA,61.000,0.000,0000000000,1,34.22,0,000,X,0000000000,B,Kettenschloss 800,0,X,MI00
0000130048,00000869,0000000000,0000,06/01/2026,0010000324,0,06/01/2026,00010,NB,130.000,B,0.000,00/00/0000,0,000000000000000000,00/00/0000,000,4500000286,00010,N00,US00,06/01/2026,LEARN-800,S,06/16/2026,00000,06/17/2026,0.00,1,204,UTIL,SHRT1800,EA,130.000,0.000,0000000000,1,13.96,0,000,X,0000000000,B,T - Shirt,0,X,MI00
0000130050,00000869,0000000000,0000,06/01/2026,0010000325,0,06/01/2026,00010,NB,176.000,B,0.000,00/00/0000,0,000000000000000000,00/00/0000,000,4500000287,00010,N00,US00,06/01/2026,LEARN-800,S,06/16/2026,00000,06/17/2026,0.00,1,204,UTIL,RKIT1800,EA,176.000,0.000,0000000000,1,15.27,0,000,X,0000000000,B,Flickzeug,0,X,MI00
0000130052,00000869,0000000000,0000,06/01/2026,0010000326,0,06/01/2026,00010,NB,225.000,B,0.000,00/00/0000,0,000000000000000000,00/00/0000,000,4500000288,00010,N00,US00,06/01/2026,LEARN-800,S,06/16/2026,00000,06/17/2026,0.00,1,204,UTIL,BOTL1800,EA,225.000,0.000,0000000000,1,11.03,0,000,X,0000000000,B,Wasserflasche,0,X,MI00
0000130054,00000869,0000000000,0000,06/01/2026,0010000327,0,06/01/2026,00010,NB,64.000,B,0.000,00/00/0000,0,000000000000000000,00/00/0000,000,4500000289,00010,N00,US00,06/01/2026,LEARN-800,S,06/16/2026,00000,06/22/2026,0.00,1,204,UTIL,CHLK1800,EA,64.000,0.000,0000000000,1,33.61,0,000,X,0000000000,B,Kettenschloss 800,0,X,MI00
0000130056,00000869,0000000000,0000,06/01/2026,0010000328,0,06/01/2026,00010,NB,19.000,B,0.000,00/00/0000,0,000000000000000000,00/00/0000,000,4500000290,00010,N00,US00,06/01/2026,LEARN-800,S,06/21/2026,00000,06/22/2026,0.00,1,204,SFTY,EPAD1800,EA,19.000,0.000,0000000000,1,40.55,0,000,X,0000000000,B,Ellenbogenschoner,0,X,MI00
0000130058,00000869,0000000000,0000,06/01/2026,0010000329,0,06/01/2026,00010,NB,215.000,B,0.000,00/00/0000,0,000000000000000000,00/00/0000,000,4500000291,00010,N00,US00,06/01/2026,LEARN-800,S,06/21/2026,00000,06/22/2026,0.00,1,204,UTIL,BOTL1800,EA,215.000,0.000,0000000000,1,11.16,0,000,X,0000000000,B,Wasserflasche,0,X,MI00
0000130060,00000869,0000000000,0000,06/01/2026,0010000330,0,06/01/2026,00010,NB,205.000,B,0.000,00/00/0000,0,000000000000000000,00/00/0000,000,4500000292,00010,N00,US00,06/01/2026,LEARN-800,S,06/21/2026,00000,06/22/2026,0.00,1,204,UTIL,BOTL1800,EA,205.000,0.000,0000000000,1,10.71,0,000,X,0000000000,B,Wasserflasche,0,X,MI00
0000130062,00000869,0000000000,0000,06/01/2026,0010000331,0,06/01/2026,00010,NB,21.000,B,0.000,00/00/0000,0,000000000000000000,00/00/0000,000,4500000293,00010,N00,US00,06/01/2026,LEARN-800,S,06/21/2026,00000,06/22/2026,0.00,1,204,SFTY,KPAD1800,EA,21.000,0.000,0000000000,1,40.35,0,000,X,0000000000,B,Knieschoner,0,X,MI00
0000130064,00000869,0000000000,0000,06/01/2026,0010000332,0,06/01/2026,00010,NB,215.000,B,0.000,00/00/0000,0,000000000000000000,00/00/0000,000,4500000294,00010,N00,US00,06/01/2026,LEARN-800,S,06/21/2026,00000,06/22/2026,0.00,1,204,UTIL,CAGE1800,EA,215.000,0.000,0000000000,1,10.28,0,000,X,0000000000,B,Wasserflaschenhalter,0,X,MI00
0000130066,00000869,0000000000,0000,06/01/2026,0010000333,0,06/01/2026,00010,NB,220.000,B,0.000,00/00/0000,0,000000000000000000,00/00/0000,000,4500000295,00010,N00,US00,06/01/2026,LEARN-800,S,06/18/2026,00000,06/19/2026,0.00,1,204,UTIL,BOTL1800,EA,220.000,0.000,0000000000,1,11.18,0,000,X,0000000000,B,Wasserflasche,0,X,MI00
0000130068,00000869,0000000000,0000,06/01/2026,0010000334,0,06/01/2026,00010,NB,195.000,B,0.000,00/00/0000,0,000000000000000000,00/00/0000,000,4500000296,00010,N00,US00,06/01/2026,LEARN-800,S,06/18/2026,00000,06/19/2026,0.00,1,204,UTIL,BOTL1800,EA,195.000,0.000,0000000000,1,11.14,0,000,X,0000000000,B,Wasserflasche,0,X,MI00
0000130070,00000869,0000000000,0000,06/01/2026,0010000335,0,06/01/2026,00010,NB,95.000,B,0.000,00/00/0000,0,000000000000000000,00/00/0000,000,4500000297,00010,N00,US00,06/01/2026,LEARN-800,S,06/13/2026,00000,06/19/2026,0.00,1,204,UTIL,CHSP1800,EA,95.000,0.000,0000000000,1,27.47,0,000,X,0000000000,B,Kettenschloss Security Pro 800,0,X,MI00
0000130072,00000869,0000000000,0000,06/01/2026,0010000336,0,06/01/2026,00010,NB,205.000,B,0.000,00/00/0000,0,000000000000000000,00/00/0000,000,4500000298,00010,N00,US00,06/01/2026,LEARN-800,S,06/21/2026,00000,06/22/2026,0.00,1,204,UTIL,SHRT1800,EA,205.000,0.000,0000000000,1,14.42,0,000,X,0000000000,B,T - Shirt,0,X,MI00
0000130074,00000869,0000000000,0000,06/01/2026,0010000337,0,06/01/2026,00010,NB,108.000,B,0.000,00/00/0000,0,000000000000000000,00/00/0000,000,4500000299,00010,N00,US00,06/01/2026,LEARN-800,S,06/21/2026,00000,06/22/2026,0.00,1,204,SFTY,KPAD1800,EA,108.000,0.000,0000000000,1,40.03,0,000,X,0000000000,B,Knieschoner,0,X,MI00
0000130076,00000869,0000000000,0000,06/01/2026,0010000338,0,06/01/2026,00010,NB,150.000,B,0.000,00/00/0000,0,000000000000000000,00/00/0000,000,4500000300,00010,N00,US00,06/01/2026,LEARN-800,S,06/21/2026,00000,06/22/2026,0.00,1,204,UTIL,SHRT1800,EA,150.000,0.000,0000000000,1,14.17,0,000,X,0000000000,B,T - Shirt,0,X,MI00
0000130078,00000869,0000000000,0000,06/01/2026,0010000339,0,06/01/2026,00010,NB,31.000,B,0.000,00/00/0000,0,000000000000000000,00/00/0000,000,4500000301,00010,N00,US00,06/01/2026,LEARN-800,S,06/21/2026,00000,06/22/2026,0.00,1,204,UTIL,FAID1800,EA,31.000,0.000,0000000000,1,24.79,0,000,X,0000000000,B,Verbandkasten,0,X,MI00
0000130080,00000869,0000000000,0000,06/01/2026,0010000340,0,06/01/2026,00010,NB,33.000,B,0.000,00/00/0000,0,000000000000000000,00/00/0000,000,4500000302,00010,N00,US00,06/01/2026,LEARN-800,S,06/21/2026,00000,06/22/2026,0.00,1,204,SFTY,RHMT1800,EA,33.000,0.000,0000000000,1,26.36,0,000,X,0000000000,B,Straßenhelm,0,X,MI00
0000130081,00000869,0000000000,0000,06/01/2026,0010000341,0,06/01/2026,00010,NB,30.000,B,0.000,00/00/0000,0,000000000000000000,00/00/0000,000,4500000303,00010,N00,US00,06/01/2026,LEARN-800,S,06/21/2026,00000,06/22/2026,0.00,1,204,SFTY,RHMT1800,EA,30.000,0.000,0000000000,1,25.62,0,000,X,0000000000,B,Straßenhelm,0,X,MI00
0000130084,00000869,0000000000,0000,06/01/2026,0010000342,0,06/01/2026,00010,NB,28.000,B,0.000,00/00/0000,0,000000000000000000,00/00/0000,000,4500000304,00010,N00,US00,06/01/2026,LEARN-800,S,06/21/2026,00000,06/22/2026,0.00,1,204,SFTY,RHMT1800,EA,28.000,0.000,0000000000,1,26.34,0,000,X,0000000000,B,Straßenhelm,0,X,MI00
0000130086,00000869,0000000000,0000,06/01/2026,0010000343,0,06/01/2026,00010,NB,20.000,B,0.000,00/00/0000,0,000000000000000000,00/00/0000,000,4500000305,00010,N00,US00,06/01/2026,LEARN-800,S,06/20/2026,00000,06/21/2026,0.00,1,204,SFTY,KPAD1800,EA,20.000,0.000,0000000000,1,40.13,0,000,X,0000000000,B,Knieschoner,0,X,MI00
0000130088,00000869,0000000000,0000,06/01/2026,0010000344,0,06/01/2026,00010,NB,147.000,B,0.000,00/00/0000,0,000000000000000000,00/00/0000,000,4500000306,00010,N00,US00,06/01/2026,LEARN-800,S,06/15/2026,00000,06/21/2026,0.00,1,204,UTIL,CHSP1800,EA,147.000,0.000,0000000000,1,27.71,0,000,X,0000000000,B,Kettenschloss Security Pro 800,0,X,MI00
0000130090,00000869,0000000000,0000,06/01/2026,0010000345,0,06/01/2026,00010,NB,88.000,B,0.000,00/00/0000,0,000000000000000000,00/00/0000,000,4500000307,00010,N00,US00,06/01/2026,LEARN-800,S,06/15/2026,00000,06/21/2026,0.00,1,204,UTIL,CHSP1800,EA,88.000,0.000,0000000000,1,28.76,0,000,X,0000000000,B,Kettenschloss Security Pro 800,0,X,MI00
0000130092,00000869,0000000000,0000,06/01/2026,0010000346,0,06/01/2026,00010,NB,125.000,B,0.000,00/00/0000,0,000000000000000000,00/00/0000,000,4500000308,00010,N00,US00,06/01/2026,LEARN-800,S,06/20/2026,00000,06/21/2026,0.00,1,204,UTIL,RKIT1800,EA,125.000,0.000,0000000000,1,15.28,0,000,X,0000000000,B,Flickzeug,0,X,MI00
0000130094,00000869,0000000000,0000,06/01/2026,0010000347,0,06/01/2026,00010,NB,108.000,B,0.000,00/00/0000,0,000000000000000000,00/00/0000,000,4500000309,00010,N00,US00,06/01/2026,LEARN-800,S,06/15/2026,00000,06/21/2026,0.00,1,204,UTIL,CHSP1800,EA,108.000,0.000,0000000000,1,27.46,0,000,X,0000000000,B,Kettenschloss Security Pro 800,0,X,MI00
0000130096,00000869,0000000000,0000,06/01/2026,0010000348,0,06/01/2026,00010,NB,22.000,B,0.000,00/00/0000,0,000000000000000000,00/00/0000,000,4500000310,00010,N00,US00,06/01/2026,LEARN-800,S,06/21/2026,00000,06/22/2026,0.00,1,204,SFTY,EPAD1800,EA,22.000,0.000,0000000000,1,40.16,0,000,X,0000000000,B,Ellenbogenschoner,0,X,MI00
0000130098,00000869,0000000000,0000,06/01/2026,0010000349,0,06/01/2026,00010,NB,31.000,B,0.000,00/00/0000,0,000000000000000000,00/00/0000,000,4500000311,00010,N00,US00,06/01/2026,LEARN-800,S,06/21/2026,00000,06/22/2026,0.00,1,204,SFTY,OHMT1800,EA,31.000,0.000,0000000000,1,26.39,0,000,X,0000000000,B,Geländehelm,0,X,MI00
0000130100,00000869,0000000000,0000,06/01/2026,0010000350,0,06/01/2026,00010,NB,100.000,B,0.000,00/00/0000,0,000000000000000000,00/00/0000,000,4500000312,00010,N00,US00,06/01/2026,LEARN-800,S,06/21/2026,00000,06/22/2026,0.00,1,204,UTIL,SHRT1800,EA,100.000,0.000,0000000000,1,13.94,0,000,X,0000000000,B,T - Shirt,0,X,MI00
0000130102,00000869,0000000000,0000,06/01/2026,0010000351,0,06/01/2026,00010,NB,155.000,B,0.000,00/00/0000,0,000000000000000000,00/00/0000,000,4500000313,00010,N00,US00,06/01/2026,LEARN-800,S,06/21/2026,00000,06/22/2026,0.00,1,204,UTIL,SHRT1800,EA,155.000,0.000,0000000000,1,13.74,0,000,X,0000000000,B,T - Shirt,0,X,MI00
0000130104,00000869,0000000000,0000,06/01/2026,0010000352,0,06/01/2026,00010,NB,235.000,B,0.000,00/00/0000,0,000000000000000000,00/00/0000,000,4500000314,00010,N00,US00,06/01/2026,LEARN-800,S,06/21/2026,00000,06/22/2026,0.00,1,204,UTIL,BOTL1800,EA,235.000,0.000,0000000000,1,11.19,0,000,X,0000000000,B,Wasserflasche,0,X,MI00
0000130106,00000869,0000000000,0000,06/01/2026,0010000353,0,06/01/2026,00010,NB,65.000,B,0.000,00/00/0000,0,000000000000000000,00/00/0000,000,4500000315,00010,N00,US00,06/01/2026,LEARN-800,S,06/18/2026,00000,06/19/2026,0.00,1,204,UTIL,FAID1800,EA,65.000,0.000,0000000000,1,24.35,0,000,X,0000000000,B,Verbandkasten,0,X,MI00
0000130108,00000869,0000000000,0000,06/01/2026,0010000354,0,06/01/2026,00010,NB,101.000,B,0.000,00/00/0000,0,000000000000000000,00/00/0000,000,4500000316,00010,N00,US00,06/01/2026,LEARN-800,S,06/18/2026,00000,06/19/2026,0.00,1,204,UTIL,RKIT1800,EA,101.000,0.000,0000000000,1,15.43,0,000,X,0000000000,B,Flickzeug,0,X,MI00
0000130110,00000869,0000000000,0000,06/01/2026,0010000355,0,06/01/2026,00010,NB,57.000,B,0.000,00/00/0000,0,000000000000000000,00/00/0000,000,4500000317,00010,N00,US00,06/01/2026,LEARN-800,S,06/20/2026,00000,06/26/2026,0.00,1,204,UTIL,CHLK1800,EA,57.000,0.000,0000000000,1,34.27,0,000,X,0000000000,B,Kettenschloss 800,0,X,MI00
0000130112,00000869,0000000000,0000,06/01/2026,0010000356,0,06/01/2026,00010,NB,110.000,B,0.000,00/00/0000,0,000000000000000000,00/00/0000,000,4500000318,00010,N00,US00,06/01/2026,LEARN-800,S,06/25/2026,00000,06/26/2026,0.00,1,204,UTIL,SHRT1800,EA,110.000,0.000,0000000000,1,13.77,0,000,X,0000000000,B,T - Shirt,0,X,MI00
0000130114,00000869,0000000000,0000,06/01/2026,0010000357,0,06/01/2026,00010,NB,31.000,B,0.000,00/00/0000,0,000000000000000000,00/00/0000,000,4500000319,00010,N00,US00,06/01/2026,LEARN-800,S,06/25/2026,00000,06/26/2026,0.00,1,204,SFTY,OHMT1800,EA,31.000,0.000,0000000000,1,25.97,0,000,X,0000000000,B,Geländehelm,0,X,MI00
0000130116,00000869,0000000000,0000,06/01/2026,0010000358,0,06/01/2026,00010,NB,84.000,B,0.000,00/00/0000,0,000000000000000000,00/00/0000,000,4500000320,00010,N00,US00,06/01/2026,LEARN-800,S,06/25/2026,00000,06/26/2026,0.00,1,204,UTIL,RKIT1800,EA,84.000,0.000,0000000000,1,14.61,0,000,X,0000000000,B,Flickzeug,0,X,MI00
0000130118,00000869,0000000000,0000,06/01/2026,0010000359,0,06/01/2026,00010,NB,117.000,B,0.000,00/00/0000,0,000000000000000000,00/00/0000,000,4500000321,00010,N00,US00,06/01/2026,LEARN-800,S,06/20/2026,00000,06/26/2026,0.00,1,204,UTIL,CHSP1800,EA,117.000,0.000,0000000000,1,27.68,0,000,X,0000000000,B,Kettenschloss Security Pro 800,0,X,MI00
0000130120,00000869,0000000000,0000,06/01/2026,0010000360,0,06/01/2026,00010,NB,28.000,B,0.000,00/00/0000,0,000000000000000000,00/00/0000,000,4500000322,00010,N00,US00,06/01/2026,LEARN-800,S,06/25/2026,00000,06/26/2026,0.00,1,204,SFTY,OHMT1800,EA,28.000,0.000,0000000000,1,25.90,0,000,X,0000000000,B,Geländehelm,0,X,MI00
0000130122,00000869,0000000000,0000,06/01/2026,0010000361,0,06/01/2026,00010,NB,18.000,B,0.000,00/00/0000,0,000000000000000000,00/00/0000,000,4500000323,00010,N00,US00,06/01/2026,LEARN-800,S,06/25/2026,00000,06/26/2026,0.00,1,204,SFTY,EPAD1800,EA,18.000,0.000,0000000000,1,39.05,0,000,X,0000000000,B,Ellenbogenschoner,0,X,MI00
0000130124,00000869,0000000000,0000,06/01/2026,0010000362,0,06/01/2026,00010,NB,19.000,B,0.000,00/00/0000,0,000000000000000000,00/00/0000,000,4500000324,00010,N00,US00,06/01/2026,LEARN-800,S,06/25/2026,00000,06/26/2026,0.00,1,204,UTIL,PUMP1800,EA,19.000,0.000,0000000000,1,23.25,0,000,X,0000000000,B,Luftpumpe,0,X,MI00
0000130126,00000869,0000000000,0000,06/01/2026,0010000363,0,06/01/2026,00010,NB,82.000,B,0.000,00/00/0000,0,000000000000000000,00/00/0000,000,4500000325,00010,N00,US00,06/01/2026,LEARN-800,S,06/22/2026,00000,06/23/2026,0.00,1,204,UTIL,RKIT1800,EA,82.000,0.000,0000000000,1,15.18,0,000,X,0000000000,B,Flickzeug,0,X,MI00
0000130128,00000869,0000000000,0000,06/01/2026,0010000364,0,06/01/2026,00010,NB,87.000,B,0.000,00/00/0000,0,000000000000000000,00/00/0000,000,4500000326,00010,N00,US00,06/01/2026,LEARN-800,S,06/22/2026,00000,06/23/2026,0.00,1,204,UTIL,RKIT1800,EA,87.000,0.000,0000000000,1,15.50,0,000,X,0000000000,B,Flickzeug,0,X,MI00
0000130130,00000869,0000000000,0000,06/01/2026,0010000365,0,06/01/2026,00010,NB,245.000,B,0.000,00/00/0000,0,000000000000000000,00/00/0000,000,4500000327,00010,N00,US00,06/01/2026,LEARN-800,S,06/22/2026,00000,06/23/2026,0.00,1,204,UTIL,BOTL1800,EA,245.000,0.000,0000000000,1,11.16,0,000,X,0000000000,B,Wasserflasche,0,X,MI00
0000130132,00000869,0000000000,0000,06/01/2026,0010000366,0,06/01/2026,00010,NB,48.000,B,0.000,00/00/0000,0,000000000000000000,00/00/0000,000,4500000328,00010,N00,US00,06/01/2026,LEARN-800,S,06/22/2026,00000,06/23/2026,0.00,1,204,UTIL,FAID1800,EA,48.000,0.000,0000000000,1,25.77,0,000,X,0000000000,B,Verbandkasten,0,X,MI00
0000130134,00000869,0000000000,0000,06/01/2026,0010000367,0,06/01/2026,00010,NB,165.000,B,0.000,00/00/0000,0,000000000000000000,00/00/0000,000,4500000329,00010,N00,US00,06/01/2026,LEARN-800,S,06/22/2026,00000,06/23/2026,0.00,1,204,UTIL,CAGE1800,EA,165.000,0.000,0000000000,1,10.37,0,000,X,0000000000,B,Wasserflaschenhalter,0,X,MI00
0000130136,00000869,0000000000,0000,06/01/2026,0010000368,0,06/01/2026,00010,NB,120.000,B,0.000,00/00/0000,0,000000000000000000,00/00/0000,000,4500000330,00010,N00,US00,06/01/2026,LEARN-800,S,06/22/2026,00000,06/23/2026,0.00,1,204,UTIL,SHRT1800,EA,120.000,0.000,0000000000,1,13.68,0,000,X,0000000000,B,T - Shirt,0,X,MI00
0000130138,00000869,0000000000,0000,06/01/2026,0010000369,0,06/01/2026,00010,NB,22.000,B,0.000,00/00/0000,0,000000000000000000,00/00/0000,000,4500000331,00010,N00,US00,06/01/2026,LEARN-800,S,06/27/2026,00000,06/28/2026,0.00,1,204,SFTY,EPAD1800,EA,22.000,0.000,0000000000,1,39.49,0,000,X,0000000000,B,Ellenbogenschoner,0,X,MI00
0000130140,00000869,0000000000,0000,06/01/2026,0010000370,0,06/01/2026,00010,NB,78.000,B,0.000,00/00/0000,0,000000000000000000,00/00/0000,000,4500000332,00010,N00,US00,06/01/2026,LEARN-800,S,06/27/2026,00000,06/28/2026,0.00,1,204,UTIL,RKIT1800,EA,78.000,0.000,0000000000,1,14.99,0,000,X,0000000000,B,Flickzeug,0,X,MI00
0000130142,00000869,0000000000,0000,06/01/2026,0010000371,0,06/01/2026,00010,NB,34.000,B,0.000,00/00/0000,0,000000000000000000,00/00/0000,000,4500000333,00010,N00,US00,06/01/2026,LEARN-800,S,06/27/2026,00000,06/28/2026,0.00,1,204,SFTY,RHMT1800,EA,34.000,0.000,0000000000,1,26.02,0,000,X,0000000000,B,Straßenhelm,0,X,MI00
0000130144,00000869,0000000000,0000,06/01/2026,0010000372,0,06/01/2026,00010,NB,130.000,B,0.000,00/00/0000,0,000000000000000000,00/00/0000,000,4500000334,00010,N00,US00,06/01/2026,LEARN-800,S,06/27/2026,00000,06/28/2026,0.00,1,204,UTIL,SHRT1800,EA,130.000,0.000,0000000000,1,13.74,0,000,X,0000000000,B,T - Shirt,0,X,MI00
0000130146,00000869,0000000000,0000,06/01/2026,0010000373,0,06/01/2026,00010,NB,31.000,B,0.000,00/00/0000,0,000000000000000000,00/00/0000,000,4500000335,00010,N00,US00,06/01/2026,LEARN-800,S,06/24/2026,00000,06/25/2026,0.00,1,204,SFTY,OHMT1800,EA,31.000,0.000,0000000000,1,26.27,0,000,X,0000000000,B,Geländehelm,0,X,MI00
0000130147,00000869,0000000000,0000,06/01/2026,0010000374,0,06/01/2026,00010,NB,28.000,B,0.000,00/00/0000,0,000000000000000000,00/00/0000,000,4500000336,00010,N00,US00,06/01/2026,LEARN-800,S,06/24/2026,00000,06/25/2026,0.00,1,204,UTIL,PUMP1800,EA,28.000,0.000,0000000000,1,22.70,0,000,X,0000000000,B,Luftpumpe,0,X,MI00
0000130150,00000869,0000000000,0000,06/01/2026,0010000375,0,06/01/2026,00010,NB,20.000,B,0.000,00/00/0000,0,000000000000000000,00/00/0000,000,4500000337,00010,N00,US00,06/01/2026,LEARN-800,S,06/24/2026,00000,06/25/2026,0.00,1,204,SFTY,EPAD1800,EA,20.000,0.000,0000000000,1,40.89,0,000,X,0000000000,B,Ellenbogenschoner,0,X,MI00
0000130151,00000869,0000000000,0000,06/01/2026,0010000376,0,06/01/2026,00010,NB,21.000,B,0.000,00/00/0000,0,000000000000000000,00/00/0000,000,4500000338,00010,N00,US00,06/01/2026,LEARN-800,S,06/24/2026,00000,06/25/2026,0.00,1,204,SFTY,EPAD1800,EA,21.000,0.000,0000000000,1,39.86,0,000,X,0000000000,B,Ellenbogenschoner,0,X,MI00
0000130154,00000869,0000000000,0000,06/01/2026,0010000377,0,06/01/2026,00010,NB,29.000,B,0.000,00/00/0000,0,000000000000000000,00/00/0000,000,4500000339,00010,N00,US00,06/01/2026,LEARN-800,S,06/27/2026,00000,06/28/2026,0.00,1,204,SFTY,RHMT1800,EA,29.000,0.000,0000000000,1,25.62,0,000,X,0000000000,B,Straßenhelm,0,X,MI00
0000130156,00000869,0000000000,0000,06/01/2026,0010000378,0,06/01/2026,00010,NB,19.000,B,0.000,00/00/0000,0,000000000000000000,00/00/0000,000,4500000340,00010,N00,US00,06/01/2026,LEARN-800,S,06/27/2026,00000,06/28/2026,0.00,1,204,SFTY,KPAD1800,EA,19.000,0.000,0000000000,1,40.14,0,000,X,0000000000,B,Knieschoner,0,X,MI00
0000130158,00000869,0000000000,0000,06/01/2026,0010000379,0,06/01/2026,00010,NB,29.000,B,0.000,00/00/0000,0,000000000000000000,00/00/0000,000,4500000341,00010,N00,US00,06/01/2026,LEARN-800,S,06/27/2026,00000,06/28/2026,0.00,1,204,SFTY,OHMT1800,EA,29.000,0.000,0000000000,1,26.84,0,000,X,0000000000,B,Geländehelm,0,X,MI00
0000130159,00000869,0000000000,0000,06/01/2026,0010000380,0,06/01/2026,00010,NB,61.000,B,0.000,00/00/0000,0,000000000000000000,00/00/0000,000,4500000342,00010,N00,US00,06/01/2026,LEARN-800,S,06/22/2026,00000,06/28/2026,0.00,1,204,UTIL,CHLK1800,EA,61.000,0.000,0000000000,1,34.34,0,000,X,0000000000,B,Kettenschloss 800,0,X,MI00
0000130162,00000869,0000000000,0000,06/01/2026,0010000381,0,06/01/2026,00010,NB,145.000,B,0.000,00/00/0000,0,000000000000000000,00/00/0000,000,4500000343,00010,N00,US00,06/01/2026,LEARN-800,S,06/27/2026,00000,06/28/2026,0.00,1,204,UTIL,CAGE1800,EA,145.000,0.000,0000000000,1,10.18,0,000,X,0000000000,B,Wasserflaschenhalter,0,X,MI00
0000130163,00000869,0000000000,0000,06/01/2026,0010000382,0,06/01/2026,00010,NB,59.000,B,0.000,00/00/0000,0,000000000000000000,00/00/0000,000,4500000344,00010,N00,US00,06/01/2026,LEARN-800,S,06/27/2026,00000,06/28/2026,0.00,1,204,UTIL,RKIT1800,EA,59.000,0.000,0000000000,1,15.20,0,000,X,0000000000,B,Flickzeug,0,X,MI00
0000130166,00000869,0000000000,0000,06/01/2026,0010000383,0,06/01/2026,00010,NB,170.000,B,0.000,00/00/0000,0,000000000000000000,00/00/0000,000,4500000345,00010,N00,US00,06/01/2026,LEARN-800,S,06/26/2026,00000,06/27/2026,0.00,1,204,UTIL,BOTL1800,EA,170.000,0.000,0000000000,1,10.98,0,000,X,0000000000,B,Wasserflasche,0,X,MI00
0000130168,00000869,0000000000,0000,06/01/2026,0010000384,0,06/01/2026,00010,NB,21.000,B,0.000,00/00/0000,0,000000000000000000,00/00/0000,000,4500000346,00010,N00,US00,06/01/2026,LEARN-800,S,06/26/2026,00000,06/27/2026,0.00,1,204,SFTY,EPAD1800,EA,21.000,0.000,0000000000,1,40.17,0,000,X,0000000000,B,Ellenbogenschoner,0,X,MI00
0000130170,00000869,0000000000,0000,06/01/2026,0010000385,0,06/01/2026,00010,NB,30.000,B,0.000,00/00/0000,0,000000000000000000,00/00/0000,000,4500000347,00010,N00,US00,06/01/2026,LEARN-800,S,06/26/2026,00000,06/27/2026,0.00,1,204,UTIL,PUMP1800,EA,30.000,0.000,0000000000,1,22.43,0,000,X,0000000000,B,Luftpumpe,0,X,MI00
0000130172,00000869,0000000000,0000,06/01/2026,0010000386,0,06/01/2026,00010,NB,82.000,B,0.000,00/00/0000,0,000000000000000000,00/00/0000,000,4500000348,00010,N00,US00,06/01/2026,LEARN-800,S,06/21/2026,00000,06/27/2026,0.00,1,204,UTIL,CHSP1800,EA,82.000,0.000,0000000000,1,28.78,0,000,X,0000000000,B,Kettenschloss Security Pro 800,0,X,MI00
0000130174,00000869,0000000000,0000,06/01/2026,0010000387,0,06/01/2026,00010,NB,130.000,B,0.000,00/00/0000,0,000000000000000000,00/00/0000,000,4500000349,00010,N00,US00,06/01/2026,LEARN-800,S,06/26/2026,00000,06/27/2026,0.00,1,204,UTIL,CAGE1800,EA,130.000,0.000,0000000000,1,10.24,0,000,X,0000000000,B,Wasserflaschenhalter,0,X,MI00
0000130176,00000869,0000000000,0000,06/01/2026,0010000388,0,06/01/2026,00010,NB,207.000,B,0.000,00/00/0000,0,000000000000000000,00/00/0000,000,4500000350,00010,N00,US00,06/01/2026,LEARN-800,S,06/22/2026,00000,06/28/2026,0.00,1,204,UTIL,CHSP1800,EA,207.000,0.000,0000000000,1,28.11,0,000,X,0000000000,B,Kettenschloss Security Pro 800,0,X,MI00
0000130178,00000869,0000000000,0000,06/01/2026,0010000389,0,06/01/2026,00010,NB,19.000,B,0.000,00/00/0000,0,000000000000000000,00/00/0000,000,4500000351,00010,N00,US00,06/01/2026,LEARN-800,S,06/27/2026,00000,06/28/2026,0.00,1,204,SFTY,KPAD1800,EA,19.000,0.000,0000000000,1,40.80,0,000,X,0000000000,B,Knieschoner,0,X,MI00
0000130180,00000869,0000000000,0000,06/01/2026,0010000390,0,06/01/2026,00010,NB,190.000,B,0.000,00/00/0000,0,000000000000000000,00/00/0000,000,4500000352,00010,N00,US00,06/01/2026,LEARN-800,S,06/27/2026,00000,06/28/2026,0.00,1,204,UTIL,BOTL1800,EA,190.000,0.000,0000000000,1,11.31,0,000,X,0000000000,B,Wasserflasche,0,X,MI00
0000130182,00000869,0000000000,0000,06/01/2026,0010000391,0,06/01/2026,00010,NB,40.000,B,0.000,00/00/0000,0,000000000000000000,00/00/0000,000,4500000353,00010,N00,US00,06/01/2026,LEARN-800,S,06/27/2026,00000,06/28/2026,0.00,1,204,UTIL,FAID1800,EA,40.000,0.000,0000000000,1,24.69,0,000,X,0000000000,B,Verbandkasten,0,X,MI00
0000130184,00000869,0000000000,0000,06/01/2026,0010000392,0,06/01/2026,00010,NB,170.000,B,0.000,00/00/0000,0,000000000000000000,00/00/0000,000,4500000354,00010,N00,US00,06/01/2026,LEARN-800,S,06/27/2026,00000,06/28/2026,0.00,1,204,UTIL,BOTL1800,EA,170.000,0.000,0000000000,1,11.16,0,000,X,0000000000,B,Wasserflasche,0,X,MI00
0000130186,00000869,0000000000,0000,06/01/2026,0010000393,0,06/01/2026,00010,NB,30.000,B,0.000,00/00/0000,0,000000000000000000,00/00/0000,000,4500000355,00010,N00,US00,06/01/2026,LEARN-800,S,06/24/2026,00000,06/25/2026,0.00,1,204,SFTY,OHMT1800,EA,30.000,0.000,0000000000,1,26.23,0,000,X,0000000000,B,Geländehelm,0,X,MI00
0000130188,00000869,0000000000,0000,06/01/2026,0010000394,0,06/01/2026,00010,NB,20.000,B,0.000,00/00/0000,0,000000000000000000,00/00/0000,000,4500000356,00010,N00,US00,06/01/2026,LEARN-800,S,06/24/2026,00000,06/25/2026,0.00,1,204,SFTY,KPAD1800,EA,20.000,0.000,0000000000,1,39.58,0,000,X,0000000000,B,Knieschoner,0,X,MI00
0000130190,00000869,0000000000,0000,06/01/2026,0010000395,0,06/01/2026,00010,NB,31.000,B,0.000,00/00/0000,0,000000000000000000,00/00/0000,000,4500000357,00010,N00,US00,06/01/2026,LEARN-800,S,06/24/2026,00000,06/25/2026,0.00,1,204,SFTY,RHMT1800,EA,31.000,0.000,0000000000,1,27.04,0,000,X,0000000000,B,Straßenhelm,0,X,MI00
0000130192,00000869,0000000000,0000,06/01/2026,0010000396,0,06/01/2026,00010,NB,100.000,B,0.000,00/00/0000,0,000000000000000000,00/00/0000,000,4500000358,00010,N00,US00,06/01/2026,LEARN-800,S,07/01/2026,00000,07/02/2026,0.00,1,204,UTIL,SHRT1800,EA,100.000,0.000,0000000000,1,14.28,0,000,X,0000000000,B,T - Shirt,0,X,MI00
0000130193,00000869,0000000000,0000,06/01/2026,0010000397,0,06/01/2026,00010,NB,190.000,B,0.000,00/00/0000,0,000000000000000000,00/00/0000,000,4500000359,00010,N00,US00,06/01/2026,LEARN-800,S,07/01/2026,00000,07/02/2026,0.00,1,204,UTIL,SHRT1800,EA,190.000,0.000,0000000000,1,14.48,0,000,X,0000000000,B,T - Shirt,0,X,MI00
0000130196,00000869,0000000000,0000,06/01/2026,0010000398,0,06/01/2026,00010,NB,84.000,B,0.000,00/00/0000,0,000000000000000000,00/00/0000,000,4500000360,00010,N00,US00,06/01/2026,LEARN-800,S,07/01/2026,00000,07/02/2026,0.00,1,204,UTIL,RKIT1800,EA,84.000,0.000,0000000000,1,15.03,0,000,X,0000000000,B,Flickzeug,0,X,MI00
0000130198,00000869,0000000000,0000,06/01/2026,0010000399,0,06/01/2026,00010,NB,220.000,B,0.000,00/00/0000,0,000000000000000000,00/00/0000,000,4500000361,00010,N00,US00,06/01/2026,LEARN-800,S,07/01/2026,00000,07/02/2026,0.00,1,204,UTIL,BOTL1800,EA,220.000,0.000,0000000000,1,11.37,0,000,X,0000000000,B,Wasserflasche,0,X,MI00
0000130200,00000869,0000000000,0000,06/01/2026,0010000400,0,06/01/2026,00010,NB,96.000,B,0.000,00/00/0000,0,000000000000000000,00/00/0000,000,4500000362,00010,N00,US00,06/01/2026,LEARN-800,S,07/01/2026,00000,07/02/2026,0.00,1,204,UTIL,RKIT1800,EA,96.000,0.000,0000000000,1,15.16,0,000,X,0000000000,B,Flickzeug,0,X,MI00
0000130202,00000869,0000000000,0000,06/01/2026,0010000401,0,06/01/2026,00010,NB,195.000,B,0.000,00/00/0000,0,000000000000000000,00/00/0000,000,4500000363,00010,N00,US00,06/01/2026,LEARN-800,S,07/01/2026,00000,07/02/2026,0.00,1,204,UTIL,SHRT1800,EA,195.000,0.000,0000000000,1,14.14,0,000,X,0000000000,B,T - Shirt,0,X,MI00
0000130204,00000869,0000000000,0000,06/01/2026,0010000402,0,06/01/2026,00010,NB,120.000,B,0.000,00/00/0000,0,000000000000000000,00/00/0000,000,4500000364,00010,N00,US00,06/01/2026,LEARN-800,S,07/01/2026,00000,07/02/2026,0.00,1,204,UTIL,SHRT1800,EA,120.000,0.000,0000000000,1,14.38,0,000,X,0000000000,B,T - Shirt,0,X,MI00
0000130206,00000869,0000000000,0000,06/01/2026,0010000403,0,06/01/2026,00010,NB,205.000,B,0.000,00/00/0000,0,000000000000000000,00/00/0000,000,4500000365,00010,N00,US00,06/01/2026,LEARN-800,S,06/29/2026,00000,06/30/2026,0.00,1,204,UTIL,BOTL1800,EA,205.000,0.000,0000000000,1,11.46,0,000,X,0000000000,B,Wasserflasche,0,X,MI00
0000130208,00000869,0000000000,0000,06/01/2026,0010000404,0,06/01/2026,00010,NB,22.000,B,0.000,00/00/0000,0,000000000000000000,00/00/0000,000,4500000366,00010,N00,US00,06/01/2026,LEARN-800,S,06/29/2026,00000,06/30/2026,0.00,1,204,UTIL,PUMP1800,EA,22.000,0.000,0000000000,1,23.47,0,000,X,0000000000,B,Luftpumpe,0,X,MI00
0000130210,00000869,0000000000,0000,06/01/2026,0010000405,0,06/01/2026,00010,NB,88.000,B,0.000,00/00/0000,0,000000000000000000,00/00/0000,000,4500000367,00010,N00,US00,06/01/2026,LEARN-800,S,06/24/2026,00000,06/30/2026,0.00,1,204,UTIL,CHSP1800,EA,88.000,0.000,0000000000,1,27.81,0,000,X,0000000000,B,Kettenschloss Security Pro 800,0,X,MI00
0000130212,00000869,0000000000,0000,06/01/2026,0010000406,0,06/01/2026,00010,NB,107.000,B,0.000,00/00/0000,0,000000000000000000,00/00/0000,000,4500000368,00010,N00,US00,06/01/2026,LEARN-800,S,06/24/2026,00000,06/30/2026,0.00,1,204,UTIL,CHSP1800,EA,107.000,0.000,0000000000,1,27.67,0,000,X,0000000000,B,Kettenschloss Security Pro 800,0,X,MI00
0000130214,00000869,0000000000,0000,06/01/2026,0010000407,0,06/01/2026,00010,NB,190.000,B,0.000,00/00/0000,0,000000000000000000,00/00/0000,000,4500000369,00010,N00,US00,06/01/2026,LEARN-800,S,06/29/2026,00000,06/30/2026,0.00,1,204,UTIL,CAGE1800,EA,190.000,0.000,0000000000,1,10.39,0,000,X,0000000000,B,Wasserflaschenhalter,0,X,MI00
0000130216,00000869,0000000000,0000,06/01/2026,0010000408,0,06/01/2026,00010,NB,104.000,B,0.000,00/00/0000,0,000000000000000000,00/00/0000,000,4500000370,00010,N00,US00,06/01/2026,LEARN-800,S,07/04/2026,00000,07/05/2026,0.00,1,204,SFTY,KPAD1800,EA,104.000,0.000,0000000000,1,40.29,0,000,X,0000000000,B,Knieschoner,0,X,MI00
0000130218,00000869,0000000000,0000,06/01/2026,0010000409,0,06/01/2026,00010,NB,42.000,B,0.000,00/00/0000,0,000000000000000000,00/00/0000,000,4500000371,00010,N00,US00,06/01/2026,LEARN-800,S,07/04/2026,00000,07/05/2026,0.00,1,204,UTIL,FAID1800,EA,42.000,0.000,0000000000,1,25.82,0,000,X,0000000000,B,Verbandkasten,0,X,MI00
0000130220,00000869,0000000000,0000,06/01/2026,0010000410,0,06/01/2026,00010,NB,20.000,B,0.000,00/00/0000,0,000000000000000000,00/00/0000,000,4500000372,00010,N00,US00,06/01/2026,LEARN-800,S,07/04/2026,00000,07/05/2026,0.00,1,204,SFTY,EPAD1800,EA,20.000,0.000,0000000000,1,41.41,0,000,X,0000000000,B,Ellenbogenschoner,0,X,MI00
0000130222,00000869,0000000000,0000,06/01/2026,0010000411,0,06/01/2026,00010,NB,74.000,B,0.000,00/00/0000,0,000000000000000000,00/00/0000,000,4500000373,00010,N00,US00,06/01/2026,LEARN-800,S,07/04/2026,00000,07/05/2026,0.00,1,204,UTIL,RKIT1800,EA,74.000,0.000,0000000000,1,15.05,0,000,X,0000000000,B,Flickzeug,0,X,MI00
0000130224,00000869,0000000000,0000,06/01/2026,0010000412,0,06/01/2026,00010,NB,19.000,B,0.000,00/00/0000,0,000000000000000000,00/00/0000,000,4500000374,00010,N00,US00,06/01/2026,LEARN-800,S,07/04/2026,00000,07/05/2026,0.00,1,204,UTIL,PUMP1800,EA,19.000,0.000,0000000000,1,22.77,0,000,X,0000000000,B,Luftpumpe,0,X,MI00
0000130226,00000869,0000000000,0000,06/01/2026,0010000413,0,06/01/2026,00010,NB,84.000,B,0.000,00/00/0000,0,000000000000000000,00/00/0000,000,4500000375,00010,N00,US00,06/01/2026,LEARN-800,S,07/01/2026,00000,07/02/2026,0.00,1,204,UTIL,RKIT1800,EA,84.000,0.000,0000000000,1,15.24,0,000,X,0000000000,B,Flickzeug,0,X,MI00
0000130228,00000869,0000000000,0000,06/01/2026,0010000414,0,06/01/2026,00010,NB,57.000,B,0.000,00/00/0000,0,000000000000000000,00/00/0000,000,4500000376,00010,N00,US00,06/01/2026,LEARN-800,S,06/26/2026,00000,07/02/2026,0.00,1,204,UTIL,CHLK1800,EA,57.000,0.000,0000000000,1,33.93,0,000,X,0000000000,B,Kettenschloss 800,0,X,MI00
0000130230,00000869,0000000000,0000,06/01/2026,0010000415,0,06/01/2026,00010,NB,39.000,B,0.000,00/00/0000,0,000000000000000000,00/00/0000,000,4500000377,00010,N00,US00,06/01/2026,LEARN-800,S,07/01/2026,00000,07/02/2026,0.00,1,204,UTIL,FAID1800,EA,39.000,0.000,0000000000,1,25.90,0,000,X,0000000000,B,Verbandkasten,0,X,MI00
0000130232,00000869,0000000000,0000,06/01/2026,0010000416,0,06/01/2026,00010,NB,225.000,B,0.000,00/00/0000,0,000000000000000000,00/00/0000,000,4500000378,00010,N00,US00,06/01/2026,LEARN-800,S,07/01/2026,00000,07/02/2026,0.00,1,204,UTIL,SHRT1800,EA,225.000,0.000,0000000000,1,13.95,0,000,X,0000000000,B,T - Shirt,0,X,MI00
0000130234,00000869,0000000000,0000,06/01/2026,0010000417,0,06/01/2026,00010,NB,39.000,B,0.000,00/00/0000,0,000000000000000000,00/00/0000,000,4500000379,00010,N00,US00,06/01/2026,LEARN-800,S,07/04/2026,00000,07/05/2026,0.00,1,204,UTIL,FAID1800,EA,39.000,0.000,0000000000,1,26.07,0,000,X,0000000000,B,Verbandkasten,0,X,MI00
0000130236,00000869,0000000000,0000,06/01/2026,0010000418,0,06/01/2026,00010,NB,46.000,B,0.000,00/00/0000,0,000000000000000000,00/00/0000,000,4500000380,00010,N00,US00,06/01/2026,LEARN-800,S,07/04/2026,00000,07/05/2026,0.00,1,204,UTIL,FAID1800,EA,46.000,0.000,0000000000,1,25.48,0,000,X,0000000000,B,Verbandkasten,0,X,MI00
0000130238,00000869,0000000000,0000,06/01/2026,0010000419,0,06/01/2026,00010,NB,175.000,B,0.000,00/00/0000,0,000000000000000000,00/00/0000,000,4500000381,00010,N00,US00,06/01/2026,LEARN-800,S,07/04/2026,00000,07/05/2026,0.00,1,204,UTIL,SHRT1800,EA,175.000,0.000,0000000000,1,13.80,0,000,X,0000000000,B,T - Shirt,0,X,MI00
0000130240,00000869,0000000000,0000,06/01/2026,0010000420,0,06/01/2026,00010,NB,115.000,B,0.000,00/00/0000,0,000000000000000000,00/00/0000,000,4500000382,00010,N00,US00,06/01/2026,LEARN-800,S,07/04/2026,00000,07/05/2026,0.00,1,204,UTIL,SHRT1800,EA,115.000,0.000,0000000000,1,13.97,0,000,X,0000000000,B,T - Shirt,0,X,MI00
0000130242,00000869,0000000000,0000,06/01/2026,0010000421,0,06/01/2026,00010,NB,95.000,B,0.000,00/00/0000,0,000000000000000000,00/00/0000,000,4500000383,00010,N00,US00,06/01/2026,LEARN-800,S,07/04/2026,00000,07/05/2026,0.00,1,204,UTIL,SHRT1800,EA,95.000,0.000,0000000000,1,14.63,0,000,X,0000000000,B,T - Shirt,0,X,MI00
0000130244,00000869,0000000000,0000,06/01/2026,0010000422,0,06/01/2026,00010,NB,267.000,B,0.000,00/00/0000,0,000000000000000000,00/00/0000,000,4500000384,00010,N00,US00,06/01/2026,LEARN-800,S,06/29/2026,00000,07/05/2026,0.00,1,204,UTIL,CHSP1800,EA,267.000,0.000,0000000000,1,28.94,0,000,X,0000000000,B,Kettenschloss Security Pro 800,0,X,MI00
0000130246,00000869,0000000000,0000,06/01/2026,0010000423,0,06/01/2026,00010,NB,165.000,B,0.000,00/00/0000,0,000000000000000000,00/00/0000,000,4500000385,00010,N00,US00,06/01/2026,LEARN-800,S,07/03/2026,00000,07/04/2026,0.00,1,204,UTIL,CAGE1800,EA,165.000,0.000,0000000000,1,10.22,0,000,X,0000000000,B,Wasserflaschenhalter,0,X,MI00
0000130248,00000869,0000000000,0000,06/01/2026,0010000424,0,06/01/2026,00010,NB,175.000,B,0.000,00/00/0000,0,000000000000000000,00/00/0000,000,4500000386,00010,N00,US00,06/01/2026,LEARN-800,S,07/03/2026,00000,07/04/2026,0.00,1,204,UTIL,CAGE1800,EA,175.000,0.000,0000000000,1,9.97,0,000,X,0000000000,B,Wasserflaschenhalter,0,X,MI00
0000130250,00000869,0000000000,0000,06/01/2026,0010000425,0,06/01/2026,00010,NB,23.000,B,0.000,00/00/0000,0,000000000000000000,00/00/0000,000,4500000387,00010,N00,US00,06/01/2026,LEARN-800,S,07/03/2026,00000,07/04/2026,0.00,1,204,SFTY,KPAD1800,EA,23.000,0.000,0000000000,1,41.04,0,000,X,0000000000,B,Knieschoner,0,X,MI00
0000130252,00000869,0000000000,0000,06/01/2026,0010000426,0,06/01/2026,00010,NB,115.000,B,0.000,00/00/0000,0,000000000000000000,00/00/0000,000,4500000388,00010,N00,US00,06/01/2026,LEARN-800,S,07/03/2026,00000,07/04/2026,0.00,1,204,UTIL,CAGE1800,EA,115.000,0.000,0000000000,1,10.43,0,000,X,0000000000,B,Wasserflaschenhalter,0,X,MI00
0000130254,00000869,0000000000,0000,06/01/2026,0010000427,0,06/01/2026,00010,NB,235.000,B,0.000,00/00/0000,0,000000000000000000,00/00/0000,000,4500000389,00010,N00,US00,06/01/2026,LEARN-800,S,07/03/2026,00000,07/04/2026,0.00,1,204,UTIL,BOTL1800,EA,235.000,0.000,0000000000,1,10.85,0,000,X,0000000000,B,Wasserflasche,0,X,MI00
0000130256,00000869,0000000000,0000,06/01/2026,0010000428,0,06/01/2026,00010,NB,220.000,B,0.000,00/00/0000,0,000000000000000000,00/00/0000,000,4500000390,00010,N00,US00,06/01/2026,LEARN-800,S,07/04/2026,00000,07/05/2026,0.00,1,204,UTIL,CAGE1800,EA,220.000,0.000,0000000000,1,9.91,0,000,X,0000000000,B,Wasserflaschenhalter,0,X,MI00
0000130257,00000869,0000000000,0000,06/01/2026,0010000429,0,06/01/2026,00010,NB,102.000,B,0.000,00/00/0000,0,000000000000000000,00/00/0000,000,4500000391,00010,N00,US00,06/01/2026,LEARN-800,S,06/29/2026,00000,07/05/2026,0.00,1,204,UTIL,CHSP1800,EA,102.000,0.000,0000000000,1,29.04,0,000,X,0000000000,B,Kettenschloss Security Pro 800,0,X,MI00
0000130260,00000869,0000000000,0000,06/01/2026,0010000430,0,06/01/2026,00010,NB,20.000,B,0.000,00/00/0000,0,000000000000000000,00/00/0000,000,4500000392,00010,N00,US00,06/01/2026,LEARN-800,S,07/04/2026,00000,07/05/2026,0.00,1,204,SFTY,EPAD1800,EA,20.000,0.000,0000000000,1,39.82,0,000,X,0000000000,B,Ellenbogenschoner,0,X,MI00
0000130262,00000869,0000000000,0000,06/01/2026,0010000431,0,06/01/2026,00010,NB,125.000,B,0.000,00/00/0000,0,000000000000000000,00/00/0000,000,4500000393,00010,N00,US00,06/01/2026,LEARN-800,S,07/04/2026,00000,07/05/2026,0.00,1,204,UTIL,SHRT1800,EA,125.000,0.000,0000000000,1,14.01,0,000,X,0000000000,B,T - Shirt,0,X,MI00
0000130264,00000869,0000000000,0000,06/01/2026,0010000432,0,06/01/2026,00010,NB,97.000,B,0.000,00/00/0000,0,000000000000000000,00/00/0000,000,4500000394,00010,N00,US00,06/01/2026,LEARN-800,S,06/29/2026,00000,07/05/2026,0.00,1,204,UTIL,CHSP1800,EA,97.000,0.000,0000000000,1,28.11,0,000,X,0000000000,B,Kettenschloss Security Pro 800,0,X,MI00
0000130266,00000869,0000000000,0000,06/01/2026,0010000433,0,06/01/2026,00010,NB,63.000,B,0.000,00/00/0000,0,000000000000000000,00/00/0000,000,4500000395,00010,N00,US00,06/01/2026,LEARN-800,S,07/01/2026,00000,07/02/2026,0.00,1,204,SFTY,KPAD1800,EA,63.000,0.000,0000000000,1,41.55,0,000,X,0000000000,B,Knieschoner,0,X,MI00
0000130267,00000869,0000000000,0000,06/01/2026,0010000434,0,06/01/2026,00010,NB,105.000,B,0.000,00/00/0000,0,000000000000000000,00/00/0000,000,4500000396,00010,N00,US00,06/01/2026,LEARN-800,S,07/01/2026,00000,07/02/2026,0.00,1,204,UTIL,SHRT1800,EA,105.000,0.000,0000000000,1,14.18,0,000,X,0000000000,B,T - Shirt,0,X,MI00
0000130270,00000869,0000000000,0000,06/01/2026,0010000435,0,06/01/2026,00010,NB,39.000,B,0.000,00/00/0000,0,000000000000000000,00/00/0000,000,4500000397,00010,N00,US00,06/01/2026,LEARN-800,S,07/08/2026,00000,07/09/2026,0.00,1,204,UTIL,FAID1800,EA,39.000,0.000,0000000000,1,24.93,0,000,X,0000000000,B,Verbandkasten,0,X,MI00
0000130272,00000869,0000000000,0000,06/01/2026,0010000436,0,06/01/2026,00010,NB,215.000,B,0.000,00/00/0000,0,000000000000000000,00/00/0000,000,4500000398,00010,N00,US00,06/01/2026,LEARN-800,S,07/08/2026,00000,07/09/2026,0.00,1,204,UTIL,SHRT1800,EA,215.000,0.000,0000000000,1,14.42,0,000,X,0000000000,B,T - Shirt,0,X,MI00
0000130274,00000869,0000000000,0000,06/01/2026,0010000437,0,06/01/2026,00010,NB,34.000,B,0.000,00/00/0000,0,000000000000000000,00/00/0000,000,4500000399,00010,N00,US00,06/01/2026,LEARN-800,S,07/08/2026,00000,07/09/2026,0.00,1,204,UTIL,FAID1800,EA,34.000,0.000,0000000000,1,25.39,0,000,X,0000000000,B,Verbandkasten,0,X,MI00
0000130276,00000869,0000000000,0000,06/01/2026,0010000438,0,06/01/2026,00010,NB,30.000,B,0.000,00/00/0000,0,000000000000000000,00/00/0000,000,4500000400,00010,N00,US00,06/01/2026,LEARN-800,S,07/08/2026,00000,07/09/2026,0.00,1,204,SFTY,OHMT1800,EA,30.000,0.000,0000000000,1,25.91,0,000,X,0000000000,B,Geländehelm,0,X,MI00
0000130278,00000869,0000000000,0000,06/01/2026,0010000439,0,06/01/2026,00010,NB,17.000,B,0.000,00/00/0000,0,000000000000000000,00/00/0000,000,4500000401,00010,N00,US00,06/01/2026,LEARN-800,S,07/08/2026,00000,07/09/2026,0.00,1,204,SFTY,KPAD1800,EA,17.000,0.000,0000000000,1,41.30,0,000,X,0000000000,B,Knieschoner,0,X,MI00
0000130280,00000869,0000000000,0000,06/01/2026,0010000440,0,06/01/2026,00010,NB,28.000,B,0.000,00/00/0000,0,000000000000000000,00/00/0000,000,4500000402,00010,N00,US00,06/01/2026,LEARN-800,S,07/08/2026,00000,07/09/2026,0.00,1,204,SFTY,RHMT1800,EA,28.000,0.000,0000000000,1,26.87,0,000,X,0000000000,B,Straßenhelm,0,X,MI00
0000130281,00000869,0000000000,0000,06/01/2026,0010000441,0,06/01/2026,00010,NB,23.000,B,0.000,00/00/0000,0,000000000000000000,00/00/0000,000,4500000403,00010,N00,US00,06/01/2026,LEARN-800,S,07/08/2026,00000,07/09/2026,0.00,1,204,UTIL,PUMP1800,EA,23.000,0.000,0000000000,1,23.18,0,000,X,0000000000,B,Luftpumpe,0,X,MI00
0000130284,00000869,0000000000,0000,06/01/2026,0010000442,0,06/01/2026,00010,NB,22.000,B,0.000,00/00/0000,0,000000000000000000,00/00/0000,000,4500000404,00010,N00,US00,06/01/2026,LEARN-800,S,07/08/2026,00000,07/09/2026,0.00,1,204,UTIL,PUMP1800,EA,22.000,0.000,0000000000,1,22.39,0,000,X,0000000000,B,Luftpumpe,0,X,MI00
0000130286,00000869,0000000000,0000,06/01/2026,0010000443,0,06/01/2026,00010,NB,32.000,B,0.000,00/00/0000,0,000000000000000000,00/00/0000,000,4500000405,00010,N00,US00,06/01/2026,LEARN-800,S,07/03/2026,00000,07/04/2026,0.00,1,204,SFTY,RHMT1800,EA,32.000,0.000,0000000000,1,26.39,0,000,X,0000000000,B,Straßenhelm,0,X,MI00
0000130288,00000869,0000000000,0000,06/01/2026,0010000444,0,06/01/2026,00010,NB,31.000,B,0.000,00/00/0000,0,000000000000000000,00/00/0000,000,4500000406,00010,N00,US00,06/01/2026,LEARN-800,S,07/03/2026,00000,07/04/2026,0.00,1,204,SFTY,RHMT1800,EA,31.000,0.000,0000000000,1,26.41,0,000,X,0000000000,B,Straßenhelm,0,X,MI00
0000130290,00000869,0000000000,0000,06/01/2026,0010000445,0,06/01/2026,00010,NB,28.000,B,0.000,00/00/0000,0,000000000000000000,00/00/0000,000,4500000407,00010,N00,US00,06/01/2026,LEARN-800,S,07/03/2026,00000,07/04/2026,0.00,1,204,UTIL,PUMP1800,EA,28.000,0.000,0000000000,1,23.32,0,000,X,0000000000,B,Luftpumpe,0,X,MI00
0000130292,00000869,0000000000,0000,06/01/2026,0010000446,0,06/01/2026,00010,NB,175.000,B,0.000,00/00/0000,0,000000000000000000,00/00/0000,000,4500000408,00010,N00,US00,06/01/2026,LEARN-800,S,07/03/2026,00000,07/04/2026,0.00,1,204,UTIL,CAGE1800,EA,175.000,0.000,0000000000,1,10.06,0,000,X,0000000000,B,Wasserflaschenhalter,0,X,MI00
0000130294,00000869,0000000000,0000,06/01/2026,0010000447,0,06/01/2026,00010,NB,80.000,B,0.000,00/00/0000,0,000000000000000000,00/00/0000,000,4500000409,00010,N00,US00,06/01/2026,LEARN-800,S,07/03/2026,00000,07/04/2026,0.00,1,204,UTIL,SHRT1800,EA,80.000,0.000,0000000000,1,14.25,0,000,X,0000000000,B,T - Shirt,0,X,MI00
0000130296,00000869,0000000000,0000,06/01/2026,0010000448,0,06/01/2026,00010,NB,48.000,B,0.000,00/00/0000,0,000000000000000000,00/00/0000,000,4500000410,00010,N00,US00,06/01/2026,LEARN-800,S,07/03/2026,00000,07/04/2026,0.00,1,204,UTIL,FAID1800,EA,48.000,0.000,0000000000,1,24.71,0,000,X,0000000000,B,Verbandkasten,0,X,MI00
0000130298,00000869,0000000000,0000,06/01/2026,0010000449,0,06/01/2026,00010,NB,38.000,B,0.000,00/00/0000,0,000000000000000000,00/00/0000,000,4500000411,00010,N00,US00,06/01/2026,LEARN-800,S,07/08/2026,00000,07/09/2026,0.00,1,204,UTIL,FAID1800,EA,38.000,0.000,0000000000,1,26.16,0,000,X,0000000000,B,Verbandkasten,0,X,MI00
0000130299,00000869,0000000000,0000,06/01/2026,0010000450,0,06/01/2026,00010,NB,31.000,B,0.000,00/00/0000,0,000000000000000000,00/00/0000,000,4500000412,00010,N00,US00,06/01/2026,LEARN-800,S,07/08/2026,00000,07/09/2026,0.00,1,204,SFTY,OHMT1800,EA,31.000,0.000,0000000000,1,26.95,0,000,X,0000000000,B,Geländehelm,0,X,MI00
0000130302,00000869,0000000000,0000,06/01/2026,0010000451,0,06/01/2026,00010,NB,22.000,B,0.000,00/00/0000,0,000000000000000000,00/00/0000,000,4500000413,00010,N00,US00,06/01/2026,LEARN-800,S,07/08/2026,00000,07/09/2026,0.00,1,204,UTIL,PUMP1800,EA,22.000,0.000,0000000000,1,22.35,0,000,X,0000000000,B,Luftpumpe,0,X,MI00
0000130304,00000869,0000000000,0000,06/01/2026,0010000452,0,06/01/2026,00010,NB,132.000,B,0.000,00/00/0000,0,000000000000000000,00/00/0000,000,4500000414,00010,N00,US00,06/01/2026,LEARN-800,S,07/08/2026,00000,07/09/2026,0.00,1,204,UTIL,RKIT1800,EA,132.000,0.000,0000000000,1,15.22,0,000,X,0000000000,B,Flickzeug,0,X,MI00
0000130305,00000869,0000000000,0000,06/01/2026,0010000453,0,06/01/2026,00010,NB,200.000,B,0.000,00/00/0000,0,000000000000000000,00/00/0000,000,4500000415,00010,N00,US00,06/01/2026,LEARN-800,S,07/07/2026,00000,07/08/2026,0.00,1,204,UTIL,CAGE1800,EA,200.000,0.000,0000000000,1,10.29,0,000,X,0000000000,B,Wasserflaschenhalter,0,X,MI00
0000130306,00000869,0000000000,0000,06/01/2026,0010000454,0,06/01/2026,00010,NB,96.000,B,0.000,00/00/0000,0,000000000000000000,00/00/0000,000,4500000418,00010,N00,US00,06/01/2026,LEARN-800,S,07/07/2026,00000,07/08/2026,0.00,1,204,UTIL,RKIT1800,EA,96.000,0.000,0000000000,1,15.44,0,000,X,0000000000,B,Flickzeug,0,X,MI00
0000130307,00000869,0000000000,0000,06/01/2026,0010000455,0,06/01/2026,00010,NB,93.000,B,0.000,00/00/0000,0,000000000000000000,00/00/0000,000,4500000416,00010,N00,US00,06/01/2026,LEARN-800,S,07/02/2026,00000,07/08/2026,0.00,1,204,UTIL,CHSP1800,EA,93.000,0.000,0000000000,1,28.84,0,000,X,0000000000,B,Kettenschloss Security Pro 800,0,X,MI00
0000130309,00000869,0000000000,0000,06/01/2026,0010000456,0,06/01/2026,00010,NB,21.000,B,0.000,00/00/0000,0,000000000000000000,00/00/0000,000,4500000417,00010,N00,US00,06/01/2026,LEARN-800,S,07/10/2026,00000,07/11/2026,0.00,1,204,SFTY,KPAD1800,EA,21.000,0.000,0000000000,1,40.78,0,000,X,0000000000,B,Knieschoner,0,X,MI00
0000130311,00000869,0000000000,0000,06/01/2026,0010000457,0,06/01/2026,00010,NB,28.000,B,0.000,00/00/0000,0,000000000000000000,00/00/0000,000,4500000419,00010,N00,US00,06/01/2026,LEARN-800,S,07/10/2026,00000,07/11/2026,0.00,1,204,UTIL,PUMP1800,EA,28.000,0.000,0000000000,1,22.56,0,000,X,0000000000,B,Luftpumpe,0,X,MI00
0000130313,00000869,0000000000,0000,06/01/2026,0010000458,0,06/01/2026,00010,NB,28.000,B,0.000,00/00/0000,0,000000000000000000,00/00/0000,000,4500000420,00010,N00,US00,06/01/2026,LEARN-800,S,07/10/2026,00000,07/11/2026,0.00,1,204,UTIL,PUMP1800,EA,28.000,0.000,0000000000,1,22.92,0,000,X,0000000000,B,Luftpumpe,0,X,MI00
0000130315,00000869,0000000000,0000,06/01/2026,0010000459,0,06/01/2026,00010,NB,175.000,B,0.000,00/00/0000,0,000000000000000000,00/00/0000,000,4500000422,00010,N00,US00,06/01/2026,LEARN-800,S,07/10/2026,00000,07/11/2026,0.00,1,204,UTIL,CAGE1800,EA,175.000,0.000,0000000000,1,10.11,0,000,X,0000000000,B,Wasserflaschenhalter,0,X,MI00
0000130317,00000869,0000000000,0000,06/01/2026,0010000460,0,06/01/2026,00010,NB,85.000,B,0.000,00/00/0000,0,000000000000000000,00/00/0000,000,4500000421,00010,N00,US00,06/01/2026,LEARN-800,S,07/10/2026,00000,07/11/2026,0.00,1,204,UTIL,CAGE1800,EA,85.000,0.000,0000000000,1,10.29,0,000,X,0000000000,B,Wasserflaschenhalter,0,X,MI00
0000130319,00000869,0000000000,0000,06/01/2026,0010000461,0,06/01/2026,00010,NB,30.000,B,0.000,00/00/0000,0,000000000000000000,00/00/0000,000,4500000423,00010,N00,US00,06/01/2026,LEARN-800,S,07/10/2026,00000,07/11/2026,0.00,1,204,SFTY,RHMT1800,EA,30.000,0.000,0000000000,1,26.97,0,000,X,0000000000,B,Straßenhelm,0,X,MI00
0000130321,00000869,0000000000,0000,06/01/2026,0010000462,0,06/01/2026,00010,NB,116.000,B,0.000,00/00/0000,0,000000000000000000,00/00/0000,000,4500000425,00010,N00,US00,06/01/2026,LEARN-800,S,07/10/2026,00000,07/11/2026,0.00,1,204,UTIL,RKIT1800,EA,116.000,0.000,0000000000,1,15.30,0,000,X,0000000000,B,Flickzeug,0,X,MI00
0000130323,00000869,0000000000,0000,06/01/2026,0010000463,0,06/01/2026,00010,NB,230.000,B,0.000,00/00/0000,0,000000000000000000,00/00/0000,000,4500000426,00010,N00,US00,06/01/2026,LEARN-800,S,07/09/2026,00000,07/10/2026,0.00,1,204,UTIL,BOTL1800,EA,230.000,0.000,0000000000,1,11.25,0,000,X,0000000000,B,Wasserflasche,0,X,MI00
0000130325,00000869,0000000000,0000,06/01/2026,0010000464,0,06/01/2026,00010,NB,100.000,B,0.000,00/00/0000,0,000000000000000000,00/00/0000,000,4500000424,00010,N00,US00,06/01/2026,LEARN-800,S,07/09/2026,00000,07/10/2026,0.00,1,204,UTIL,SHRT1800,EA,100.000,0.000,0000000000,1,14.13,0,000,X,0000000000,B,T - Shirt,0,X,MI00
0000130327,00000869,0000000000,0000,06/01/2026,0010000465,0,06/01/2026,00010,NB,79.000,B,0.000,00/00/0000,0,000000000000000000,00/00/0000,000,4500000427,00010,N00,US00,06/01/2026,LEARN-800,S,07/09/2026,00000,07/10/2026,0.00,1,204,UTIL,FAID1800,EA,79.000,0.000,0000000000,1,24.87,0,000,X,0000000000,B,Verbandkasten,0,X,MI00
0000130329,00000869,0000000000,0000,06/01/2026,0010000466,0,06/01/2026,00010,NB,29.000,B,0.000,00/00/0000,0,000000000000000000,00/00/0000,000,4500000429,00010,N00,US00,06/01/2026,LEARN-800,S,07/09/2026,00000,07/10/2026,0.00,1,204,SFTY,OHMT1800,EA,29.000,0.000,0000000000,1,27.32,0,000,X,0000000000,B,Geländehelm,0,X,MI00
0000130331,00000869,0000000000,0000,06/01/2026,0010000467,0,06/01/2026,00010,NB,31.000,B,0.000,00/00/0000,0,000000000000000000,00/00/0000,000,4500000428,00010,N00,US00,06/01/2026,LEARN-800,S,07/09/2026,00000,07/10/2026,0.00,1,204,SFTY,RHMT1800,EA,31.000,0.000,0000000000,1,26.19,0,000,X,0000000000,B,Straßenhelm,0,X,MI00
0000130333,00000869,0000000000,0000,06/01/2026,0010000468,0,06/01/2026,00010,NB,111.000,B,0.000,00/00/0000,0,000000000000000000,00/00/0000,000,4500000430,00010,N00,US00,06/01/2026,LEARN-800,S,07/10/2026,00000,07/11/2026,0.00,1,204,UTIL,FAID1800,EA,111.000,0.000,0000000000,1,25.46,0,000,X,0000000000,B,Verbandkasten,0,X,MI00
0000130335,00000869,0000000000,0000,06/01/2026,0010000469,0,06/01/2026,00010,NB,165.000,B,0.000,00/00/0000,0,000000000000000000,00/00/0000,000,4500000431,00010,N00,US00,06/01/2026,LEARN-800,S,07/10/2026,00000,07/11/2026,0.00,1,204,UTIL,BOTL1800,EA,165.000,0.000,0000000000,1,11.00,0,000,X,0000000000,B,Wasserflasche,0,X,MI00
0000130336,00000869,0000000000,0000,06/01/2026,0010000470,0,06/01/2026,00010,NB,64.000,B,0.000,00/00/0000,0,000000000000000000,00/00/0000,000,4500000432,00010,N00,US00,06/01/2026,LEARN-800,S,07/10/2026,00000,07/11/2026,0.00,1,204,UTIL,RKIT1800,EA,64.000,0.000,0000000000,1,14.95,0,000,X,0000000000,B,Flickzeug,0,X,MI00
0000130339,00000869,0000000000,0000,06/01/2026,0010000471,0,06/01/2026,00010,NB,205.000,B,0.000,00/00/0000,0,000000000000000000,00/00/0000,000,4500000433,00010,N00,US00,06/01/2026,LEARN-800,S,07/10/2026,00000,07/11/2026,0.00,1,204,UTIL,CAGE1800,EA,205.000,0.000,0000000000,1,10.22,0,000,X,0000000000,B,Wasserflaschenhalter,0,X,MI00
0000130341,00000869,0000000000,0000,06/01/2026,0010000472,0,06/01/2026,00010,NB,140.000,B,0.000,00/00/0000,0,000000000000000000,00/00/0000,000,4500000434,00010,N00,US00,06/01/2026,LEARN-800,S,07/10/2026,00000,07/11/2026,0.00,1,204,UTIL,CAGE1800,EA,140.000,0.000,0000000000,1,10.32,0,000,X,0000000000,B,Wasserflaschenhalter,0,X,MI00
0000130343,00000869,0000000000,0000,06/01/2026,0010000473,0,06/01/2026,00010,NB,18.000,B,0.000,00/00/0000,0,000000000000000000,00/00/0000,000,4500000436,00010,N00,US00,06/01/2026,LEARN-800,S,07/07/2026,00000,07/08/2026,0.00,1,204,SFTY,EPAD1800,EA,18.000,0.000,0000000000,1,41.98,0,000,X,0000000000,B,Ellenbogenschoner,0,X,MI00
0000130345,00000869,0000000000,0000,06/01/2026,0010000474,0,06/01/2026,00010,NB,59.000,B,0.000,00/00/0000,0,000000000000000000,00/00/0000,000,4500000438,00010,N00,US00,06/01/2026,LEARN-800,S,07/02/2026,00000,07/08/2026,0.00,1,204,UTIL,CHLK1800,EA,59.000,0.000,0000000000,1,35.11,0,000,X,0000000000,B,Kettenschloss 800,0,X,MI00
0000130347,00000869,0000000000,0000,06/01/2026,0010000475,0,06/01/2026,00010,NB,20.000,B,0.000,00/00/0000,0,000000000000000000,00/00/0000,000,4500000435,00010,N00,US00,06/01/2026,LEARN-800,S,07/07/2026,00000,07/08/2026,0.00,1,204,SFTY,KPAD1800,EA,20.000,0.000,0000000000,1,41.48,0,000,X,0000000000,B,Knieschoner,0,X,MI00
0000130348,00000869,0000000000,0000,06/01/2026,0010000476,0,06/01/2026,00010,NB,125.000,B,0.000,00/00/0000,0,000000000000000000,00/00/0000,000,4500000437,00010,N00,US00,06/01/2026,LEARN-800,S,07/07/2026,00000,07/08/2026,0.00,1,204,UTIL,FAID1800,EA,125.000,0.000,0000000000,1,25.37,0,000,X,0000000000,B,Verbandkasten,0,X,MI00
0000130351,00000869,0000000000,0000,06/01/2026,0010000477,0,06/01/2026,00010,NB,240.000,B,0.000,00/00/0000,0,000000000000000000,00/00/0000,000,4500000439,00010,N00,US00,06/01/2026,LEARN-800,S,07/13/2026,00000,07/14/2026,0.00,1,204,UTIL,BOTL1800,EA,240.000,0.000,0000000000,1,11.44,0,000,X,0000000000,B,Wasserflasche,0,X,MI00
0000130353,00000869,0000000000,0000,06/01/2026,0010000478,0,06/01/2026,00010,NB,17.000,B,0.000,00/00/0000,0,000000000000000000,00/00/0000,000,4500000440,00010,N00,US00,06/01/2026,LEARN-800,S,07/13/2026,00000,07/14/2026,0.00,1,204,SFTY,EPAD1800,EA,17.000,0.000,0000000000,1,40.19,0,000,X,0000000000,B,Ellenbogenschoner,0,X,MI00
0000130355,00000869,0000000000,0000,06/01/2026,0010000479,0,06/01/2026,00010,NB,155.000,B,0.000,00/00/0000,0,000000000000000000,00/00/0000,000,4500000441,00010,N00,US00,06/01/2026,LEARN-800,S,07/13/2026,00000,07/14/2026,0.00,1,204,UTIL,CAGE1800,EA,155.000,0.000,0000000000,1,9.95,0,000,X,0000000000,B,Wasserflaschenhalter,0,X,MI00
0000130357,00000869,0000000000,0000,06/01/2026,0010000480,0,06/01/2026,00010,NB,104.000,B,0.000,00/00/0000,0,000000000000000000,00/00/0000,000,4500000442,00010,N00,US00,06/01/2026,LEARN-800,S,07/13/2026,00000,07/14/2026,0.00,1,204,UTIL,RKIT1800,EA,104.000,0.000,0000000000,1,15.27,0,000,X,0000000000,B,Flickzeug,0,X,MI00
0000130359,00000869,0000000000,0000,06/01/2026,0010000481,0,06/01/2026,00010,NB,180.000,B,0.000,00/00/0000,0,000000000000000000,00/00/0000,000,4500000443,00010,N00,US00,06/01/2026,LEARN-800,S,07/13/2026,00000,07/14/2026,0.00,1,204,UTIL,SHRT1800,EA,180.000,0.000,0000000000,1,14.65,0,000,X,0000000000,B,T - Shirt,0,X,MI00
0000130361,00000869,0000000000,0000,06/01/2026,0010000482,0,06/01/2026,00010,NB,182.000,B,0.000,00/00/0000,0,000000000000000000,00/00/0000,000,4500000444,00010,N00,US00,06/01/2026,LEARN-800,S,07/08/2026,00000,07/14/2026,0.00,1,204,UTIL,CHSP1800,EA,182.000,0.000,0000000000,1,28.14,0,000,X,0000000000,B,Kettenschloss Security Pro 800,0,X,MI00
0000130363,00000869,0000000000,0000,06/01/2026,0010000483,0,06/01/2026,00010,NB,220.000,B,0.000,00/00/0000,0,000000000000000000,00/00/0000,000,4500000445,00010,N00,US00,06/01/2026,LEARN-800,S,07/09/2026,00000,07/10/2026,0.00,1,204,UTIL,SHRT1800,EA,220.000,0.000,0000000000,1,14.45,0,000,X,0000000000,B,T - Shirt,0,X,MI00
0000130364,00000869,0000000000,0000,06/01/2026,0010000484,0,06/01/2026,00010,NB,30.000,B,0.000,00/00/0000,0,000000000000000000,00/00/0000,000,4500000446,00010,N00,US00,06/01/2026,LEARN-800,S,07/09/2026,00000,07/10/2026,0.00,1,204,SFTY,OHMT1800,EA,30.000,0.000,0000000000,1,26.77,0,000,X,0000000000,B,Geländehelm,0,X,MI00
0000130366,00000869,0000000000,0000,06/01/2026,0010000485,0,06/01/2026,00010,NB,33.000,B,0.000,00/00/0000,0,000000000000000000,00/00/0000,000,4500000449,00010,N00,US00,06/01/2026,LEARN-800,S,07/09/2026,00000,07/10/2026,0.00,1,204,SFTY,OHMT1800,EA,33.000,0.000,0000000000,1,26.54,0,000,X,0000000000,B,Geländehelm,0,X,MI00
0000130368,00000869,0000000000,0000,06/01/2026,0010000486,0,06/01/2026,00010,NB,220.000,B,0.000,00/00/0000,0,000000000000000000,00/00/0000,000,4500000447,00010,N00,US00,06/01/2026,LEARN-800,S,07/09/2026,00000,07/10/2026,0.00,1,204,UTIL,SHRT1800,EA,220.000,0.000,0000000000,1,14.31,0,000,X,0000000000,B,T - Shirt,0,X,MI00
0000130370,00000869,0000000000,0000,06/01/2026,0010000487,0,06/01/2026,00010,NB,235.000,B,0.000,00/00/0000,0,000000000000000000,00/00/0000,000,4500000450,00010,N00,US00,06/01/2026,LEARN-800,S,07/09/2026,00000,07/10/2026,0.00,1,204,UTIL,CAGE1800,EA,235.000,0.000,0000000000,1,9.97,0,000,X,0000000000,B,Wasserflaschenhalter,0,X,MI00
0000130372,00000869,0000000000,0000,06/01/2026,0010000488,0,06/01/2026,00010,NB,87.000,B,0.000,00/00/0000,0,000000000000000000,00/00/0000,000,4500000448,00010,N00,US00,06/01/2026,LEARN-800,S,07/13/2026,00000,07/14/2026,0.00,1,204,UTIL,RKIT1800,EA,87.000,0.000,0000000000,1,15.82,0,000,X,0000000000,B,Flickzeug,0,X,MI00
0000130374,00000869,0000000000,0000,06/01/2026,0010000489,0,06/01/2026,00010,NB,220.000,B,0.000,00/00/0000,0,000000000000000000,00/00/0000,000,4500000452,00010,N00,US00,06/01/2026,LEARN-800,S,07/13/2026,00000,07/14/2026,0.00,1,204,UTIL,BOTL1800,EA,220.000,0.000,0000000000,1,11.09,0,000,X,0000000000,B,Wasserflasche,0,X,MI00
0000130376,00000869,0000000000,0000,06/01/2026,0010000490,0,06/01/2026,00010,NB,28.000,B,0.000,00/00/0000,0,000000000000000000,00/00/0000,000,4500000451,00010,N00,US00,06/01/2026,LEARN-800,S,07/13/2026,00000,07/14/2026,0.00,1,204,UTIL,PUMP1800,EA,28.000,0.000,0000000000,1,22.76,0,000,X,0000000000,B,Luftpumpe,0,X,MI00
0000130378,00000869,0000000000,0000,06/01/2026,0010000491,0,06/01/2026,00010,NB,240.000,B,0.000,00/00/0000,0,000000000000000000,00/00/0000,000,4500000453,00010,N00,US00,06/01/2026,LEARN-800,S,07/13/2026,00000,07/14/2026,0.00,1,204,UTIL,BOTL1800,EA,240.000,0.000,0000000000,1,11.20,0,000,X,0000000000,B,Wasserflasche,0,X,MI00
0000130379,00000869,0000000000,0000,06/01/2026,0010000492,0,06/01/2026,00010,NB,220.000,B,0.000,00/00/0000,0,000000000000000000,00/00/0000,000,4500000454,00010,N00,US00,06/01/2026,LEARN-800,S,07/13/2026,00000,07/14/2026,0.00,1,204,UTIL,BOTL1800,EA,220.000,0.000,0000000000,1,11.12,0,000,X,0000000000,B,Wasserflasche,0,X,MI00
0000130382,00000869,0000000000,0000,06/01/2026,0010000493,0,06/01/2026,00010,NB,230.000,B,0.000,00/00/0000,0,000000000000000000,00/00/0000,000,4500000455,00010,N00,US00,06/01/2026,LEARN-800,S,07/11/2026,00000,07/12/2026,0.00,1,204,UTIL,BOTL1800,EA,230.000,0.000,0000000000,1,11.14,0,000,X,0000000000,B,Wasserflasche,0,X,MI00
0000130384,00000869,0000000000,0000,06/01/2026,0010000494,0,06/01/2026,00010,NB,180.000,B,0.000,00/00/0000,0,000000000000000000,00/00/0000,000,4500000456,00010,N00,US00,06/01/2026,LEARN-800,S,07/11/2026,00000,07/12/2026,0.00,1,204,UTIL,BOTL1800,EA,180.000,0.000,0000000000,1,11.47,0,000,X,0000000000,B,Wasserflasche,0,X,MI00
0000130386,00000869,0000000000,0000,06/01/2026,0010000495,0,06/01/2026,00010,NB,35.000,B,0.000,00/00/0000,0,000000000000000000,00/00/0000,000,4500000457,00010,N00,US00,06/01/2026,LEARN-800,S,07/11/2026,00000,07/12/2026,0.00,1,204,UTIL,FAID1800,EA,35.000,0.000,0000000000,1,25.13,0,000,X,0000000000,B,Verbandkasten,0,X,MI00
0000130388,00000869,0000000000,0000,06/01/2026,0010000496,0,06/01/2026,00010,NB,145.000,B,0.000,00/00/0000,0,000000000000000000,00/00/0000,000,4500000458,00010,N00,US00,06/01/2026,LEARN-800,S,07/11/2026,00000,07/12/2026,0.00,1,204,UTIL,CAGE1800,EA,145.000,0.000,0000000000,1,10.42,0,000,X,0000000000,B,Wasserflaschenhalter,0,X,MI00
0000130390,00000869,0000000000,0000,06/01/2026,0010000497,0,06/01/2026,00010,NB,112.000,B,0.000,00/00/0000,0,000000000000000000,00/00/0000,000,4500000459,00010,N00,US00,06/01/2026,LEARN-800,S,07/08/2026,00000,07/14/2026,0.00,1,204,UTIL,CHSP1800,EA,112.000,0.000,0000000000,1,29.46,0,000,X,0000000000,B,Kettenschloss Security Pro 800,0,X,MI00
0000130392,00000869,0000000000,0000,06/01/2026,0010000498,0,06/01/2026,00010,NB,162.000,B,0.000,00/00/0000,0,000000000000000000,00/00/0000,000,4500000460,00010,N00,US00,06/01/2026,LEARN-800,S,07/13/2026,00000,07/14/2026,0.00,1,204,UTIL,RKIT1800,EA,162.000,0.000,0000000000,1,15.75,0,000,X,0000000000,B,Flickzeug,0,X,MI00
0000130394,00000869,0000000000,0000,06/01/2026,0010000499,0,06/01/2026,00010,NB,27.000,B,0.000,00/00/0000,0,000000000000000000,00/00/0000,000,4500000461,00010,N00,US00,06/01/2026,LEARN-800,S,07/13/2026,00000,07/14/2026,0.00,1,204,UTIL,PUMP1800,EA,27.000,0.000,0000000000,1,22.38,0,000,X,0000000000,B,Luftpumpe,0,X,MI00
0000130396,00000869,0000000000,0000,06/01/2026,0010000500,0,06/01/2026,00010,NB,137.000,B,0.000,00/00/0000,0,000000000000000000,00/00/0000,000,4500000462,00010,N00,US00,06/01/2026,LEARN-800,S,07/13/2026,00000,07/14/2026,0.00,1,204,UTIL,RKIT1800,EA,137.000,0.000,0000000000,1,15.29,0,000,X,0000000000,B,Flickzeug,0,X,MI00
0000130398,00000869,0000000000,0000,06/01/2026,0010000501,0,06/01/2026,00010,NB,130.000,B,0.000,00/00/0000,0,000000000000000000,00/00/0000,000,4500000463,00010,N00,US00,06/01/2026,LEARN-800,S,07/13/2026,00000,07/14/2026,0.00,1,204,UTIL,BOTL1800,EA,130.000,0.000,0000000000,1,11.25,0,000,X,0000000000,B,Wasserflasche,0,X,MI00
0000130400,00000869,0000000000,0000,06/01/2026,0010000502,0,06/01/2026,00010,NB,177.000,B,0.000,00/00/0000,0,000000000000000000,00/00/0000,000,4500000465,00010,N00,US00,06/01/2026,LEARN-800,S,07/08/2026,00000,07/14/2026,0.00,1,204,UTIL,CHSP1800,EA,177.000,0.000,0000000000,1,29.39,0,000,X,0000000000,B,Kettenschloss Security Pro 800,0,X,MI00
0000130401,00000869,0000000000,0000,06/01/2026,0010000503,0,06/01/2026,00010,NB,19.000,B,0.000,00/00/0000,0,000000000000000000,00/00/0000,000,4500000466,00010,N00,US00,06/01/2026,LEARN-800,S,07/12/2026,00000,07/13/2026,0.00,1,204,SFTY,EPAD1800,EA,19.000,0.000,0000000000,1,41.86,0,000,X,0000000000,B,Ellenbogenschoner,0,X,MI00
0000130404,00000869,0000000000,0000,06/01/2026,0010000504,0,06/01/2026,00010,NB,168.000,B,0.000,00/00/0000,0,000000000000000000,00/00/0000,000,4500000464,00010,N00,US00,06/01/2026,LEARN-800,S,07/12/2026,00000,07/13/2026,0.00,1,204,UTIL,RKIT1800,EA,168.000,0.000,0000000000,1,15.50,0,000,X,0000000000,B,Flickzeug,0,X,MI00
0000130406,00000869,0000000000,0000,06/01/2026,0010000505,0,06/01/2026,00010,NB,22.000,B,0.000,00/00/0000,0,000000000000000000,00/00/0000,000,4500000467,00010,N00,US00,06/01/2026,LEARN-800,S,07/12/2026,00000,07/13/2026,0.00,1,204,UTIL,PUMP1800,EA,22.000,0.000,0000000000,1,23.22,0,000,X,0000000000,B,Luftpumpe,0,X,MI00
0000130408,00000869,0000000000,0000,06/01/2026,0010000506,0,06/01/2026,00010,NB,75.000,B,0.000,00/00/0000,0,000000000000000000,00/00/0000,000,4500000468,00010,N00,US00,06/01/2026,LEARN-800,S,07/12/2026,00000,07/13/2026,0.00,1,204,UTIL,RKIT1800,EA,75.000,0.000,0000000000,1,15.71,0,000,X,0000000000,B,Flickzeug,0,X,MI00
0000130409,00000869,0000000000,0000,06/01/2026,0010000507,0,06/01/2026,00010,NB,21.000,B,0.000,00/00/0000,0,000000000000000000,00/00/0000,000,4500000469,00010,N00,US00,06/01/2026,LEARN-800,S,07/12/2026,00000,07/13/2026,0.00,1,204,SFTY,EPAD1800,EA,21.000,0.000,0000000000,1,41.61,0,000,X,0000000000,B,Ellenbogenschoner,0,X,MI00
0000130411,00000869,0000000000,0000,06/01/2026,0010000508,0,06/01/2026,00010,NB,62.000,B,0.000,00/00/0000,0,000000000000000000,00/00/0000,000,4500000470,00010,N00,US00,06/01/2026,LEARN-800,S,07/08/2026,00000,07/14/2026,0.00,1,204,UTIL,CHLK1800,EA,62.000,0.000,0000000000,1,35.28,0,000,X,0000000000,B,Kettenschloss 800,0,X,MI00
0000130413,00000869,0000000000,0000,06/01/2026,0010000509,0,06/01/2026,00010,NB,24.000,B,0.000,00/00/0000,0,000000000000000000,00/00/0000,000,4500000471,00010,N00,US00,06/01/2026,LEARN-800,S,07/13/2026,00000,07/14/2026,0.00,1,204,SFTY,KPAD1800,EA,24.000,0.000,0000000000,1,40.24,0,000,X,0000000000,B,Knieschoner,0,X,MI00
0000130415,00000869,0000000000,0000,06/01/2026,0010000510,0,06/01/2026,00010,NB,24.000,B,0.000,00/00/0000,0,000000000000000000,00/00/0000,000,4500000472,00010,N00,US00,06/01/2026,LEARN-800,S,07/13/2026,00000,07/14/2026,0.00,1,204,UTIL,PUMP1800,EA,24.000,0.000,0000000000,1,23.10,0,000,X,0000000000,B,Luftpumpe,0,X,MI00
0000130417,00000869,0000000000,0000,06/01/2026,0010000511,0,06/01/2026,00010,NB,155.000,B,0.000,00/00/0000,0,000000000000000000,00/00/0000,000,4500000473,00010,N00,US00,06/01/2026,LEARN-800,S,07/13/2026,00000,07/14/2026,0.00,1,204,UTIL,CAGE1800,EA,155.000,0.000,0000000000,1,10.51,0,000,X,0000000000,B,Wasserflaschenhalter,0,X,MI00
0000130419,00000869,0000000000,0000,06/01/2026,0010000512,0,06/01/2026,00010,NB,229.000,B,0.000,00/00/0000,0,000000000000000000,00/00/0000,000,4500000475,00010,N00,US00,06/01/2026,LEARN-800,S,07/08/2026,00000,07/14/2026,0.00,1,204,UTIL,CHSP1800,EA,229.000,0.000,0000000000,1,29.52,0,000,X,0000000000,B,Kettenschloss Security Pro 800,0,X,MI00
0000130421,00000869,0000000000,0000,06/01/2026,0010000513,0,06/01/2026,00010,NB,155.000,B,0.000,00/00/0000,0,000000000000000000,00/00/0000,000,4500000474,00010,N00,US00,06/01/2026,LEARN-800,S,07/13/2026,00000,07/14/2026,0.00,1,204,UTIL,CAGE1800,EA,155.000,0.000,0000000000,1,10.50,0,000,X,0000000000,B,Wasserflaschenhalter,0,X,MI00
0000130423,00000869,0000000000,0000,06/01/2026,0010000514,0,06/01/2026,00010,NB,24.000,B,0.000,00/00/0000,0,000000000000000000,00/00/0000,000,4500000476,00010,N00,US00,06/01/2026,LEARN-800,S,07/13/2026,00000,07/14/2026,0.00,1,204,UTIL,PUMP1800,EA,24.000,0.000,0000000000,1,22.96,0,000,X,0000000000,B,Luftpumpe,0,X,MI00
0000130425,00000869,0000000000,0000,06/01/2026,0010000515,0,06/01/2026,00010,NB,28.000,B,0.000,00/00/0000,0,000000000000000000,00/00/0000,000,4500000477,00010,N00,US00,06/01/2026,LEARN-800,S,07/13/2026,00000,07/14/2026,0.00,1,204,UTIL,PUMP1800,EA,28.000,0.000,0000000000,1,23.45,0,000,X,0000000000,B,Luftpumpe,0,X,MI00
0000130427,00000869,0000000000,0000,06/01/2026,0010000516,0,06/01/2026,00010,NB,17.000,B,0.000,00/00/0000,0,000000000000000000,00/00/0000,000,4500000478,00010,N00,US00,06/01/2026,LEARN-800,S,07/13/2026,00000,07/14/2026,0.00,1,204,SFTY,KPAD1800,EA,17.000,0.000,0000000000,1,41.00,0,000,X,0000000000,B,Knieschoner,0,X,MI00
0000130429,00000869,0000000000,0000,06/01/2026,0010000517,0,06/01/2026,00010,NB,86.000,B,0.000,00/00/0000,0,000000000000000000,00/00/0000,000,4500000480,00010,N00,US00,06/01/2026,LEARN-800,S,07/13/2026,00000,07/14/2026,0.00,1,204,UTIL,RKIT1800,EA,86.000,0.000,0000000000,1,15.80,0,000,X,0000000000,B,Flickzeug,0,X,MI00
0000130430,00000869,0000000000,0000,06/01/2026,0010000518,0,06/01/2026,00010,NB,33.000,B,0.000,00/00/0000,0,000000000000000000,00/00/0000,000,4500000479,00010,N00,US00,06/01/2026,LEARN-800,S,07/13/2026,00000,07/14/2026,0.00,1,204,SFTY,RHMT1800,EA,33.000,0.000,0000000000,1,27.42,0,000,X,0000000000,B,Straßenhelm,0,X,MI00
0000130433,00000869,0000000000,0000,06/01/2026,0010000519,0,06/01/2026,00010,NB,220.000,B,0.000,00/00/0000,0,000000000000000000,00/00/0000,000,4500000481,00010,N00,US00,06/01/2026,LEARN-800,S,07/13/2026,00000,07/14/2026,0.00,1,204,UTIL,CAGE1800,EA,220.000,0.000,0000000000,1,10.35,0,000,X,0000000000,B,Wasserflaschenhalter,0,X,MI00
0000130435,00000869,0000000000,0000,06/01/2026,0010000520,0,06/01/2026,00010,NB,23.000,B,0.000,00/00/0000,0,000000000000000000,00/00/0000,000,4500000482,00010,N00,US00,06/01/2026,LEARN-800,S,07/13/2026,00000,07/14/2026,0.00,1,204,SFTY,KPAD1800,EA,23.000,0.000,0000000000,1,40.97,0,000,X,0000000000,B,Knieschoner,0,X,MI00
0000130437,00000869,0000000000,0000,06/01/2026,0010000521,0,06/01/2026,00010,NB,29.000,B,0.000,00/00/0000,0,000000000000000000,00/00/0000,000,4500000483,00010,N00,US00,06/01/2026,LEARN-800,S,07/13/2026,00000,07/14/2026,0.00,1,204,UTIL,FAID1800,EA,29.000,0.000,0000000000,1,25.19,0,000,X,0000000000,B,Verbandkasten,0,X,MI00
0000130439,00000869,0000000000,0000,06/01/2026,0010000522,0,06/01/2026,00010,NB,20.000,B,0.000,00/00/0000,0,000000000000000000,00/00/0000,000,4500000484,00010,N00,US00,06/01/2026,LEARN-800,S,07/13/2026,00000,07/14/2026,0.00,1,204,SFTY,EPAD1800,EA,20.000,0.000,0000000000,1,40.48,0,000,X,0000000000,B,Ellenbogenschoner,0,X,MI00
