AEDAT,AWSYS,BLART,BLAUM,BLDAT,BUDAT,CPUDT,CPUTM,FRATH,MANDT,MBLNR,MJAHR,SPE_BUDAT_UHR,TCODE2,USNAM,VGART,WEVER
00/00/0000,A04CLNT204,WE,PR,06/01/2026,06/01/2026,06/01/2026,18:40:41,0.00,204,5000000242,2026,00:00:00,MB01,LEARN-802,WE,1
00/00/0000,A04CLNT204,WE,PR,06/01/2026,06/01/2026,06/01/2026,18:41:45,0.00,204,5000000243,2026,00:00:00,MB01,LEARN-802,WE,1
00/00/0000,A04CLNT204,WE,PR,06/01/2026,06/01/2026,06/01/2026,18:42:45,0.00,204,5000000244,2026,00:00:00,MB01,LEARN-802,WE,1
00/00/0000,A04CLNT204,WE,PR,06/01/2026,06/01/2026,06/01/2026,18:43:50,0.00,204,5000000245,2026,00:00:00,MB01,LEARN-802,WE,1
00/00/0000,A04CLNT204,WE,PR,06/01/2026,06/01/2026,06/01/2026,18:44:52,0.00,204,5000000246,2026,00:00:00,MB01,LEARN-802,WE,1
00/00/0000,A04CLNT204,WE,PR,06/01/2026,06/01/2026,06/01/2026,18:50:17,0.00,204,5000000247,2026,00:00:00,MB01,LEARN-802,WE,1
00/00/0000,A04CLNT204,WE,PR,06/01/2026,06/01/2026,06/01/2026,18:51:21,0.00,204,5000000248,2026,00:00:00,MB01,LEARN-802,WE,1
00/00/0000,A04CLNT204,WE,PR,06/01/2026,06/01/2026,06/01/2026,18:52:23,0.00,204,5000000249,2026,00:00:00,MB01,LEARN-802,WE,1
00/00/0000,A04CLNT204,WE,PR,06/01/2026,06/01/2026,06/01/2026,18:53:27,0.00,204,5000000250,2026,00:00:00,MB01,LEARN-802,WE,1
00/00/0000,A04CLNT204,WE,PR,06/01/2026,06/01/2026,06/01/2026,18:54:27,0.00,204,5000000251,2026,00:00:00,MB01,LEARN-802,WE,1
00/00/0000,A04CLNT204,WE,PR,06/01/2026,06/01/2026,06/01/2026,18:56:33,0.00,204,5000000252,2026,00:00:00,MB01,LEARN-802,WE,1
00/00/0000,A04CLNT204,WE,PR,06/01/2026,06/01/2026,06/01/2026,18:57:39,0.00,204,5000000253,2026,00:00:00,MB01,LEARN-802,WE,1
00/00/0000,A04CLNT204,WE,PR,06/01/2026,06/01/2026,06/01/2026,18:58:43,0.00,204,5000000254,2026,00:00:00,MB01,LEARN-802,WE,1
00/00/0000,A04CLNT204,WE,PR,06/01/2026,06/01/2026,06/01/2026,18:59:49,0.00,204,5000000255,2026,00:00:00,MB01,LEARN-802,WE,1
00/00/0000,A04CLNT204,WE,PR,06/01/2026,06/01/2026,06/01/2026,19:00:55,0.00,204,5000000256,2026,00:00:00,MB01,LEARN-802,WE,1
00/00/0000,A04CLNT204,WE,PR,06/01/2026,06/01/2026,06/01/2026,19:01:59,0.00,204,5000000257,2026,00:00:00,MB01,LEARN-802,WE,1
00/00/0000,A04CLNT204,WE,PR,06/01/2026,06/01/2026,06/01/2026,19:03:01,0.00,204,5000000258,2026,00:00:00,MB01,LEARN-802,WE,1
00/00/0000,A04CLNT204,WE,PR,06/01/2026,06/01/2026,06/01/2026,19:04:07,0.00,204,5000000259,2026,00:00:00,MB01,LEARN-802,WE,1
00/00/0000,A04CLNT204,WE,PR,06/01/2026,06/01/2026,06/01/2026,19:06:11,0.00,204,5000000260,2026,00:00:00,MB01,LEARN-802,WE,1
00/00/0000,A04CLNT204,WE,PR,06/01/2026,06/01/2026,06/01/2026,19:07:16,0.00,204,5000000261,2026,00:00:00,MB01,LEARN-802,WE,1
00/00/0000,A04CLNT204,WE,PR,06/01/2026,06/01/2026,06/01/2026,19:08:18,0.00,204,5000000262,2026,00:00:00,MB01,LEARN-802,WE,1
00/00/0000,A04CLNT204,WE,PR,06/01/2026,06/01/2026,06/01/2026,19:09:22,0.00,204,5000000263,2026,00:00:00,MB01,LEARN-802,WE,1
00/00/0000,A04CLNT204,WE,PR,06/01/2026,06/01/2026,06/01/2026,19:10:25,0.00,204,5000000264,2026,00:00:00,MB01,LEARN-802,WE,1
00/00/0000,A04CLNT204,WE,PR,06/01/2026,06/01/2026,06/01/2026,19:11:30,0.00,204,5000000265,2026,00:00:00,MB01,LEARN-802,WE,1
00/00/0000,A04CLNT204,WE,PR,06/01/2026,06/01/2026,06/01/2026,19:12:28,0.00,204,5000000266,2026,00:00:00,MB01,LEARN-802,WE,1
00/00/0000,A04CLNT204,WE,PR,06/01/2026,06/01/2026,06/01/2026,19:13:31,0.00,204,5000000267,2026,00:00:00,MB01,LEARN-802,WE,1
00/00/0000,A04CLNT204,WE,PR,06/01/2026,06/01/2026,06/01/2026,19:14:37,0.00,204,5000000268,2026,00:00:00,MB01,LEARN-802,WE,1
00/00/0000,A04CLNT204,WE,PR,06/01/2026,06/01/2026,06/01/2026,19:15:42,0.00,204,5000000269,2026,00:00:00,MB01,LEARN-802,WE,1
00/00/0000,A04CLNT204,WE,PR,06/01/2026,06/01/2026,06/01/2026,19:16:43,0.00,204,5000000270,2026,00:00:00,MB01,LEARN-802,WE,1
00/00/0000,A04CLNT204,WE,PR,06/01/2026,06/01/2026,06/01/2026,19:17:50,0.00,204,5000000271,2026,00:00:00,MB01,LEARN-802,WE,1
00/00/0000,A04CLNT204,WE,PR,06/01/2026,06/01/2026,06/01/2026,19:18:52,0.00,204,5000000272,2026,00:00:00,MB01,LEARN-802,WE,1
00/00/0000,A04CLNT204,WE,PR,06/01/2026,06/01/2026,06/01/2026,19:19:52,0.00,204,5000000273,2026,00:00:00,MB01,LEARN-802,WE,1
00/00/0000,A04CLNT204,WE,PR,06/01/2026,06/01/2026,06/01/2026,19:20:53,0.00,204,5000000274,2026,00:00:00,MB01,LEARN-802,WE,1
00/00/0000,A04CLNT204,WE,PR,06/01/2026,06/01/2026,06/01/2026,19:21:59,0.00,204,5000000275,2026,00:00:00,MB01,LEARN-802,WE,1
00/00/0000,A04CLNT204,WE,PR,06/01/2026,06/01/2026,06/01/2026,19:22:59,0.00,204,5000000276,2026,00:00:00,MB01,LEARN-802,WE,1
00/00/0000,A04CLNT204,WE,PR,06/01/2026,06/01/2026,06/01/2026,19:24:01,0.00,204,5000000277,2026,00:00:00,MB01,LEARN-802,WE,1
00/00/0000,A04CLNT204,WE,PR,06/01/2026,06/01/2026,06/01/2026,19:25:05,0.00,204,5000000278,2026,00:00:00,MB01,LEARN-802,WE,1
00/00/0000,A04CLNT204,WE,PR,06/01/2026,06/01/2026,06/01/2026,19:26:06,0.00,204,5000000279,2026,00:00:00,MB01,LEARN-802,WE,1
00/00/0000,A04CLNT204,WE,PR,06/01/2026,06/01/2026,06/01/2026,19:27:08,0.00,204,5000000280,2026,00:00:00,MB01,LEARN-802,WE,1
00/00/0000,A04CLNT204,WE,PR,06/01/2026,06/01/2026,06/01/2026,19:33:31,0.00,204,5000000281,2026,00:00:00,MB01,LEARN-802,WE,1
00/00/0000,A04CLNT204,WE,PR,06/01/2026,06/01/2026,06/01/2026,19:34:35,0.00,204,5000000282,2026,00:00:00,MB01,LEARN-802,WE,1
00/00/0000,A04CLNT204,WE,PR,06/01/2026,06/01/2026,06/01/2026,19:35:36,0.00,204,5000000283,2026,00:00:00,MB01,LEARN-802,WE,1
00/00/0000,A04CLNT204,WE,PR,06/01/2026,06/01/2026,06/01/2026,19:36:40,0.00,204,5000000284,2026,00:00:00,MB01,LEARN-802,WE,1
00/00/0000,A04CLNT204,WE,PR,06/01/2026,06/01/2026,06/01/2026,19:37:46,0.00,204,5000000285,2026,00:00:00,MB01,LEARN-802,WE,1
00/00/0000,A04CLNT204,WE,PR,06/01/2026,06/01/2026,06/01/2026,19:38:50,0.00,204,5000000286,2026,00:00:00,MB01,LEARN-802,WE,1
00/00/0000,A04CLNT204,WE,PR,06/01/2026,06/01/2026,06/01/2026,19:49:32,0.00,204,5000000287,2026,00:00:00,MB01,LEARN-802,WE,1
00/00/0000,A04CLNT204,WE,PR,06/01/2026,06/01/2026,06/01/2026,19:52:51,0.00,204,5000000288,2026,00:00:00,MB01,LEARN-802,WE,1
00/00/0000,A04CLNT204,WE,PR,06/01/2026,06/01/2026,06/01/2026,19:56:06,0.00,204,5000000289,2026,00:00:00,MB01,LEARN-802,WE,1
00/00/0000,A04CLNT204,WE,PR,06/01/2026,06/01/2026,06/01/2026,19:58:18,0.00,204,5000000290,2026,00:00:00,MB01,LEARN-802,WE,1
00/00/0000,A04CLNT204,WE,PR,06/01/2026,06/01/2026,06/01/2026,20:00:27,0.00,204,5000000291,2026,00:00:00,MB01,LEARN-802,WE,1
00/00/0000,A04CLNT204,WE,PR,06/01/2026,06/01/2026,06/01/2026,20:01:30,0.00,204,5000000292,2026,00:00:00,MB01,LEARN-802,WE,1
00/00/0000,A04CLNT204,WE,PR,06/01/2026,06/01/2026,06/01/2026,20:03:43,0.00,204,5000000293,2026,00:00:00,MB01,LEARN-802,WE,1
00/00/0000,A04CLNT204,WE,PR,06/01/2026,06/01/2026,06/01/2026,20:04:47,0.00,204,5000000294,2026,00:00:00,MB01,LEARN-802,WE,1
00/00/0000,A04CLNT204,WE,PR,06/01/2026,06/01/2026,06/01/2026,20:05:51,0.00,204,5000000295,2026,00:00:00,MB01,LEARN-802,WE,1
00/00/0000,A04CLNT204,WE,PR,06/01/2026,06/01/2026,06/01/2026,20:06:58,0.00,204,5000000296,2026,00:00:00,MB01,LEARN-802,WE,1
00/00/0000,A04CLNT204,WE,PR,06/01/2026,06/01/2026,06/01/2026,20:08:00,0.00,204,5000000297,2026,00:00:00,MB01,LEARN-802,WE,1
00/00/0000,A04CLNT204,WE,PR,06/01/2026,06/01/2026,06/01/2026,20:10:06,0.00,204,5000000298,2026,00:00:00,MB01,LEARN-802,WE,1
00/00/0000,A04CLNT204,WE,PR,06/01/2026,06/01/2026,06/01/2026,20:11:08,0.00,204,5000000299,2026,00:00:00,MB01,LEARN-802,WE,1
00/00/0000,A04CLNT204,WE,PR,06/01/2026,06/01/2026,06/01/2026,20:12:11,0.00,204,5000000300,2026,00:00:00,MB01,LEARN-802,WE,1
00/00/0000,A04CLNT204,WE,PR,06/01/2026,06/01/2026,06/01/2026,20:13:12,0.00,204,5000000301,2026,00:00:00,MB01,LEARN-802,WE,1
00/00/0000,A04CLNT204,WE,PR,06/01/2026,06/01/2026,06/01/2026,20:15:14,0.00,204,5000000302,2026,00:00:00,MB01,LEARN-802,WE,1
00/00/0000,A04CLNT204,WE,PR,06/01/2026,06/01/2026,06/01/2026,20:16:17,0.00,204,5000000303,2026,00:00:00,MB01,LEARN-802,WE,1
00/00/0000,A04CLNT204,WE,PR,06/01/2026,06/01/2026,06/01/2026,20:18:21,0.00,204,5000000304,2026,00:00:00,MB01,LEARN-802,WE,1
00/00/0000,A04CLNT204,WE,PR,06/01/2026,06/01/2026,06/01/2026,20:19:24,0.00,204,5000000305,2026,00:00:00,MB01,LEARN-802,WE,1
00/00/0000,A04CLNT204,WE,PR,06/01/2026,06/01/2026,06/01/2026,20:21:37,0.00,204,5000000306,2026,00:00:00,MB01,LEARN-802,WE,1
00/00/0000,A04CLNT204,WE,PR,06/01/2026,06/01/2026,06/01/2026,20:23:49,0.00,204,5000000307,2026,00:00:00,MB01,LEARN-802,WE,1
00/00/0000,A04CLNT204,WE,PR,06/01/2026,06/01/2026,06/01/2026,20:24:50,0.00,204,5000000308,2026,00:00:00,MB01,LEARN-802,WE,1
00/00/0000,A04CLNT204,WE,PR,06/01/2026,06/01/2026,06/01/2026,20:25:53,0.00,204,5000000309,2026,00:00:00,MB01,LEARN-802,WE,1
00/00/0000,A04CLNT204,WE,PR,06/01/2026,06/01/2026,06/01/2026,20:26:59,0.00,204,5000000310,2026,00:00:00,MB01,LEARN-802,WE,1
00/00/0000,A04CLNT204,WE,PR,06/01/2026,06/01/2026,06/01/2026,20:28:00,0.00,204,5000000311,2026,00:00:00,MB01,LEARN-802,WE,1
00/00/0000,A04CLNT204,WE,PR,06/01/2026,06/01/2026,06/01/2026,20:29:02,0.00,204,5000000312,2026,00:00:00,MB01,LEARN-802,WE,1
00/00/0000,A04CLNT204,WE,PR,06/01/2026,06/01/2026,06/01/2026,20:30:04,0.00,204,5000000313,2026,00:00:00,MB01,LEARN-802,WE,1
00/00/0000,A04CLNT204,WE,PR,06/01/2026,06/01/2026,06/01/2026,20:31:08,0.00,204,5000000314,2026,00:00:00,MB01,LEARN-802,WE,1
00/00/0000,A04CLNT204,WE,PR,06/01/2026,06/01/2026,06/01/2026,20:32:14,0.00,204,5000000315,2026,00:00:00,MB01,LEARN-802,WE,1
00/00/0000,A04CLNT204,WE,PR,06/01/2026,06/01/2026,06/01/2026,20:33:19,0.00,204,5000000316,2026,00:00:00,MB01,LEARN-802,WE,1
00/00/0000,A04CLNT204,WE,PR,06/01/2026,06/01/2026,06/01/2026,20:34:21,0.00,204,5000000317,2026,00:00:00,MB01,LEARN-802,WE,1
00/00/0000,A04CLNT204,WE,PR,06/01/2026,06/01/2026,06/01/2026,20:35:22,0.00,204,5000000318,2026,00:00:00,MB01,LEARN-802,WE,1
00/00/0000,A04CLNT204,WE,PR,06/01/2026,06/01/2026,06/01/2026,20:36:24,0.00,204,5000000319,2026,00:00:00,MB01,LEARN-802,WE,1
00/00/0000,A04CLNT204,WE,PR,06/01/2026,06/01/2026,06/01/2026,20:38:26,0.00,204,5000000320,2026,00:00:00,MB01,LEARN-802,WE,1
00/00/0000,A04CLNT204,WE,PR,06/01/2026,06/01/2026,06/01/2026,20:39:26,0.00,204,5000000321,2026,00:00:00,MB01,LEARN-802,WE,1
00/00/0000,A04CLNT204,WE,PR,06/01/2026,06/01/2026,06/01/2026,20:40:30,0.00,204,5000000322,2026,00:00:00,MB01,LEARN-802,WE,1
00/00/0000,A04CLNT204,WE,PR,06/01/2026,06/01/2026,06/01/2026,20:41:34,0.00,204,5000000323,2026,00:00:00,MB01,LEARN-802,WE,1
00/00/0000,A04CLNT204,WE,PR,06/01/2026,06/01/2026,06/01/2026,20:42:41,0.00,204,5000000324,2026,00:00:00,MB01,LEARN-802,WE,1
00/00/0000,A04CLNT204,WE,PR,06/01/2026,06/01/2026,06/01/2026,20:54:34,0.00,204,5000000325,2026,00:00:00,MB01,LEARN-802,WE,1
00/00/0000,A04CLNT204,WE,PR,06/01/2026,06/01/2026,06/01/2026,20:57:56,0.00,204,5000000326,2026,00:00:00,MB01,LEARN-802,WE,1
00/00/0000,A04CLNT204,WE,PR,06/01/2026,06/01/2026,06/01/2026,21:01:22,0.00,204,5000000327,2026,00:00:00,MB01,LEARN-802,WE,1
00/00/0000,A04CLNT204,WE,PR,06/01/2026,06/01/2026,06/01/2026,21:03:34,0.00,204,5000000328,2026,00:00:00,MB01,LEARN-802,WE,1
00/00/0000,A04CLNT204,WE,PR,06/01/2026,06/01/2026,06/01/2026,21:04:41,0.00,204,5000000329,2026,00:00:00,MB01,LEARN-802,WE,1
00/00/0000,A04CLNT204,WE,PR,06/01/2026,06/01/2026,06/01/2026,21:05:51,0.00,204,5000000330,2026,00:00:00,MB01,LEARN-802,WE,1
00/00/0000,A04CLNT204,WE,PR,06/01/2026,06/01/2026,06/01/2026,21:06:57,0.00,204,5000000331,2026,00:00:00,MB01,LEARN-802,WE,1
00/00/0000,A04CLNT204,WE,PR,06/01/2026,06/01/2026,06/01/2026,21:08:03,0.00,204,5000000332,2026,00:00:00,MB01,LEARN-801,WE,1
00/00/0000,A04CLNT204,WE,PR,06/01/2026,06/01/2026,06/01/2026,21:08:03,0.00,204,5000000333,2026,00:00:00,MB01,LEARN-802,WE,1
00/00/0000,A04CLNT204,WE,PR,06/01/2026,06/01/2026,06/01/2026,21:09:05,0.00,204,5000000334,2026,00:00:00,MB01,LEARN-801,WE,1
00/00/0000,A04CLNT204,WE,PR,06/01/2026,06/01/2026,06/01/2026,21:09:11,0.00,204,5000000335,2026,00:00:00,MB01,LEARN-802,WE,1
00/00/0000,A04CLNT204,WE,PR,06/01/2026,06/01/2026,06/01/2026,21:10:07,0.00,204,5000000336,2026,00:00:00,MB01,LEARN-801,WE,1
00/00/0000,A04CLNT204,WE,PR,06/01/2026,06/01/2026,06/01/2026,21:12:18,0.00,204,5000000337,2026,00:00:00,MB01,LEARN-802,WE,1
00/00/0000,A04CLNT204,WE,PR,06/01/2026,06/01/2026,06/01/2026,21:13:26,0.00,204,5000000338,2026,00:00:00,MB01,LEARN-802,WE,1
00/00/0000,A04CLNT204,WE,PR,06/01/2026,06/01/2026,06/01/2026,21:14:26,0.00,204,5000000339,2026,00:00:00,MB01,LEARN-802,WE,1
00/00/0000,A04CLNT204,WE,PR,06/01/2026,06/01/2026,06/01/2026,21:15:28,0.00,204,5000000340,2026,00:00:00,MB01,LEARN-802,WE,1
00/00/0000,A04CLNT204,WE,PR,06/01/2026,06/01/2026,06/01/2026,21:23:46,0.00,204,5000000341,2026,00:00:00,MB01,LEARN-802,WE,1
00/00/0000,A04CLNT204,WE,PR,06/01/2026,06/01/2026,06/01/2026,21:27:12,0.00,204,5000000342,2026,00:00:00,MB01,LEARN-802,WE,1
00/00/0000,A04CLNT204,WE,PR,06/01/2026,06/01/2026,06/01/2026,21:29:24,0.00,204,5000000343,2026,00:00:00,MB01,LEARN-802,WE,1
00/00/0000,A04CLNT204,WE,PR,06/01/2026,06/01/2026,06/01/2026,21:31:34,0.00,204,5000000344,2026,00:00:00,MB01,LEARN-802,WE,1
00/00/0000,A04CLNT204,WE,PR,06/01/2026,06/01/2026,06/01/2026,21:32:38,0.00,204,5000000345,2026,00:00:00,MB01,LEARN-802,WE,1
00/00/0000,A04CLNT204,WE,PR,06/01/2026,06/01/2026,06/01/2026,21:33:55,0.00,204,5000000346,2026,00:00:00,MB01,LEARN-802,WE,1
00/00/0000,A04CLNT204,WE,PR,06/01/2026,06/01/2026,06/01/2026,21:34:59,0.00,204,5000000347,2026,00:00:00,MB01,LEARN-802,WE,1
00/00/0000,A04CLNT204,WE,PR,06/01/2026,06/01/2026,06/01/2026,21:36:01,0.00,204,5000000348,2026,00:00:00,MB01,LEARN-802,WE,1
00/00/0000,A04CLNT204,WE,PR,06/01/2026,06/01/2026,06/01/2026,21:37:05,0.00,204,5000000349,2026,00:00:00,MB01,LEARN-802,WE,1
00/00/0000,A04CLNT204,WE,PR,06/01/2026,06/01/2026,06/01/2026,21:38:05,0.00,204,5000000350,2026,00:00:00,MB01,LEARN-802,WE,1
00/00/0000,A04CLNT204,WE,PR,06/01/2026,06/01/2026,06/01/2026,21:39:06,0.00,204,5000000351,2026,00:00:00,MB01,LEARN-802,WE,1
00/00/0000,A04CLNT204,WE,PR,06/01/2026,06/01/2026,06/01/2026,21:40:06,0.00,204,5000000352,2026,00:00:00,MB01,LEARN-802,WE,1
00/00/0000,A04CLNT204,WE,PR,06/01/2026,06/01/2026,06/01/2026,21:41:08,0.00,204,5000000353,2026,00:00:00,MB01,LEARN-802,WE,1
00/00/0000,A04CLNT204,WE,PR,06/01/2026,06/01/2026,06/01/2026,21:42:21,0.00,204,5000000354,2026,00:00:00,MB01,LEARN-801,WE,1
00/00/0000,A04CLNT204,WE,PR,06/01/2026,06/01/2026,06/01/2026,21:42:24,0.00,204,5000000355,2026,00:00:00,MB01,LEARN-802,WE,1
00/00/0000,A04CLNT204,WE,PR,06/01/2026,06/01/2026,06/01/2026,21:43:25,0.00,204,5000000356,2026,00:00:00,MB01,LEARN-802,WE,1
00/00/0000,A04CLNT204,WE,PR,06/01/2026,06/01/2026,06/01/2026,21:44:30,0.00,204,5000000357,2026,00:00:00,MB01,LEARN-802,WE,1
00/00/0000,A04CLNT204,WE,PR,06/01/2026,06/01/2026,06/01/2026,21:45:32,0.00,204,5000000358,2026,00:00:00,MB01,LEARN-802,WE,1
00/00/0000,A04CLNT204,WE,PR,06/01/2026,06/01/2026,06/01/2026,21:46:34,0.00,204,5000000359,2026,00:00:00,MB01,LEARN-802,WE,1
00/00/0000,A04CLNT204,WE,PR,06/01/2026,06/01/2026,06/01/2026,21:47:35,0.00,204,5000000360,2026,00:00:00,MB01,LEARN-802,WE,1
00/00/0000,A04CLNT204,WE,PR,06/01/2026,06/01/2026,06/01/2026,21:48:38,0.00,204,5000000361,2026,00:00:00,MB01,LEARN-802,WE,1
00/00/0000,A04CLNT204,WE,PR,06/01/2026,06/01/2026,06/01/2026,21:49:40,0.00,204,5000000362,2026,00:00:00,MB01,LEARN-802,WE,1
00/00/0000,A04CLNT204,WE,PR,06/01/2026,06/01/2026,06/01/2026,21:51:03,0.00,204,5000000363,2026,00:00:00,MB01,LEARN-802,WE,1
00/00/0000,A04CLNT204,WE,PR,06/01/2026,06/01/2026,06/01/2026,21:52:07,0.00,204,5000000364,2026,00:00:00,MB01,LEARN-802,WE,1
00/00/0000,A04CLNT204,WE,PR,06/01/2026,06/01/2026,06/01/2026,21:53:09,0.00,204,5000000365,2026,00:00:00,MB01,LEARN-802,WE,1
00/00/0000,A04CLNT204,WE,PR,06/01/2026,06/01/2026,06/01/2026,21:54:12,0.00,204,5000000366,2026,00:00:00,MB01,LEARN-802,WE,1
00/00/0000,A04CLNT204,WE,PR,06/01/2026,06/01/2026,06/01/2026,21:55:14,0.00,204,5000000367,2026,00:00:00,MB01,LEARN-802,WE,1
00/00/0000,A04CLNT204,WE,PR,06/01/2026,06/01/2026,06/01/2026,22:05:05,0.00,204,5000000368,2026,00:00:00,MB01,LEARN-802,WE,1
00/00/0000,A04CLNT204,WE,PR,06/01/2026,06/01/2026,06/01/2026,22:06:07,0.00,204,5000000369,2026,00:00:00,MB01,LEARN-801,WE,1
00/00/0000,A04CLNT204,WE,PR,06/01/2026,06/01/2026,06/01/2026,22:07:17,0.00,204,5000000370,2026,00:00:00,MB01,LEARN-802,WE,1
00/00/0000,A04CLNT204,WE,PR,06/01/2026,06/01/2026,06/01/2026,22:09:24,0.00,204,5000000371,2026,00:00:00,MB01,LEARN-802,WE,1
00/00/0000,A04CLNT204,WE,PR,06/01/2026,06/01/2026,06/01/2026,22:11:36,0.00,204,5000000372,2026,00:00:00,MB01,LEARN-802,WE,1
00/00/0000,A04CLNT204,WE,PR,06/01/2026,06/01/2026,06/01/2026,22:12:40,0.00,204,5000000373,2026,00:00:00,MB01,LEARN-802,WE,1
00/00/0000,A04CLNT204,WE,PR,06/01/2026,06/01/2026,06/01/2026,22:13:45,0.00,204,5000000374,2026,00:00:00,MB01,LEARN-802,WE,1
00/00/0000,A04CLNT204,WE,PR,06/01/2026,06/01/2026,06/01/2026,22:14:51,0.00,204,5000000375,2026,00:00:00,MB01,LEARN-802,WE,1
00/00/0000,A04CLNT204,WE,PR,06/01/2026,06/01/2026,06/01/2026,22:15:56,0.00,204,5000000376,2026,00:00:00,MB01,LEARN-802,WE,1
00/00/0000,A04CLNT204,WE,PR,06/01/2026,06/01/2026,06/01/2026,22:18:03,0.00,204,5000000377,2026,00:00:00,MB01,LEARN-802,WE,1
00/00/0000,A04CLNT204,WE,PR,06/01/2026,06/01/2026,06/01/2026,22:20:31,0.00,204,5000000378,2026,00:00:00,MB01,LEARN-802,WE,1
00/00/0000,A04CLNT204,WE,PR,06/01/2026,06/01/2026,06/01/2026,22:22:41,0.00,204,5000000379,2026,00:00:00,MB01,LEARN-802,WE,1
00/00/0000,A04CLNT204,WE,PR,06/01/2026,06/01/2026,06/01/2026,22:23:49,0.00,204,5000000380,2026,00:00:00,MB01,LEARN-802,WE,1
00/00/0000,A04CLNT204,WE,PR,06/01/2026,06/01/2026,06/01/2026,22:24:38,0.00,204,5000000381,2026,00:00:00,MB01,LEARN-802,WE,1
00/00/0000,A04CLNT204,WE,PR,06/01/2026,06/01/2026,06/01/2026,22:25:58,0.00,204,5000000382,2026,00:00:00,MB01,LEARN-802,WE,1
00/00/0000,A04CLNT204,WE,PR,06/01/2026,06/01/2026,06/01/2026,22:26:53,0.00,204,5000000383,2026,00:00:00,MB01,LEARN-802,WE,1
00/00/0000,A04CLNT204,WE,PR,06/01/2026,06/01/2026,06/01/2026,22:27:47,0.00,204,5000000384,2026,00:00:00,MB01,LEARN-802,WE,1
00/00/0000,A04CLNT204,WE,PR,06/01/2026,06/01/2026,06/01/2026,22:28:37,0.00,204,5000000385,2026,00:00:00,MB01,LEARN-802,WE,1
00/00/0000,A04CLNT204,WE,PR,06/01/2026,06/01/2026,06/01/2026,22:29:29,0.00,204,5000000386,2026,00:00:00,MB01,LEARN-801,WE,1
00/00/0000,A04CLNT204,WE,PR,06/01/2026,06/01/2026,06/01/2026,22:29:32,0.00,204,5000000387,2026,00:00:00,MB01,LEARN-802,WE,1
00/00/0000,A04CLNT204,WE,PR,06/01/2026,06/01/2026,06/01/2026,22:30:06,0.00,204,5000000388,2026,00:00:00,MB01,LEARN-801,WE,1
00/00/0000,A04CLNT204,WE,PR,06/01/2026,06/01/2026,06/01/2026,22:30:47,0.00,204,5000000389,2026,00:00:00,MB01,LEARN-802,WE,1
00/00/0000,A04CLNT204,WE,PR,06/01/2026,06/01/2026,06/01/2026,22:31:26,0.00,204,5000000390,2026,00:00:00,MB01,LEARN-802,WE,1
00/00/0000,A04CLNT204,WE,PR,06/01/2026,06/01/2026,06/01/2026,22:32:07,0.00,204,5000000391,2026,00:00:00,MB01,LEARN-802,WE,1
00/00/0000,A04CLNT204,WE,PR,06/01/2026,06/01/2026,06/01/2026,22:32:46,0.00,204,5000000392,2026,00:00:00,MB01,LEARN-802,WE,1
00/00/0000,A04CLNT204,WE,PR,06/01/2026,06/01/2026,06/01/2026,22:33:26,0.00,204,5000000393,2026,00:00:00,MB01,LEARN-802,WE,1
00/00/0000,A04CLNT204,WE,PR,06/01/2026,06/01/2026,06/01/2026,22:34:04,0.00,204,5000000394,2026,00:00:00,MB01,LEARN-802,WE,1
00/00/0000,A04CLNT204,WE,PR,06/01/2026,06/01/2026,06/01/2026,22:34:43,0.00,204,5000000395,2026,00:00:00,MB01,LEARN-802,WE,1
00/00/0000,A04CLNT204,WE,PR,06/01/2026,06/01/2026,06/01/2026,22:35:22,0.00,204,5000000396,2026,00:00:00,MB01,LEARN-802,WE,1
00/00/0000,A04CLNT204,WE,PR,06/01/2026,06/01/2026,06/01/2026,22:36:01,0.00,204,5000000397,2026,00:00:00,MB01,LEARN-802,WE,1
00/00/0000,A04CLNT204,WE,PR,06/01/2026,06/01/2026,06/01/2026,22:36:37,0.00,204,5000000398,2026,00:00:00,MB01,LEARN-802,WE,1
00/00/0000,A04CLNT204,WE,PR,06/01/2026,06/01/2026,06/01/2026,22:37:15,0.00,204,5000000399,2026,00:00:00,MB01,LEARN-802,WE,1
00/00/0000,A04CLNT204,WE,PR,06/01/2026,06/01/2026,06/01/2026,22:37:55,0.00,204,5000000400,2026,00:00:00,MB01,LEARN-802,WE,1
00/00/0000,A04CLNT204,WE,PR,06/01/2026,06/01/2026,06/01/2026,22:38:32,0.00,204,5000000401,2026,00:00:00,MB01,LEARN-802,WE,1
00/00/0000,A04CLNT204,WE,PR,06/01/2026,06/01/2026,06/01/2026,22:39:12,0.00,204,5000000402,2026,00:00:00,MB01,LEARN-802,WE,1
00/00/0000,A04CLNT204,WE,PR,06/01/2026,06/01/2026,06/01/2026,22:39:50,0.00,204,5000000403,2026,00:00:00,MB01,LEARN-802,WE,1
00/00/0000,A04CLNT204,WE,PR,06/01/2026,06/01/2026,06/01/2026,22:40:30,0.00,204,5000000404,2026,00:00:00,MB01,LEARN-802,WE,1
00/00/0000,A04CLNT204,WE,PR,06/01/2026,06/01/2026,06/01/2026,22:41:10,0.00,204,5000000405,2026,00:00:00,MB01,LEARN-802,WE,1
00/00/0000,A04CLNT204,WE,PR,06/01/2026,06/01/2026,06/01/2026,22:41:51,0.00,204,5000000406,2026,00:00:00,MB01,LEARN-802,WE,1
00/00/0000,A04CLNT204,WE,PR,06/01/2026,06/01/2026,06/01/2026,22:42:33,0.00,204,5000000407,2026,00:00:00,MB01,LEARN-802,WE,1
00/00/0000,A04CLNT204,WE,PR,06/01/2026,06/01/2026,06/01/2026,22:43:07,0.00,204,5000000408,2026,00:00:00,MB01,LEARN-802,WE,1
00/00/0000,A04CLNT204,WE,PR,06/01/2026,06/01/2026,06/01/2026,22:43:43,0.00,204,5000000409,2026,00:00:00,MB01,LEARN-802,WE,1
00/00/0000,A04CLNT204,WE,PR,06/01/2026,06/01/2026,06/01/2026,22:44:23,0.00,204,5000000410,2026,00:00:00,MB01,LEARN-802,WE,1
00/00/0000,A04CLNT204,WE,PR,06/01/2026,06/01/2026,06/01/2026,22:44:58,0.00,204,5000000411,2026,00:00:00,MB01,LEARN-802,WE,1
00/00/0000,A04CLNT204,WE,PR,06/01/2026,06/01/2026,06/01/2026,22:45:34,0.00,204,5000000412,2026,00:00:00,MB01,LEARN-802,WE,1
00/00/0000,A04CLNT204,WE,PR,06/01/2026,06/01/2026,06/01/2026,22:46:09,0.00,204,5000000413,2026,00:00:00,MB01,LEARN-802,WE,1
00/00/0000,A04CLNT204,WE,PR,06/01/2026,06/01/2026,06/01/2026,22:46:43,0.00,204,5000000414,2026,00:00:00,MB01,LEARN-802,WE,1
00/00/0000,A04CLNT204,WE,PR,06/01/2026,06/01/2026,06/01/2026,22:47:23,0.00,204,5000000415,2026,00:00:00,MB01,LEARN-802,WE,1
00/00/0000,A04CLNT204,WE,PR,06/01/2026,06/01/2026,06/01/2026,22:48:03,0.00,204,5000000416,2026,00:00:00,MB01,LEARN-802,WE,1
00/00/0000,A04CLNT204,WE,PR,06/01/2026,06/01/2026,06/01/2026,22:48:41,0.00,204,5000000417,2026,00:00:00,MB01,LEARN-802,WE,1
00/00/0000,A04CLNT204,WE,PR,06/01/2026,06/01/2026,06/01/2026,22:49:21,0.00,204,5000000418,2026,00:00:00,MB01,LEARN-802,WE,1
00/00/0000,A04CLNT204,WE,PR,06/01/2026,06/01/2026,06/01/2026,22:49:59,0.00,204,5000000419,2026,00:00:00,MB01,LEARN-802,WE,1
00/00/0000,A04CLNT204,WE,PR,06/01/2026,06/01/2026,06/01/2026,22:52:34,0.00,204,5000000420,2026,00:00:00,MB01,LEARN-802,WE,1
00/00/0000,A04CLNT204,WE,PR,06/01/2026,06/01/2026,06/01/2026,22:53:11,0.00,204,5000000421,2026,00:00:00,MB01,LEARN-802,WE,1
00/00/0000,A04CLNT204,WE,PR,06/01/2026,06/01/2026,06/01/2026,22:53:48,0.00,204,5000000422,2026,00:00:00,MB01,LEARN-802,WE,1
00/00/0000,A04CLNT204,WE,PR,06/01/2026,06/01/2026,06/01/2026,22:54:26,0.00,204,5000000423,2026,00:00:00,MB01,LEARN-802,WE,1
00/00/0000,A04CLNT204,WE,PR,06/01/2026,06/01/2026,06/01/2026,22:55:03,0.00,204,5000000424,2026,00:00:00,MB01,LEARN-802,WE,1
00/00/0000,A04CLNT204,WE,PR,06/01/2026,06/01/2026,06/01/2026,22:55:44,0.00,204,5000000425,2026,00:00:00,MB01,LEARN-802,WE,1
00/00/0000,A04CLNT204,WE,PR,06/01/2026,06/01/2026,06/01/2026,22:56:24,0.00,204,5000000426,2026,00:00:00,MB01,LEARN-802,WE,1
00/00/0000,A04CLNT204,WE,PR,06/01/2026,06/01/2026,06/01/2026,22:57:02,0.00,204,5000000427,2026,00:00:00,MB01,LEARN-802,WE,1
00/00/0000,A04CLNT204,WE,PR,06/01/2026,06/01/2026,06/01/2026,22:57:40,0.00,204,5000000428,2026,00:00:00,MB01,LEARN-802,WE,1
00/00/0000,A04CLNT204,WE,PR,06/01/2026,06/01/2026,06/01/2026,22:58:19,0.00,204,5000000429,2026,00:00:00,MB01,LEARN-802,WE,1
00/00/0000,A04CLNT204,WE,PR,06/01/2026,06/01/2026,06/01/2026,22:58:57,0.00,204,5000000430,2026,00:00:00,MB01,LEARN-802,WE,1
00/00/0000,A04CLNT204,WE,PR,06/01/2026,06/01/2026,06/01/2026,22:59:34,0.00,204,5000000431,2026,00:00:00,MB01,LEARN-802,WE,1
00/00/0000,A04CLNT204,WE,PR,06/01/2026,06/01/2026,06/01/2026,23:00:15,0.00,204,5000000432,2026,00:00:00,MB01,LEARN-802,WE,1
00/00/0000,A04CLNT204,WE,PR,06/01/2026,06/01/2026,06/01/2026,23:00:57,0.00,204,5000000433,2026,00:00:00,MB01,LEARN-802,WE,1
00/00/0000,A04CLNT204,WE,PR,06/01/2026,06/01/2026,06/01/2026,23:01:35,0.00,204,5000000434,2026,00:00:00,MB01,LEARN-802,WE,1
00/00/0000,A04CLNT204,WE,PR,06/01/2026,06/01/2026,06/01/2026,23:02:15,0.00,204,5000000435,2026,00:00:00,MB01,LEARN-802,WE,1
00/00/0000,A04CLNT204,WE,PR,06/01/2026,06/01/2026,06/01/2026,23:02:52,0.00,204,5000000436,2026,00:00:00,MB01,LEARN-802,WE,1
00/00/0000,A04CLNT204,WE,PR,06/01/2026,06/01/2026,06/01/2026,23:03:35,0.00,204,5000000437,2026,00:00:00,MB01,LEARN-802,WE,1
00/00/0000,A04CLNT204,WE,PR,06/01/2026,06/01/2026,06/01/2026,23:04:15,0.00,204,5000000438,2026,00:00:00,MB01,LEARN-802,WE,1
00/00/0000,A04CLNT204,WE,PR,06/01/2026,06/01/2026,06/01/2026,23:04:52,0.00,204,5000000439,2026,00:00:00,MB01,LEARN-802,WE,1
00/00/0000,A04CLNT204,WE,PR,06/01/2026,06/01/2026,06/01/2026,23:05:26,0.00,204,5000000440,2026,00:00:00,MB01,LEARN-802,WE,1
00/00/0000,A04CLNT204,WE,PR,06/01/2026,06/01/2026,06/01/2026,23:06:07,0.00,204,5000000441,2026,00:00:00,MB01,LEARN-802,WE,1
00/00/0000,A04CLNT204,WE,PR,06/01/2026,06/01/2026,06/01/2026,23:06:48,0.00,204,5000000442,2026,00:00:00,MB01,LEARN-802,WE,1
00/00/0000,A04CLNT204,WE,PR,06/01/2026,06/01/2026,06/01/2026,23:07:28,0.00,204,5000000443,2026,00:00:00,MB01,LEARN-802,WE,1
00/00/0000,A04CLNT204,WE,PR,06/01/2026,06/01/2026,06/01/2026,23:08:08,0.00,204,5000000444,2026,00:00:00,MB01,LEARN-802,WE,1
00/00/0000,A04CLNT204,WE,PR,06/01/2026,06/01/2026,06/01/2026,23:08:49,0.00,204,5000000445,2026,00:00:00,MB01,LEARN-802,WE,1
00/00/0000,A04CLNT204,WE,PR,06/01/2026,06/01/2026,06/01/2026,23:09:28,0.00,204,5000000446,2026,00:00:00,MB01,LEARN-802,WE,1
00/00/0000,A04CLNT204,WE,PR,06/01/2026,06/01/2026,06/01/2026,23:10:07,0.00,204,5000000447,2026,00:00:00,MB01,LEARN-802,WE,1
00/00/0000,A04CLNT204,WE,PR,06/01/2026,06/01/2026,06/01/2026,23:10:46,0.00,204,5000000448,2026,00:00:00,MB01,LEARN-802,WE,1
00/00/0000,A04CLNT204,WE,PR,06/01/2026,06/01/2026,06/01/2026,23:11:22,0.00,204,5000000449,2026,00:00:00,MB01,LEARN-802,WE,1
00/00/0000,A04CLNT204,WE,PR,06/01/2026,06/01/2026,06/01/2026,23:12:02,0.00,204,5000000450,2026,00:00:00,MB01,LEARN-802,WE,1
00/00/0000,A04CLNT204,WE,PR,06/01/2026,06/01/2026,06/01/2026,23:12:41,0.00,204,5000000451,2026,00:00:00,MB01,LEARN-802,WE,1
00/00/0000,A04CLNT204,WA,PR,06/01/2026,06/01/2026,06/01/2026,18:45:58,0.00,204,4900038032,2026,00:00:00,MB1C,LEARN-802,WA,1
00/00/0000,A04CLNT204,WA,PR,06/01/2026,06/01/2026,06/01/2026,19:28:17,0.00,204,4900038033,2026,00:00:00,MB11,LEARN-802,WA,1
00/00/0000,A04CLNT204,WA,PR,06/01/2026,06/01/2026,06/01/2026,19:29:20,0.00,204,4900038034,2026,00:00:00,MB11,LEARN-802,WA,1
00/00/0000,A04CLNT204,WA,PR,06/01/2026,06/01/2026,06/01/2026,19:30:19,0.00,204,4900038035,2026,00:00:00,MB1C,LEARN-802,WA,1
00/00/0000,A04CLNT204,WA,PR,06/01/2026,06/01/2026,06/01/2026,19:31:22,0.00,204,4900038036,2026,00:00:00,MB1C,LEARN-802,WA,1
00/00/0000,A04CLNT204,WA,PR,06/01/2026,06/01/2026,06/01/2026,19:32:27,0.00,204,4900038037,2026,00:00:00,MB1C,LEARN-802,WA,1
00/00/0000,A04CLNT204,WA,PR,06/01/2026,06/01/2026,06/01/2026,19:39:54,0.00,204,4900038038,2026,00:00:00,MB1C,LEARN-802,WA,1
00/00/0000,A04CLNT204,WA,PR,06/01/2026,06/01/2026,06/01/2026,19:40:56,0.00,204,4900038039,2026,00:00:00,MB1C,LEARN-802,WA,1
00/00/0000,A04CLNT204,WA,PR,06/01/2026,06/01/2026,06/01/2026,20:37:26,0.00,204,4900038040,2026,00:00:00,MB1C,LEARN-802,WA,1
00/00/0000,A04CLNT204,WA,PR,06/01/2026,06/01/2026,06/01/2026,21:16:30,0.00,204,4900038041,2026,00:00:00,MB1C,LEARN-802,WA,1
00/00/0000,A04CLNT204,WA,PR,06/01/2026,06/01/2026,06/01/2026,21:17:31,0.00,204,4900038042,2026,00:00:00,MB1C,LEARN-802,WA,1
00/00/0000,A04CLNT204,WA,PR,06/01/2026,06/01/2026,06/01/2026,21:18:32,0.00,204,4900038043,2026,00:00:00,MB1C,LEARN-802,WA,1
00/00/0000,A04CLNT204,WA,PR,06/01/2026,06/01/2026,06/01/2026,21:56:17,0.00,204,4900038044,2026,00:00:00,MB1C,LEARN-802,WA,1
00/00/0000,A04CLNT204,WA,PR,06/01/2026,06/01/2026,06/01/2026,21:57:19,0.00,204,4900038045,2026,00:00:00,MB1C,LEARN-802,WA,1
00/00/0000,A04CLNT204,WA,PR,06/01/2026,06/01/2026,06/01/2026,22:30:10,0.00,204,4900038046,2026,00:00:00,MB1C,LEARN-802,WA,1
00/00/0000,A04CLNT204,WA,PR,06/01/2026,06/01/2026,06/01/2026,22:50:44,0.00,204,4900038047,2026,00:00:00,MB11,LEARN-802,WA,1
00/00/0000,A04CLNT204,WA,PR,06/01/2026,06/01/2026,06/01/2026,22:51:25,0.00,204,4900038048,2026,00:00:00,MB11,LEARN-802,WA,1
00/00/0000,A04CLNT204,WA,PR,06/01/2026,06/01/2026,06/01/2026,22:52:03,0.00,204,4900038049,2026,00:00:00,MB11,LEARN-802,WA,1
00/00/0000,A04CLNT204,WA,PR,06/01/2026,06/01/2026,06/01/2026,23:13:28,0.00,204,4900038050,2026,00:00:00,MB11,LEARN-802,WA,1
00/00/0000,A04CLNT204,WA,PR,06/01/2026,06/01/2026,06/01/2026,23:14:07,0.00,204,4900038051,2026,00:00:00,MB11,LEARN-802,WA,1
