BELNR,BKLAS,BNKAN,BPMNG,BPRBM,BPRME,BSTME,BUKRS,BUSTW,BUZEI,BWKEY,EBELN,EBELP,ERP_CONTRACT_ITM,EXKBE,GJAHR,INTROW,INVREL,LBKUM,LFGJA,LFPOS,MANDT,MATBF,MATNR,MEINS,MENGE,MWSKZ,PACKNO,PSTYP,RBMNG,RBWWR,RETAMT_FC,RETDUEDT,RETPC,SALK3,SHKZG,SPGRT,SRM_CONTRACT_ITM,SRVMAPKEY,STOCK_POSTING,STOCK_POSTING_PP,STOCK_POSTING_PY,STUNR,TXJCD,VMSAL,VRKUM,WERKS,WRBTR,ZAEHK,ZEKKN
5105600302,3100,0.00,71.000,0.000,EA,EA,US00,RE01,000001,MI00,4500000275,00010,00000,X,2026,0000000000,000000,"1,132.800",0000,0000,204,RHMT1800,RHMT1800,EA,71.000,XI,0000000000,0,0.000,0.00,0.00,00/00/0000,0.00,"29,128.39",S,X,0000000000,0000000000,0.00,0.00,0.00,000,FL0000000,0.00,0.000,MI00,"1,847.42",000,00
5105600303,3100,0.00,31.000,0.000,EA,EA,US00,RE01,000001,MI00,4500000277,00010,00000,X,2026,0000000000,000000,912.000,0000,0000,204,FAID1800,FAID1800,EA,31.000,XI,0000000000,0,0.000,0.00,0.00,00/00/0000,0.00,"22,326.41",S,X,0000000000,0000000000,0.00,0.00,0.00,000,FL0000000,0.00,0.000,MI00,768.18,000,00
5105600304,3100,0.00,99.000,0.000,EA,EA,US00,RE01,000001,MI00,4500000278,00010,00000,X,2026,0000000000,000000,"2,877.600",0000,0000,204,CHSP1800,CHSP1800,EA,99.000,XI,0000000000,0,0.000,0.00,0.00,00/00/0000,0.00,"79,594.93",S,X,0000000000,0000000000,0.00,0.00,0.00,000,FL0000000,0.00,0.000,MI00,"2,825.46",000,00
5105600305,3100,0.00,230.000,0.000,EA,EA,US00,RE01,000001,MI00,4500000279,00010,00000,X,2026,0000000000,000000,"5,260.200",0000,0000,204,BOTL1800,BOTL1800,EA,230.000,XI,0000000000,0,0.000,0.00,0.00,00/00/0000,0.00,"57,566.86",S,X,0000000000,0000000000,0.00,0.00,0.00,000,FL0000000,0.00,0.000,MI00,"2,467.90",000,00
5105600306,3100,0.00,19.000,0.000,EA,EA,US00,RE01,000001,MI00,4500000276,00010,00000,X,2026,0000000000,000000,921.400,0000,0000,204,KPAD1800,KPAD1800,EA,19.000,XI,0000000000,0,0.000,0.00,0.00,00/00/0000,0.00,"36,901.59",S,X,0000000000,0000000000,0.00,0.00,0.00,000,FL0000000,0.00,0.000,MI00,770.07,000,00
5105600307,3100,0.00,40.000,0.000,EA,EA,US00,RE01,000001,MI00,4500000280,00010,00000,X,2026,0000000000,000000,952.000,0000,0000,204,FAID1800,FAID1800,EA,40.000,XI,0000000000,0,0.000,0.00,0.00,00/00/0000,0.00,"23,356.01",S,X,0000000000,0000000000,0.00,0.00,0.00,000,FL0000000,0.00,0.000,MI00,"1,029.60",000,00
5105600308,3100,0.00,61.000,0.000,EA,EA,US00,RE01,000001,MI00,4500000285,00010,00000,X,2026,0000000000,000000,"1,209.000",0000,0000,204,CHLK1800,CHLK1800,EA,61.000,XI,0000000000,0,0.000,0.00,0.00,00/00/0000,0.00,"41,280.21",S,X,0000000000,0000000000,0.00,0.00,0.00,000,FL0000000,0.00,0.000,MI00,"2,087.42",000,00
5105600309,3100,0.00,130.000,0.000,EA,EA,US00,RE01,000001,MI00,4500000286,00010,00000,X,2026,0000000000,000000,"3,150.200",0000,0000,204,SHRT1800,SHRT1800,EA,130.000,XI,0000000000,0,0.000,0.00,0.00,00/00/0000,0.00,"43,966.05",S,X,0000000000,0000000000,0.00,0.00,0.00,000,FL0000000,0.00,0.000,MI00,"1,814.80",000,00
5105600310,3100,0.00,176.000,0.000,EA,EA,US00,RE01,000001,MI00,4500000287,00010,00000,X,2026,0000000000,000000,"3,239.000",0000,0000,204,RKIT1800,RKIT1800,EA,176.000,XI,0000000000,0,0.000,0.00,0.00,00/00/0000,0.00,"45,608.67",S,X,0000000000,0000000000,0.00,0.00,0.00,000,FL0000000,0.00,0.000,MI00,"2,687.52",000,00
5105600311,3100,0.00,225.000,0.000,EA,EA,US00,RE01,000001,MI00,4500000288,00010,00000,X,2026,0000000000,000000,"5,485.200",0000,0000,204,BOTL1800,BOTL1800,EA,225.000,XI,0000000000,0,0.000,0.00,0.00,00/00/0000,0.00,"60,048.61",S,X,0000000000,0000000000,0.00,0.00,0.00,000,FL0000000,0.00,0.000,MI00,"2,481.75",000,00
5105600312,3100,0.00,57.000,0.000,EA,EA,US00,RE01,000001,MI00,4500000281,00010,00000,X,2026,0000000000,000000,"1,330.000",0000,0000,204,CHLK1800,CHLK1800,EA,57.000,XI,0000000000,0,0.000,0.00,0.00,00/00/0000,0.00,"45,357.28",S,X,0000000000,0000000000,0.00,0.00,0.00,000,FL0000000,0.00,0.000,MI00,"1,926.03",000,00
5105600313,3100,0.00,19.000,0.000,EA,EA,US00,RE01,000001,MI00,4500000290,00010,00000,X,2026,0000000000,000000,707.800,0000,0000,204,EPAD1800,EPAD1800,EA,19.000,XI,0000000000,0,0.000,0.00,0.00,00/00/0000,0.00,"28,779.71",S,X,0000000000,0000000000,0.00,0.00,0.00,000,FL0000000,0.00,0.000,MI00,770.45,000,00
5105600314,3100,0.00,64.000,0.000,EA,EA,US00,RE01,000001,MI00,4500000289,00010,00000,X,2026,0000000000,000000,"1,330.000",0000,0000,204,CHLK1800,CHLK1800,EA,64.000,XI,0000000000,0,0.000,0.00,0.00,00/00/0000,0.00,"45,357.28",S,X,0000000000,0000000000,0.00,0.00,0.00,000,FL0000000,0.00,0.000,MI00,"2,151.04",000,00
5105600315,3100,0.00,195.000,0.000,EA,EA,US00,RE01,000001,MI00,4500000296,00010,00000,X,2026,0000000000,000000,"6,330.200",0000,0000,204,BOTL1800,BOTL1800,EA,195.000,XI,0000000000,0,0.000,0.00,0.00,00/00/0000,0.00,"69,505.11",S,X,0000000000,0000000000,0.00,0.00,0.00,000,FL0000000,0.00,0.000,MI00,"2,172.30",000,00
5105600316,3100,0.00,220.000,0.000,EA,EA,US00,RE01,000001,MI00,4500000295,00010,00000,X,2026,0000000000,000000,"6,330.200",0000,0000,204,BOTL1800,BOTL1800,EA,220.000,XI,0000000000,0,0.000,0.00,0.00,00/00/0000,0.00,"69,505.11",S,X,0000000000,0000000000,0.00,0.00,0.00,000,FL0000000,0.00,0.000,MI00,"2,459.60",000,00
5105600317,3100,0.00,95.000,0.000,EA,EA,US00,RE01,000001,MI00,4500000297,00010,00000,X,2026,0000000000,000000,"2,972.600",0000,0000,204,CHSP1800,CHSP1800,EA,95.000,XI,0000000000,0,0.000,0.00,0.00,00/00/0000,0.00,"82,204.58",S,X,0000000000,0000000000,0.00,0.00,0.00,000,FL0000000,0.00,0.000,MI00,"2,609.65",000,00
5105600318,3100,0.00,205.000,0.000,EA,EA,US00,RE01,000001,MI00,4500000298,00010,00000,X,2026,0000000000,000000,"3,355.200",0000,0000,204,SHRT1800,SHRT1800,EA,205.000,XI,0000000000,0,0.000,0.00,0.00,00/00/0000,0.00,"46,922.15",S,X,0000000000,0000000000,0.00,0.00,0.00,000,FL0000000,0.00,0.000,MI00,"2,956.10",000,00
5105600319,3100,0.00,215.000,0.000,EA,EA,US00,RE01,000001,MI00,4500000282,00010,00000,X,2026,0000000000,000000,"6,535.200",0000,0000,204,BOTL1800,BOTL1800,EA,215.000,XI,0000000000,0,0.000,0.00,0.00,00/00/0000,0.00,"71,700.66",S,X,0000000000,0000000000,0.00,0.00,0.00,000,FL0000000,0.00,0.000,MI00,"2,425.20",000,00
5105600320,3100,0.00,215.000,0.000,EA,EA,US00,RE01,000001,MI00,4500000291,00010,00000,X,2026,0000000000,000000,"6,535.200",0000,0000,204,BOTL1800,BOTL1800,EA,215.000,XI,0000000000,0,0.000,0.00,0.00,00/00/0000,0.00,"71,700.66",S,X,0000000000,0000000000,0.00,0.00,0.00,000,FL0000000,0.00,0.000,MI00,"2,399.40",000,00
5105600321,3100,0.00,215.000,0.000,EA,EA,US00,RE01,000001,MI00,4500000294,00010,00000,X,2026,0000000000,000000,"2,883.000",0000,0000,204,CAGE1800,CAGE1800,EA,215.000,XI,0000000000,0,0.000,0.00,0.00,00/00/0000,0.00,"28,084.99",S,X,0000000000,0000000000,0.00,0.00,0.00,000,FL0000000,0.00,0.000,MI00,"2,210.20",000,00
5105600322,3100,0.00,30.000,0.000,EA,EA,US00,RE01,000001,MI00,4500000303,00010,00000,X,2026,0000000000,000000,"1,162.800",0000,0000,204,RHMT1800,RHMT1800,EA,30.000,XI,0000000000,0,0.000,0.00,0.00,00/00/0000,0.00,"29,896.99",S,X,0000000000,0000000000,0.00,0.00,0.00,000,FL0000000,0.00,0.000,MI00,768.60,000,00
5105600323,3100,0.00,20.000,0.000,EA,EA,US00,RE01,000001,MI00,4500000305,00010,00000,X,2026,0000000000,000000,"1,070.400",0000,0000,204,KPAD1800,KPAD1800,EA,20.000,XI,0000000000,0,0.000,0.00,0.00,00/00/0000,0.00,"42,874.78",S,X,0000000000,0000000000,0.00,0.00,0.00,000,FL0000000,0.00,0.000,MI00,802.60,000,00
5105600324,3100,0.00,108.000,0.000,EA,EA,US00,RE01,000001,MI00,4500000299,00010,00000,X,2026,0000000000,000000,"1,070.400",0000,0000,204,KPAD1800,KPAD1800,EA,108.000,XI,0000000000,0,0.000,0.00,0.00,00/00/0000,0.00,"42,874.78",S,X,0000000000,0000000000,0.00,0.00,0.00,000,FL0000000,0.00,0.000,MI00,"4,323.24",000,00
5105600325,3100,0.00,31.000,0.000,EA,EA,US00,RE01,000001,MI00,4500000301,00010,00000,X,2026,0000000000,000000,983.000,0000,0000,204,FAID1800,FAID1800,EA,31.000,XI,0000000000,0,0.000,0.00,0.00,00/00/0000,0.00,"24,124.50",S,X,0000000000,0000000000,0.00,0.00,0.00,000,FL0000000,0.00,0.000,MI00,768.49,000,00
5105600326,3100,0.00,21.000,0.000,EA,EA,US00,RE01,000001,MI00,4500000293,00010,00000,X,2026,0000000000,000000,"1,070.400",0000,0000,204,KPAD1800,KPAD1800,EA,21.000,XI,0000000000,0,0.000,0.00,0.00,00/00/0000,0.00,"42,874.78",S,X,0000000000,0000000000,0.00,0.00,0.00,000,FL0000000,0.00,0.000,MI00,847.35,000,00
5105600327,3100,0.00,147.000,0.000,EA,EA,US00,RE01,000001,MI00,4500000306,00010,00000,X,2026,0000000000,000000,"3,207.600",0000,0000,204,CHSP1800,CHSP1800,EA,147.000,XI,0000000000,0,0.000,0.00,0.00,00/00/0000,0.00,"88,808.83",S,X,0000000000,0000000000,0.00,0.00,0.00,000,FL0000000,0.00,0.000,MI00,"4,073.37",000,00
5105600328,3100,0.00,22.000,0.000,EA,EA,US00,RE01,000001,MI00,4500000310,00010,00000,X,2026,0000000000,000000,729.800,0000,0000,204,EPAD1800,EPAD1800,EA,22.000,XI,0000000000,0,0.000,0.00,0.00,00/00/0000,0.00,"29,663.23",S,X,0000000000,0000000000,0.00,0.00,0.00,000,FL0000000,0.00,0.000,MI00,883.52,000,00
5105600329,3100,0.00,108.000,0.000,EA,EA,US00,RE01,000001,MI00,4500000309,00010,00000,X,2026,0000000000,000000,"3,315.600",0000,0000,204,CHSP1800,CHSP1800,EA,108.000,XI,0000000000,0,0.000,0.00,0.00,00/00/0000,0.00,"91,774.51",S,X,0000000000,0000000000,0.00,0.00,0.00,000,FL0000000,0.00,0.000,MI00,"2,965.68",000,00
5105600330,3100,0.00,205.000,0.000,EA,EA,US00,RE01,000001,MI00,4500000292,00010,00000,X,2026,0000000000,000000,"6,535.200",0000,0000,204,BOTL1800,BOTL1800,EA,205.000,XI,0000000000,0,0.000,0.00,0.00,00/00/0000,0.00,"71,700.66",S,X,0000000000,0000000000,0.00,0.00,0.00,000,FL0000000,0.00,0.000,MI00,"2,195.55",000,00
5105600331,3100,0.00,65.000,0.000,EA,EA,US00,RE01,000001,MI00,4500000315,00010,00000,X,2026,0000000000,000000,"1,048.000",0000,0000,204,FAID1800,FAID1800,EA,65.000,XI,0000000000,0,0.000,0.00,0.00,00/00/0000,0.00,"25,707.25",S,X,0000000000,0000000000,0.00,0.00,0.00,000,FL0000000,0.00,0.000,MI00,"1,582.75",000,00
5105600332,3100,0.00,101.000,0.000,EA,EA,US00,RE01,000001,MI00,4500000316,00010,00000,X,2026,0000000000,000000,"3,465.000",0000,0000,204,RKIT1800,RKIT1800,EA,101.000,XI,0000000000,0,0.000,0.00,0.00,00/00/0000,0.00,"49,077.10",S,X,0000000000,0000000000,0.00,0.00,0.00,000,FL0000000,0.00,0.000,MI00,"1,558.43",000,00
5105600333,3100,0.00,100.000,0.000,EA,EA,US00,RE01,000001,MI00,4500000312,00010,00000,X,2026,0000000000,000000,"3,605.200",0000,0000,204,SHRT1800,SHRT1800,EA,100.000,XI,0000000000,0,0.000,0.00,0.00,00/00/0000,0.00,"50,441.65",S,X,0000000000,0000000000,0.00,0.00,0.00,000,FL0000000,0.00,0.000,MI00,"1,394.00",000,00
5105600334,3100,0.00,235.000,0.000,EA,EA,US00,RE01,000001,MI00,4500000314,00010,00000,X,2026,0000000000,000000,"6,770.200",0000,0000,204,BOTL1800,BOTL1800,EA,235.000,XI,0000000000,0,0.000,0.00,0.00,00/00/0000,0.00,"74,330.31",S,X,0000000000,0000000000,0.00,0.00,0.00,000,FL0000000,0.00,0.000,MI00,"2,629.65",000,00
5105600335,3100,0.00,155.000,0.000,EA,EA,US00,RE01,000001,MI00,4500000313,00010,00000,X,2026,0000000000,000000,"3,760.200",0000,0000,204,SHRT1800,SHRT1800,EA,155.000,XI,0000000000,0,0.000,0.00,0.00,00/00/0000,0.00,"52,571.35",S,X,0000000000,0000000000,0.00,0.00,0.00,000,FL0000000,0.00,0.000,MI00,"2,129.70",000,00
5105600336,3100,0.00,28.000,0.000,EA,EA,US00,RE01,000001,MI00,4500000304,00010,00000,X,2026,0000000000,000000,"1,185.200",0000,0000,204,RHMT1800,RHMT1800,EA,28.000,XI,0000000000,0,0.000,0.00,0.00,00/00/0000,0.00,"30,490.44",S,X,0000000000,0000000000,0.00,0.00,0.00,000,FL0000000,0.00,0.000,MI00,737.52,000,00
5105600337,3100,0.00,48.000,0.000,EA,EA,US00,RE01,000001,MI00,4500000328,00010,00000,X,2026,0000000000,000000,"1,096.000",0000,0000,204,FAID1800,FAID1800,EA,48.000,XI,0000000000,0,0.000,0.00,0.00,00/00/0000,0.00,"26,944.21",S,X,0000000000,0000000000,0.00,0.00,0.00,000,FL0000000,0.00,0.000,MI00,"1,236.96",000,00
5105600338,3100,0.00,150.000,0.000,EA,EA,US00,RE01,000001,MI00,4500000300,00010,00000,X,2026,0000000000,000000,"3,850.200",0000,0000,204,SHRT1800,SHRT1800,EA,150.000,XI,0000000000,0,0.000,0.00,0.00,00/00/0000,0.00,"53,793.52",S,X,0000000000,0000000000,0.00,0.00,0.00,000,FL0000000,0.00,0.000,MI00,"2,125.50",000,00
5105600339,3100,0.00,120.000,0.000,EA,EA,US00,RE01,000001,MI00,4500000330,00010,00000,X,2026,0000000000,000000,"3,850.200",0000,0000,204,SHRT1800,SHRT1800,EA,120.000,XI,0000000000,0,0.000,0.00,0.00,00/00/0000,0.00,"53,793.52",S,X,0000000000,0000000000,0.00,0.00,0.00,000,FL0000000,0.00,0.000,MI00,"1,641.60",000,00
5105600340,3100,0.00,88.000,0.000,EA,EA,US00,RE01,000001,MI00,4500000307,00010,00000,X,2026,0000000000,000000,"3,333.200",0000,0000,204,CHSP1800,CHSP1800,EA,88.000,XI,0000000000,0,0.000,0.00,0.00,00/00/0000,0.00,"92,261.67",S,X,0000000000,0000000000,0.00,0.00,0.00,000,FL0000000,0.00,0.000,MI00,"2,530.88",000,00
5105600341,3100,0.00,245.000,0.000,EA,EA,US00,RE01,000001,MI00,4500000327,00010,00000,X,2026,0000000000,000000,"7,015.200",0000,0000,204,BOTL1800,BOTL1800,EA,245.000,XI,0000000000,0,0.000,0.00,0.00,00/00/0000,0.00,"77,064.51",S,X,0000000000,0000000000,0.00,0.00,0.00,000,FL0000000,0.00,0.000,MI00,"2,734.20",000,00
5105600342,3100,0.00,31.000,0.000,EA,EA,US00,RE01,000001,MI00,4500000311,00010,00000,X,2026,0000000000,000000,688.400,0000,0000,204,OHMT1800,OHMT1800,EA,31.000,XI,0000000000,0,0.000,0.00,0.00,00/00/0000,0.00,"17,732.08",S,X,0000000000,0000000000,0.00,0.00,0.00,000,FL0000000,0.00,0.000,MI00,818.09,000,00
5105600343,3100,0.00,125.000,0.000,EA,EA,US00,RE01,000001,MI00,4500000308,00010,00000,X,2026,0000000000,000000,"3,692.800",0000,0000,204,RKIT1800,RKIT1800,EA,125.000,XI,0000000000,0,0.000,0.00,0.00,00/00/0000,0.00,"52,505.03",S,X,0000000000,0000000000,0.00,0.00,0.00,000,FL0000000,0.00,0.000,MI00,"1,910.00",000,00
5105600344,3100,0.00,165.000,0.000,EA,EA,US00,RE01,000001,MI00,4500000329,00010,00000,X,2026,0000000000,000000,"3,048.000",0000,0000,204,CAGE1800,CAGE1800,EA,165.000,XI,0000000000,0,0.000,0.00,0.00,00/00/0000,0.00,"29,796.04",S,X,0000000000,0000000000,0.00,0.00,0.00,000,FL0000000,0.00,0.000,MI00,"1,711.05",000,00
5105600345,3100,0.00,87.000,0.000,EA,EA,US00,RE01,000001,MI00,4500000326,00010,00000,X,2026,0000000000,000000,"3,692.800",0000,0000,204,RKIT1800,RKIT1800,EA,87.000,XI,0000000000,0,0.000,0.00,0.00,00/00/0000,0.00,"52,505.03",S,X,0000000000,0000000000,0.00,0.00,0.00,000,FL0000000,0.00,0.000,MI00,"1,348.50",000,00
5105600346,3100,0.00,82.000,0.000,EA,EA,US00,RE01,000001,MI00,4500000325,00010,00000,X,2026,0000000000,000000,"3,692.800",0000,0000,204,RKIT1800,RKIT1800,EA,82.000,XI,0000000000,0,0.000,0.00,0.00,00/00/0000,0.00,"52,505.03",S,X,0000000000,0000000000,0.00,0.00,0.00,000,FL0000000,0.00,0.000,MI00,"1,244.76",000,00
5105600347,3100,0.00,28.000,0.000,EA,EA,US00,RE01,000001,MI00,4500000336,00010,00000,X,2026,0000000000,000000,819.000,0000,0000,204,PUMP1800,PUMP1800,EA,28.000,XI,0000000000,0,0.000,0.00,0.00,00/00/0000,0.00,"16,420.20",S,X,0000000000,0000000000,0.00,0.00,0.00,000,FL0000000,0.00,0.000,MI00,635.60,000,00
5105600348,3100,0.00,31.000,0.000,EA,EA,US00,RE01,000001,MI00,4500000335,00010,00000,X,2026,0000000000,000000,780.400,0000,0000,204,OHMT1800,OHMT1800,EA,31.000,XI,0000000000,0,0.000,0.00,0.00,00/00/0000,0.00,"20,138.42",S,X,0000000000,0000000000,0.00,0.00,0.00,000,FL0000000,0.00,0.000,MI00,814.37,000,00
5105600349,3100,0.00,31.000,0.000,EA,EA,US00,RE01,000001,MI00,4500000357,00010,00000,X,2026,0000000000,000000,"1,216.200",0000,0000,204,RHMT1800,RHMT1800,EA,31.000,XI,0000000000,0,0.000,0.00,0.00,00/00/0000,0.00,"31,328.68",S,X,0000000000,0000000000,0.00,0.00,0.00,000,FL0000000,0.00,0.000,MI00,838.24,000,00
5105600350,3100,0.00,30.000,0.000,EA,EA,US00,RE01,000001,MI00,4500000355,00010,00000,X,2026,0000000000,000000,780.400,0000,0000,204,OHMT1800,OHMT1800,EA,30.000,XI,0000000000,0,0.000,0.00,0.00,00/00/0000,0.00,"20,138.42",S,X,0000000000,0000000000,0.00,0.00,0.00,000,FL0000000,0.00,0.000,MI00,786.90,000,00
5105600351,3100,0.00,21.000,0.000,EA,EA,US00,RE01,000001,MI00,4500000338,00010,00000,X,2026,0000000000,000000,750.800,0000,0000,204,EPAD1800,EPAD1800,EA,21.000,XI,0000000000,0,0.000,0.00,0.00,00/00/0000,0.00,"30,500.29",S,X,0000000000,0000000000,0.00,0.00,0.00,000,FL0000000,0.00,0.000,MI00,837.06,000,00
5105600352,3100,0.00,20.000,0.000,EA,EA,US00,RE01,000001,MI00,4500000356,00010,00000,X,2026,0000000000,000000,"1,090.400",0000,0000,204,KPAD1800,KPAD1800,EA,20.000,XI,0000000000,0,0.000,0.00,0.00,00/00/0000,0.00,"43,666.38",S,X,0000000000,0000000000,0.00,0.00,0.00,000,FL0000000,0.00,0.000,MI00,791.60,000,00
5105600353,3100,0.00,18.000,0.000,EA,EA,US00,RE01,000001,MI00,4500000323,00010,00000,X,2026,0000000000,000000,768.800,0000,0000,204,EPAD1800,EPAD1800,EA,18.000,XI,0000000000,0,0.000,0.00,0.00,00/00/0000,0.00,"31,203.19",S,X,0000000000,0000000000,0.00,0.00,0.00,000,FL0000000,0.00,0.000,MI00,702.90,000,00
5105600354,3100,0.00,28.000,0.000,EA,EA,US00,RE01,000001,MI00,4500000322,00010,00000,X,2026,0000000000,000000,808.400,0000,0000,204,OHMT1800,OHMT1800,EA,28.000,XI,0000000000,0,0.000,0.00,0.00,00/00/0000,0.00,"20,863.62",S,X,0000000000,0000000000,0.00,0.00,0.00,000,FL0000000,0.00,0.000,MI00,725.20,000,00
5105600355,3100,0.00,110.000,0.000,EA,EA,US00,RE01,000001,MI00,4500000318,00010,00000,X,2026,0000000000,000000,"3,960.200",0000,0000,204,SHRT1800,SHRT1800,EA,110.000,XI,0000000000,0,0.000,0.00,0.00,00/00/0000,0.00,"55,308.22",S,X,0000000000,0000000000,0.00,0.00,0.00,000,FL0000000,0.00,0.000,MI00,"1,514.70",000,00
5105600356,3100,0.00,57.000,0.000,EA,EA,US00,RE01,000001,MI00,4500000317,00010,00000,X,2026,0000000000,000000,"1,387.000",0000,0000,204,CHLK1800,CHLK1800,EA,57.000,XI,0000000000,0,0.000,0.00,0.00,00/00/0000,0.00,"47,310.67",S,X,0000000000,0000000000,0.00,0.00,0.00,000,FL0000000,0.00,0.000,MI00,"1,953.39",000,00
5105600357,3100,0.00,31.000,0.000,EA,EA,US00,RE01,000001,MI00,4500000319,00010,00000,X,2026,0000000000,000000,808.400,0000,0000,204,OHMT1800,OHMT1800,EA,31.000,XI,0000000000,0,0.000,0.00,0.00,00/00/0000,0.00,"20,863.62",S,X,0000000000,0000000000,0.00,0.00,0.00,000,FL0000000,0.00,0.000,MI00,805.07,000,00
5105600358,3100,0.00,117.000,0.000,EA,EA,US00,RE01,000001,MI00,4500000321,00010,00000,X,2026,0000000000,000000,"3,450.200",0000,0000,204,CHSP1800,CHSP1800,EA,117.000,XI,0000000000,0,0.000,0.00,0.00,00/00/0000,0.00,"95,500.23",S,X,0000000000,0000000000,0.00,0.00,0.00,000,FL0000000,0.00,0.000,MI00,"3,238.56",000,00
5105600359,3100,0.00,19.000,0.000,EA,EA,US00,RE01,000001,MI00,4500000324,00010,00000,X,2026,0000000000,000000,838.000,0000,0000,204,PUMP1800,PUMP1800,EA,19.000,XI,0000000000,0,0.000,0.00,0.00,00/00/0000,0.00,"16,861.95",S,X,0000000000,0000000000,0.00,0.00,0.00,000,FL0000000,0.00,0.000,MI00,441.75,000,00
5105600360,3100,0.00,84.000,0.000,EA,EA,US00,RE01,000001,MI00,4500000320,00010,00000,X,2026,0000000000,000000,"3,854.800",0000,0000,204,RKIT1800,RKIT1800,EA,84.000,XI,0000000000,0,0.000,0.00,0.00,00/00/0000,0.00,"54,901.49",S,X,0000000000,0000000000,0.00,0.00,0.00,000,FL0000000,0.00,0.000,MI00,"1,227.24",000,00
5105600361,3100,0.00,34.000,0.000,EA,EA,US00,RE01,000001,MI00,4500000333,00010,00000,X,2026,0000000000,000000,"1,279.200",0000,0000,204,RHMT1800,RHMT1800,EA,34.000,XI,0000000000,0,0.000,0.00,0.00,00/00/0000,0.00,"32,956.34",S,X,0000000000,0000000000,0.00,0.00,0.00,000,FL0000000,0.00,0.000,MI00,884.68,000,00
5105600362,3100,0.00,22.000,0.000,EA,EA,US00,RE01,000001,MI00,4500000331,00010,00000,X,2026,0000000000,000000,811.800,0000,0000,204,EPAD1800,EPAD1800,EA,22.000,XI,0000000000,0,0.000,0.00,0.00,00/00/0000,0.00,"32,915.54",S,X,0000000000,0000000000,0.00,0.00,0.00,000,FL0000000,0.00,0.000,MI00,868.78,000,00
5105600363,3100,0.00,78.000,0.000,EA,EA,US00,RE01,000001,MI00,4500000332,00010,00000,X,2026,0000000000,000000,"3,913.800",0000,0000,204,RKIT1800,RKIT1800,EA,78.000,XI,0000000000,0,0.000,0.00,0.00,00/00/0000,0.00,"55,798.29",S,X,0000000000,0000000000,0.00,0.00,0.00,000,FL0000000,0.00,0.000,MI00,"1,169.22",000,00
5105600364,3100,0.00,29.000,0.000,EA,EA,US00,RE01,000001,MI00,4500000339,00010,00000,X,2026,0000000000,000000,"1,279.200",0000,0000,204,RHMT1800,RHMT1800,EA,29.000,XI,0000000000,0,0.000,0.00,0.00,00/00/0000,0.00,"32,956.34",S,X,0000000000,0000000000,0.00,0.00,0.00,000,FL0000000,0.00,0.000,MI00,742.98,000,00
5105600365,3100,0.00,19.000,0.000,EA,EA,US00,RE01,000001,MI00,4500000340,00010,00000,X,2026,0000000000,000000,"1,128.400",0000,0000,204,KPAD1800,KPAD1800,EA,19.000,XI,0000000000,0,0.000,0.00,0.00,00/00/0000,0.00,"45,204.24",S,X,0000000000,0000000000,0.00,0.00,0.00,000,FL0000000,0.00,0.000,MI00,762.66,000,00
5105600366,3100,0.00,61.000,0.000,EA,EA,US00,RE01,000001,MI00,4500000342,00010,00000,X,2026,0000000000,000000,"1,448.000",0000,0000,204,CHLK1800,CHLK1800,EA,61.000,XI,0000000000,0,0.000,0.00,0.00,00/00/0000,0.00,"49,405.41",S,X,0000000000,0000000000,0.00,0.00,0.00,000,FL0000000,0.00,0.000,MI00,"2,094.74",000,00
5105600367,3100,0.00,130.000,0.000,EA,EA,US00,RE01,000001,MI00,4500000334,00010,00000,X,2026,0000000000,000000,"4,090.200",0000,0000,204,SHRT1800,SHRT1800,EA,130.000,XI,0000000000,0,0.000,0.00,0.00,00/00/0000,0.00,"57,094.42",S,X,0000000000,0000000000,0.00,0.00,0.00,000,FL0000000,0.00,0.000,MI00,"1,786.20",000,00
5105600368,3100,0.00,59.000,0.000,EA,EA,US00,RE01,000001,MI00,4500000344,00010,00000,X,2026,0000000000,000000,"3,913.800",0000,0000,204,RKIT1800,RKIT1800,EA,59.000,XI,0000000000,0,0.000,0.00,0.00,00/00/0000,0.00,"55,798.29",S,X,0000000000,0000000000,0.00,0.00,0.00,000,FL0000000,0.00,0.000,MI00,896.80,000,00
5105600369,3100,0.00,21.000,0.000,EA,EA,US00,RE01,000001,MI00,4500000346,00010,00000,X,2026,0000000000,000000,811.800,0000,0000,204,EPAD1800,EPAD1800,EA,21.000,XI,0000000000,0,0.000,0.00,0.00,00/00/0000,0.00,"32,915.54",S,X,0000000000,0000000000,0.00,0.00,0.00,000,FL0000000,0.00,0.000,MI00,843.57,000,00
5105600370,3100,0.00,30.000,0.000,EA,EA,US00,RE01,000001,MI00,4500000347,00010,00000,X,2026,0000000000,000000,890.000,0000,0000,204,PUMP1800,PUMP1800,EA,30.000,XI,0000000000,0,0.000,0.00,0.00,00/00/0000,0.00,"18,051.19",S,X,0000000000,0000000000,0.00,0.00,0.00,000,FL0000000,0.00,0.000,MI00,672.90,000,00
5105600371,3100,0.00,130.000,0.000,EA,EA,US00,RE01,000001,MI00,4500000349,00010,00000,X,2026,0000000000,000000,"3,513.000",0000,0000,204,CAGE1800,CAGE1800,EA,130.000,XI,0000000000,0,0.000,0.00,0.00,00/00/0000,0.00,"34,577.44",S,X,0000000000,0000000000,0.00,0.00,0.00,000,FL0000000,0.00,0.000,MI00,"1,331.20",000,00
5105600372,3100,0.00,19.000,0.000,EA,EA,US00,RE01,000001,MI00,4500000351,00010,00000,X,2026,0000000000,000000,"1,128.400",0000,0000,204,KPAD1800,KPAD1800,EA,19.000,XI,0000000000,0,0.000,0.00,0.00,00/00/0000,0.00,"45,204.24",S,X,0000000000,0000000000,0.00,0.00,0.00,000,FL0000000,0.00,0.000,MI00,775.20,000,00
5105600373,3100,0.00,190.000,0.000,EA,EA,US00,RE01,000001,MI00,4500000352,00010,00000,X,2026,0000000000,000000,"7,784.200",0000,0000,204,BOTL1800,BOTL1800,EA,190.000,XI,0000000000,0,0.000,0.00,0.00,00/00/0000,0.00,"85,700.42",S,X,0000000000,0000000000,0.00,0.00,0.00,000,FL0000000,0.00,0.000,MI00,"2,148.90",000,00
5105600374,3100,0.00,82.000,0.000,EA,EA,US00,RE01,000001,MI00,4500000348,00010,00000,X,2026,0000000000,000000,"3,934.200",0000,0000,204,CHSP1800,CHSP1800,EA,82.000,XI,0000000000,0,0.000,0.00,0.00,00/00/0000,0.00,"109,086.93",S,X,0000000000,0000000000,0.00,0.00,0.00,000,FL0000000,0.00,0.000,MI00,"2,359.96",000,00
5105600375,3100,0.00,40.000,0.000,EA,EA,US00,RE01,000001,MI00,4500000353,00010,00000,X,2026,0000000000,000000,"1,136.000",0000,0000,204,FAID1800,FAID1800,EA,40.000,XI,0000000000,0,0.000,0.00,0.00,00/00/0000,0.00,"27,931.81",S,X,0000000000,0000000000,0.00,0.00,0.00,000,FL0000000,0.00,0.000,MI00,987.60,000,00
5105600376,3100,0.00,207.000,0.000,EA,EA,US00,RE01,000001,MI00,4500000350,00010,00000,X,2026,0000000000,000000,"3,934.200",0000,0000,204,CHSP1800,CHSP1800,EA,207.000,XI,0000000000,0,0.000,0.00,0.00,00/00/0000,0.00,"109,086.93",S,X,0000000000,0000000000,0.00,0.00,0.00,000,FL0000000,0.00,0.000,MI00,"5,818.77",000,00
5105600377,3100,0.00,145.000,0.000,EA,EA,US00,RE01,000001,MI00,4500000343,00010,00000,X,2026,0000000000,000000,"3,513.000",0000,0000,204,CAGE1800,CAGE1800,EA,145.000,XI,0000000000,0,0.000,0.00,0.00,00/00/0000,0.00,"34,577.44",S,X,0000000000,0000000000,0.00,0.00,0.00,000,FL0000000,0.00,0.000,MI00,"1,476.10",000,00
5105600378,3100,0.00,170.000,0.000,EA,EA,US00,RE01,000001,MI00,4500000354,00010,00000,X,2026,0000000000,000000,"7,784.200",0000,0000,204,BOTL1800,BOTL1800,EA,170.000,XI,0000000000,0,0.000,0.00,0.00,00/00/0000,0.00,"85,700.42",S,X,0000000000,0000000000,0.00,0.00,0.00,000,FL0000000,0.00,0.000,MI00,"1,897.20",000,00
5105600379,3100,0.00,170.000,0.000,EA,EA,US00,RE01,000001,MI00,4500000345,00010,00000,X,2026,0000000000,000000,"7,784.200",0000,0000,204,BOTL1800,BOTL1800,EA,170.000,XI,0000000000,0,0.000,0.00,0.00,00/00/0000,0.00,"85,700.42",S,X,0000000000,0000000000,0.00,0.00,0.00,000,FL0000000,0.00,0.000,MI00,"1,866.60",000,00
5105600380,3100,0.00,22.000,0.000,EA,EA,US00,RE01,000001,MI00,4500000366,00010,00000,X,2026,0000000000,000000,890.000,0000,0000,204,PUMP1800,PUMP1800,EA,22.000,XI,0000000000,0,0.000,0.00,0.00,00/00/0000,0.00,"18,051.19",S,X,0000000000,0000000000,0.00,0.00,0.00,000,FL0000000,0.00,0.000,MI00,516.34,000,00
5105600381,3100,0.00,107.000,0.000,EA,EA,US00,RE01,000001,MI00,4500000368,00010,00000,X,2026,0000000000,000000,"3,934.200",0000,0000,204,CHSP1800,CHSP1800,EA,107.000,XI,0000000000,0,0.000,0.00,0.00,00/00/0000,0.00,"109,086.93",S,X,0000000000,0000000000,0.00,0.00,0.00,000,FL0000000,0.00,0.000,MI00,"2,960.69",000,00
5105600382,3100,0.00,190.000,0.000,EA,EA,US00,RE01,000001,MI00,4500000369,00010,00000,X,2026,0000000000,000000,"3,513.000",0000,0000,204,CAGE1800,CAGE1800,EA,190.000,XI,0000000000,0,0.000,0.00,0.00,00/00/0000,0.00,"34,577.44",S,X,0000000000,0000000000,0.00,0.00,0.00,000,FL0000000,0.00,0.000,MI00,"1,974.10",000,00
5105600383,3100,0.00,205.000,0.000,EA,EA,US00,RE01,000001,MI00,4500000365,00010,00000,X,2026,0000000000,000000,"7,784.200",0000,0000,204,BOTL1800,BOTL1800,EA,205.000,XI,0000000000,0,0.000,0.00,0.00,00/00/0000,0.00,"85,700.42",S,X,0000000000,0000000000,0.00,0.00,0.00,000,FL0000000,0.00,0.000,MI00,"2,349.30",000,00
5105600384,3100,0.00,88.000,0.000,EA,EA,US00,RE01,000001,MI00,4500000367,00010,00000,X,2026,0000000000,000000,"3,934.200",0000,0000,204,CHSP1800,CHSP1800,EA,88.000,XI,0000000000,0,0.000,0.00,0.00,00/00/0000,0.00,"109,086.93",S,X,0000000000,0000000000,0.00,0.00,0.00,000,FL0000000,0.00,0.000,MI00,"2,447.28",000,00
5105600385,3100,0.00,135.000,0.000,EA,EA,US00,RE01,000001,MI00,4500000283,00010,00000,X,2026,0000000000,000000,"4,710.200",0000,0000,204,SHRT1800,SHRT1800,EA,135.000,XI,0000000000,0,0.000,0.00,0.00,00/00/0000,0.00,"65,964.12",S,X,0000000000,0000000000,0.00,0.00,0.00,000,FL0000000,0.00,0.000,MI00,"1,933.20",000,00
5105600386,3100,0.00,33.000,0.000,EA,EA,US00,RE01,000001,MI00,4500000302,00010,00000,X,2026,0000000000,000000,"1,312.200",0000,0000,204,RHMT1800,RHMT1800,EA,33.000,XI,0000000000,0,0.000,0.00,0.00,00/00/0000,0.00,"33,826.22",S,X,0000000000,0000000000,0.00,0.00,0.00,000,FL0000000,0.00,0.000,MI00,869.88,000,00
5105600387,3100,0.00,38.000,0.000,EA,EA,US00,RE01,000001,MI00,4500000284,00010,00000,X,2026,0000000000,000000,"1,213.000",0000,0000,204,FAID1800,FAID1800,EA,38.000,XI,0000000000,0,0.000,0.00,0.00,00/00/0000,0.00,"29,889.25",S,X,0000000000,0000000000,0.00,0.00,0.00,000,FL0000000,0.00,0.000,MI00,947.34,000,00
5105600388,3100,0.00,84.000,0.000,EA,EA,US00,RE01,000001,MI00,4500000360,00010,00000,X,2026,0000000000,000000,"4,177.800",0000,0000,204,RKIT1800,RKIT1800,EA,84.000,XI,0000000000,0,0.000,0.00,0.00,00/00/0000,0.00,"59,796.33",S,X,0000000000,0000000000,0.00,0.00,0.00,000,FL0000000,0.00,0.000,MI00,"1,262.52",000,00
5105600389,3100,0.00,57.000,0.000,EA,EA,US00,RE01,000001,MI00,4500000376,00010,00000,X,2026,0000000000,000000,"1,505.000",0000,0000,204,CHLK1800,CHLK1800,EA,57.000,XI,0000000000,0,0.000,0.00,0.00,00/00/0000,0.00,"51,339.42",S,X,0000000000,0000000000,0.00,0.00,0.00,000,FL0000000,0.00,0.000,MI00,"1,934.01",000,00
5105600390,3100,0.00,100.000,0.000,EA,EA,US00,RE01,000001,MI00,4500000358,00010,00000,X,2026,0000000000,000000,"5,160.200",0000,0000,204,SHRT1800,SHRT1800,EA,100.000,XI,0000000000,0,0.000,0.00,0.00,00/00/0000,0.00,"72,317.37",S,X,0000000000,0000000000,0.00,0.00,0.00,000,FL0000000,0.00,0.000,MI00,"1,428.00",000,00
5105600391,3100,0.00,190.000,0.000,EA,EA,US00,RE01,000001,MI00,4500000359,00010,00000,X,2026,0000000000,000000,"5,160.200",0000,0000,204,SHRT1800,SHRT1800,EA,190.000,XI,0000000000,0,0.000,0.00,0.00,00/00/0000,0.00,"72,317.37",S,X,0000000000,0000000000,0.00,0.00,0.00,000,FL0000000,0.00,0.000,MI00,"2,751.20",000,00
5105600392,3100,0.00,220.000,0.000,EA,EA,US00,RE01,000001,MI00,4500000361,00010,00000,X,2026,0000000000,000000,"8,004.200",0000,0000,204,BOTL1800,BOTL1800,EA,220.000,XI,0000000000,0,0.000,0.00,0.00,00/00/0000,0.00,"88,201.82",S,X,0000000000,0000000000,0.00,0.00,0.00,000,FL0000000,0.00,0.000,MI00,"2,501.40",000,00
5105600393,3100,0.00,63.000,0.000,EA,EA,US00,RE01,000001,MI00,4500000395,00010,00000,X,2026,0000000000,000000,"1,191.400",0000,0000,204,KPAD1800,KPAD1800,EA,63.000,XI,0000000000,0,0.000,0.00,0.00,00/00/0000,0.00,"47,821.89",S,X,0000000000,0000000000,0.00,0.00,0.00,000,FL0000000,0.00,0.000,MI00,"2,617.65",000,00
5105600394,3100,0.00,84.000,0.000,EA,EA,US00,RE01,000001,MI00,4500000375,00010,00000,X,2026,0000000000,000000,"4,197.000",0000,0000,204,RKIT1800,RKIT1800,EA,84.000,XI,0000000000,0,0.000,0.00,0.00,00/00/0000,0.00,"60,071.14",S,X,0000000000,0000000000,0.00,0.00,0.00,000,FL0000000,0.00,0.000,MI00,"1,280.16",000,00
5105600395,3100,0.00,195.000,0.000,EA,EA,US00,RE01,000001,MI00,4500000363,00010,00000,X,2026,0000000000,000000,"5,205.200",0000,0000,204,SHRT1800,SHRT1800,EA,195.000,XI,0000000000,0,0.000,0.00,0.00,00/00/0000,0.00,"72,948.02",S,X,0000000000,0000000000,0.00,0.00,0.00,000,FL0000000,0.00,0.000,MI00,"2,757.30",000,00
5105600396,3100,0.00,96.000,0.000,EA,EA,US00,RE01,000001,MI00,4500000362,00010,00000,X,2026,0000000000,000000,"4,197.000",0000,0000,204,RKIT1800,RKIT1800,EA,96.000,XI,0000000000,0,0.000,0.00,0.00,00/00/0000,0.00,"60,071.14",S,X,0000000000,0000000000,0.00,0.00,0.00,000,FL0000000,0.00,0.000,MI00,"1,455.36",000,00
5105600397,3100,0.00,120.000,0.000,EA,EA,US00,RE01,000001,MI00,4500000364,00010,00000,X,2026,0000000000,000000,"5,205.200",0000,0000,204,SHRT1800,SHRT1800,EA,120.000,XI,0000000000,0,0.000,0.00,0.00,00/00/0000,0.00,"72,948.02",S,X,0000000000,0000000000,0.00,0.00,0.00,000,FL0000000,0.00,0.000,MI00,"1,725.60",000,00
5105600398,3100,0.00,39.000,0.000,EA,EA,US00,RE01,000001,MI00,4500000377,00010,00000,X,2026,0000000000,000000,"1,220.800",0000,0000,204,FAID1800,FAID1800,EA,39.000,XI,0000000000,0,0.000,0.00,0.00,00/00/0000,0.00,"30,081.45",S,X,0000000000,0000000000,0.00,0.00,0.00,000,FL0000000,0.00,0.000,MI00,"1,010.10",000,00
5105600399,3100,0.00,105.000,0.000,EA,EA,US00,RE01,000001,MI00,4500000396,00010,00000,X,2026,0000000000,000000,"5,205.200",0000,0000,204,SHRT1800,SHRT1800,EA,105.000,XI,0000000000,0,0.000,0.00,0.00,00/00/0000,0.00,"72,948.02",S,X,0000000000,0000000000,0.00,0.00,0.00,000,FL0000000,0.00,0.000,MI00,"1,488.90",000,00
5105600400,3100,0.00,225.000,0.000,EA,EA,US00,RE01,000001,MI00,4500000378,00010,00000,X,2026,0000000000,000000,"5,205.200",0000,0000,204,SHRT1800,SHRT1800,EA,225.000,XI,0000000000,0,0.000,0.00,0.00,00/00/0000,0.00,"72,948.02",S,X,0000000000,0000000000,0.00,0.00,0.00,000,FL0000000,0.00,0.000,MI00,"3,138.75",000,00
5105600401,3100,0.00,19.000,0.000,EA,EA,US00,RE01,000001,MI00,4500000374,00010,00000,X,2026,0000000000,000000,909.000,0000,0000,204,PUMP1800,PUMP1800,EA,19.000,XI,0000000000,0,0.000,0.00,0.00,00/00/0000,0.00,"18,483.82",S,X,0000000000,0000000000,0.00,0.00,0.00,000,FL0000000,0.00,0.000,MI00,432.63,000,00
5105600402,3100,0.00,74.000,0.000,EA,EA,US00,RE01,000001,MI00,4500000373,00010,00000,X,2026,0000000000,000000,"4,271.000",0000,0000,204,RKIT1800,RKIT1800,EA,74.000,XI,0000000000,0,0.000,0.00,0.00,00/00/0000,0.00,"61,184.84",S,X,0000000000,0000000000,0.00,0.00,0.00,000,FL0000000,0.00,0.000,MI00,"1,113.70",000,00
5105600403,3100,0.00,42.000,0.000,EA,EA,US00,RE01,000001,MI00,4500000371,00010,00000,X,2026,0000000000,000000,"1,347.800",0000,0000,204,FAID1800,FAID1800,EA,42.000,XI,0000000000,0,0.000,0.00,0.00,00/00/0000,0.00,"33,354.70",S,X,0000000000,0000000000,0.00,0.00,0.00,000,FL0000000,0.00,0.000,MI00,"1,084.44",000,00
5105600404,3100,0.00,20.000,0.000,EA,EA,US00,RE01,000001,MI00,4500000372,00010,00000,X,2026,0000000000,000000,831.800,0000,0000,204,EPAD1800,EPAD1800,EA,20.000,XI,0000000000,0,0.000,0.00,0.00,00/00/0000,0.00,"33,743.74",S,X,0000000000,0000000000,0.00,0.00,0.00,000,FL0000000,0.00,0.000,MI00,828.20,000,00
5105600405,3100,0.00,104.000,0.000,EA,EA,US00,RE01,000001,MI00,4500000370,00010,00000,X,2026,0000000000,000000,"1,295.400",0000,0000,204,KPAD1800,KPAD1800,EA,104.000,XI,0000000000,0,0.000,0.00,0.00,00/00/0000,0.00,"52,012.05",S,X,0000000000,0000000000,0.00,0.00,0.00,000,FL0000000,0.00,0.000,MI00,"4,190.16",000,00
5105600406,3100,0.00,39.000,0.000,EA,EA,US00,RE01,000001,MI00,4500000379,00010,00000,X,2026,0000000000,000000,"1,347.800",0000,0000,204,FAID1800,FAID1800,EA,39.000,XI,0000000000,0,0.000,0.00,0.00,00/00/0000,0.00,"33,354.70",S,X,0000000000,0000000000,0.00,0.00,0.00,000,FL0000000,0.00,0.000,MI00,"1,016.73",000,00
5105600407,3100,0.00,175.000,0.000,EA,EA,US00,RE01,000001,MI00,4500000381,00010,00000,X,2026,0000000000,000000,"5,590.200",0000,0000,204,SHRT1800,SHRT1800,EA,175.000,XI,0000000000,0,0.000,0.00,0.00,00/00/0000,0.00,"78,359.42",S,X,0000000000,0000000000,0.00,0.00,0.00,000,FL0000000,0.00,0.000,MI00,"2,415.00",000,00
5105600408,3100,0.00,267.000,0.000,EA,EA,US00,RE01,000001,MI00,4500000384,00010,00000,X,2026,0000000000,000000,"4,201.200",0000,0000,204,CHSP1800,CHSP1800,EA,267.000,XI,0000000000,0,0.000,0.00,0.00,00/00/0000,0.00,"116,813.91",S,X,0000000000,0000000000,0.00,0.00,0.00,000,FL0000000,0.00,0.000,MI00,"7,726.98",000,00
5105600409,3100,0.00,20.000,0.000,EA,EA,US00,RE01,000001,MI00,4500000337,00010,00000,X,2026,0000000000,000000,851.800,0000,0000,204,EPAD1800,EPAD1800,EA,20.000,XI,0000000000,0,0.000,0.00,0.00,00/00/0000,0.00,"34,561.54",S,X,0000000000,0000000000,0.00,0.00,0.00,000,FL0000000,0.00,0.000,MI00,817.80,000,00
5105600410,3100,0.00,46.000,0.000,EA,EA,US00,RE01,000001,MI00,4500000380,00010,00000,X,2026,0000000000,000000,"1,347.800",0000,0000,204,FAID1800,FAID1800,EA,46.000,XI,0000000000,0,0.000,0.00,0.00,00/00/0000,0.00,"33,354.70",S,X,0000000000,0000000000,0.00,0.00,0.00,000,FL0000000,0.00,0.000,MI00,"1,172.08",000,00
5105600411,3100,0.00,95.000,0.000,EA,EA,US00,RE01,000001,MI00,4500000383,00010,00000,X,2026,0000000000,000000,"5,590.200",0000,0000,204,SHRT1800,SHRT1800,EA,95.000,XI,0000000000,0,0.000,0.00,0.00,00/00/0000,0.00,"78,359.42",S,X,0000000000,0000000000,0.00,0.00,0.00,000,FL0000000,0.00,0.000,MI00,"1,389.85",000,00
5105600412,3100,0.00,165.000,0.000,EA,EA,US00,RE01,000001,MI00,4500000385,00010,00000,X,2026,0000000000,000000,"3,968.000",0000,0000,204,CAGE1800,CAGE1800,EA,165.000,XI,0000000000,0,0.000,0.00,0.00,00/00/0000,0.00,"39,207.94",S,X,0000000000,0000000000,0.00,0.00,0.00,000,FL0000000,0.00,0.000,MI00,"1,686.30",000,00
5105600413,3100,0.00,23.000,0.000,EA,EA,US00,RE01,000001,MI00,4500000387,00010,00000,X,2026,0000000000,000000,"1,318.400",0000,0000,204,KPAD1800,KPAD1800,EA,23.000,XI,0000000000,0,0.000,0.00,0.00,00/00/0000,0.00,"52,955.97",S,X,0000000000,0000000000,0.00,0.00,0.00,000,FL0000000,0.00,0.000,MI00,943.92,000,00
5105600414,3100,0.00,235.000,0.000,EA,EA,US00,RE01,000001,MI00,4500000389,00010,00000,X,2026,0000000000,000000,"8,239.200",0000,0000,204,BOTL1800,BOTL1800,EA,235.000,XI,0000000000,0,0.000,0.00,0.00,00/00/0000,0.00,"90,751.57",S,X,0000000000,0000000000,0.00,0.00,0.00,000,FL0000000,0.00,0.000,MI00,"2,549.75",000,00
5105600415,3100,0.00,175.000,0.000,EA,EA,US00,RE01,000001,MI00,4500000386,00010,00000,X,2026,0000000000,000000,"3,968.000",0000,0000,204,CAGE1800,CAGE1800,EA,175.000,XI,0000000000,0,0.000,0.00,0.00,00/00/0000,0.00,"39,207.94",S,X,0000000000,0000000000,0.00,0.00,0.00,000,FL0000000,0.00,0.000,MI00,"1,744.75",000,00
5105600416,3100,0.00,102.000,0.000,EA,EA,US00,RE01,000001,MI00,4500000391,00010,00000,X,2026,0000000000,000000,"4,400.200",0000,0000,204,CHSP1800,CHSP1800,EA,102.000,XI,0000000000,0,0.000,0.00,0.00,00/00/0000,0.00,"122,502.66",S,X,0000000000,0000000000,0.00,0.00,0.00,000,FL0000000,0.00,0.000,MI00,"2,962.08",000,00
5105600417,3100,0.00,31.000,0.000,EA,EA,US00,RE01,000001,MI00,4500000406,00010,00000,X,2026,0000000000,000000,"1,375.200",0000,0000,204,RHMT1800,RHMT1800,EA,31.000,XI,0000000000,0,0.000,0.00,0.00,00/00/0000,0.00,"35,489.41",S,X,0000000000,0000000000,0.00,0.00,0.00,000,FL0000000,0.00,0.000,MI00,818.71,000,00
5105600418,3100,0.00,20.000,0.000,EA,EA,US00,RE01,000001,MI00,4500000392,00010,00000,X,2026,0000000000,000000,871.800,0000,0000,204,EPAD1800,EPAD1800,EA,20.000,XI,0000000000,0,0.000,0.00,0.00,00/00/0000,0.00,"35,357.94",S,X,0000000000,0000000000,0.00,0.00,0.00,000,FL0000000,0.00,0.000,MI00,796.40,000,00
5105600419,3100,0.00,125.000,0.000,EA,EA,US00,RE01,000001,MI00,4500000393,00010,00000,X,2026,0000000000,000000,"5,795.200",0000,0000,204,SHRT1800,SHRT1800,EA,125.000,XI,0000000000,0,0.000,0.00,0.00,00/00/0000,0.00,"81,250.67",S,X,0000000000,0000000000,0.00,0.00,0.00,000,FL0000000,0.00,0.000,MI00,"1,751.25",000,00
5105600420,3100,0.00,97.000,0.000,EA,EA,US00,RE01,000001,MI00,4500000394,00010,00000,X,2026,0000000000,000000,"4,400.200",0000,0000,204,CHSP1800,CHSP1800,EA,97.000,XI,0000000000,0,0.000,0.00,0.00,00/00/0000,0.00,"122,502.66",S,X,0000000000,0000000000,0.00,0.00,0.00,000,FL0000000,0.00,0.000,MI00,"2,726.67",000,00
5105600421,3100,0.00,32.000,0.000,EA,EA,US00,RE01,000001,MI00,4500000405,00010,00000,X,2026,0000000000,000000,"1,375.200",0000,0000,204,RHMT1800,RHMT1800,EA,32.000,XI,0000000000,0,0.000,0.00,0.00,00/00/0000,0.00,"35,489.41",S,X,0000000000,0000000000,0.00,0.00,0.00,000,FL0000000,0.00,0.000,MI00,844.48,000,00
5105600422,3100,0.00,48.000,0.000,EA,EA,US00,RE01,000001,MI00,4500000410,00010,00000,X,2026,0000000000,000000,"1,395.800",0000,0000,204,FAID1800,FAID1800,EA,48.000,XI,0000000000,0,0.000,0.00,0.00,00/00/0000,0.00,"34,540.78",S,X,0000000000,0000000000,0.00,0.00,0.00,000,FL0000000,0.00,0.000,MI00,"1,186.08",000,00
5105600423,3100,0.00,175.000,0.000,EA,EA,US00,RE01,000001,MI00,4500000408,00010,00000,X,2026,0000000000,000000,"4,166.000",0000,0000,204,CAGE1800,CAGE1800,EA,175.000,XI,0000000000,0,0.000,0.00,0.00,00/00/0000,0.00,"41,195.88",S,X,0000000000,0000000000,0.00,0.00,0.00,000,FL0000000,0.00,0.000,MI00,"1,760.50",000,00
5105600424,3100,0.00,115.000,0.000,EA,EA,US00,RE01,000001,MI00,4500000382,00010,00000,X,2026,0000000000,000000,"5,818.200",0000,0000,204,SHRT1800,SHRT1800,EA,115.000,XI,0000000000,0,0.000,0.00,0.00,00/00/0000,0.00,"81,573.14",S,X,0000000000,0000000000,0.00,0.00,0.00,000,FL0000000,0.00,0.000,MI00,"1,606.55",000,00
5105600425,3100,0.00,115.000,0.000,EA,EA,US00,RE01,000001,MI00,4500000388,00010,00000,X,2026,0000000000,000000,"4,166.000",0000,0000,204,CAGE1800,CAGE1800,EA,115.000,XI,0000000000,0,0.000,0.00,0.00,00/00/0000,0.00,"41,195.88",S,X,0000000000,0000000000,0.00,0.00,0.00,000,FL0000000,0.00,0.000,MI00,"1,199.45",000,00
5105600426,3100,0.00,80.000,0.000,EA,EA,US00,RE01,000001,MI00,4500000409,00010,00000,X,2026,0000000000,000000,"5,818.200",0000,0000,204,SHRT1800,SHRT1800,EA,80.000,XI,0000000000,0,0.000,0.00,0.00,00/00/0000,0.00,"81,573.14",S,X,0000000000,0000000000,0.00,0.00,0.00,000,FL0000000,0.00,0.000,MI00,"1,140.00",000,00
5105600427,3100,0.00,28.000,0.000,EA,EA,US00,RE01,000001,MI00,4500000407,00010,00000,X,2026,0000000000,000000,937.000,0000,0000,204,PUMP1800,PUMP1800,EA,28.000,XI,0000000000,0,0.000,0.00,0.00,00/00/0000,0.00,"19,136.78",S,X,0000000000,0000000000,0.00,0.00,0.00,000,FL0000000,0.00,0.000,MI00,652.96,000,00
5105600428,3100,0.00,29.000,0.000,EA,EA,US00,RE01,000001,MI00,4500000341,00010,00000,X,2026,0000000000,000000,837.400,0000,0000,204,OHMT1800,OHMT1800,EA,29.000,XI,0000000000,0,0.000,0.00,0.00,00/00/0000,0.00,"21,641.98",S,X,0000000000,0000000000,0.00,0.00,0.00,000,FL0000000,0.00,0.000,MI00,778.36,000,00
5105600429,3100,0.00,200.000,0.000,EA,EA,US00,RE01,000001,MI00,4500000415,00010,00000,X,2026,0000000000,000000,"4,366.000",0000,0000,204,CAGE1800,CAGE1800,EA,200.000,XI,0000000000,0,0.000,0.00,0.00,00/00/0000,0.00,"43,253.88",S,X,0000000000,0000000000,0.00,0.00,0.00,000,FL0000000,0.00,0.000,MI00,"2,058.00",000,00
5105600430,3100,0.00,93.000,0.000,EA,EA,US00,RE01,000001,MI00,4500000416,00010,00000,X,2026,0000000000,000000,"4,493.200",0000,0000,204,CHSP1800,CHSP1800,EA,93.000,XI,0000000000,0,0.000,0.00,0.00,00/00/0000,0.00,"125,184.78",S,X,0000000000,0000000000,0.00,0.00,0.00,000,FL0000000,0.00,0.000,MI00,"2,682.12",000,00
5105600431,3100,0.00,20.000,0.000,EA,EA,US00,RE01,000001,MI00,4500000435,00010,00000,X,2026,0000000000,000000,"1,338.400",0000,0000,204,KPAD1800,KPAD1800,EA,20.000,XI,0000000000,0,0.000,0.00,0.00,00/00/0000,0.00,"53,785.57",S,X,0000000000,0000000000,0.00,0.00,0.00,000,FL0000000,0.00,0.000,MI00,829.60,000,00
5105600432,3100,0.00,18.000,0.000,EA,EA,US00,RE01,000001,MI00,4500000436,00010,00000,X,2026,0000000000,000000,889.800,0000,0000,204,EPAD1800,EPAD1800,EA,18.000,XI,0000000000,0,0.000,0.00,0.00,00/00/0000,0.00,"36,113.58",S,X,0000000000,0000000000,0.00,0.00,0.00,000,FL0000000,0.00,0.000,MI00,755.64,000,00
5105600433,3100,0.00,96.000,0.000,EA,EA,US00,RE01,000001,MI00,4500000418,00010,00000,X,2026,0000000000,000000,"4,367.000",0000,0000,204,RKIT1800,RKIT1800,EA,96.000,XI,0000000000,0,0.000,0.00,0.00,00/00/0000,0.00,"62,667.08",S,X,0000000000,0000000000,0.00,0.00,0.00,000,FL0000000,0.00,0.000,MI00,"1,482.24",000,00
5105600434,3100,0.00,59.000,0.000,EA,EA,US00,RE01,000001,MI00,4500000438,00010,00000,X,2026,0000000000,000000,"1,564.000",0000,0000,204,CHLK1800,CHLK1800,EA,59.000,XI,0000000000,0,0.000,0.00,0.00,00/00/0000,0.00,"53,410.91",S,X,0000000000,0000000000,0.00,0.00,0.00,000,FL0000000,0.00,0.000,MI00,"2,071.49",000,00
5105600435,3100,0.00,215.000,0.000,EA,EA,US00,RE01,000001,MI00,4500000398,00010,00000,X,2026,0000000000,000000,"6,033.200",0000,0000,204,SHRT1800,SHRT1800,EA,215.000,XI,0000000000,0,0.000,0.00,0.00,00/00/0000,0.00,"84,673.44",S,X,0000000000,0000000000,0.00,0.00,0.00,000,FL0000000,0.00,0.000,MI00,"3,100.30",000,00
5105600436,3100,0.00,30.000,0.000,EA,EA,US00,RE01,000001,MI00,4500000400,00010,00000,X,2026,0000000000,000000,898.400,0000,0000,204,OHMT1800,OHMT1800,EA,30.000,XI,0000000000,0,0.000,0.00,0.00,00/00/0000,0.00,"23,254.73",S,X,0000000000,0000000000,0.00,0.00,0.00,000,FL0000000,0.00,0.000,MI00,777.30,000,00
5105600437,3100,0.00,125.000,0.000,EA,EA,US00,RE01,000001,MI00,4500000437,00010,00000,X,2026,0000000000,000000,"1,593.800",0000,0000,204,FAID1800,FAID1800,EA,125.000,XI,0000000000,0,0.000,0.00,0.00,00/00/0000,0.00,"39,547.56",S,X,0000000000,0000000000,0.00,0.00,0.00,000,FL0000000,0.00,0.000,MI00,"3,171.25",000,00
5105600438,3100,0.00,220.000,0.000,EA,EA,US00,RE01,000001,MI00,4500000390,00010,00000,X,2026,0000000000,000000,"4,586.000",0000,0000,204,CAGE1800,CAGE1800,EA,220.000,XI,0000000000,0,0.000,0.00,0.00,00/00/0000,0.00,"45,434.08",S,X,0000000000,0000000000,0.00,0.00,0.00,000,FL0000000,0.00,0.000,MI00,"2,180.20",000,00
5105600439,3100,0.00,22.000,0.000,EA,EA,US00,RE01,000001,MI00,4500000413,00010,00000,X,2026,0000000000,000000,"1,004.000",0000,0000,204,PUMP1800,PUMP1800,EA,22.000,XI,0000000000,0,0.000,0.00,0.00,00/00/0000,0.00,"20,654.20",S,X,0000000000,0000000000,0.00,0.00,0.00,000,FL0000000,0.00,0.000,MI00,491.70,000,00
5105600440,3100,0.00,28.000,0.000,EA,EA,US00,RE01,000001,MI00,4500000402,00010,00000,X,2026,0000000000,000000,"1,403.200",0000,0000,204,RHMT1800,RHMT1800,EA,28.000,XI,0000000000,0,0.000,0.00,0.00,00/00/0000,0.00,"36,241.77",S,X,0000000000,0000000000,0.00,0.00,0.00,000,FL0000000,0.00,0.000,MI00,752.36,000,00
5105600441,3100,0.00,132.000,0.000,EA,EA,US00,RE01,000001,MI00,4500000414,00010,00000,X,2026,0000000000,000000,"4,499.000",0000,0000,204,RKIT1800,RKIT1800,EA,132.000,XI,0000000000,0,0.000,0.00,0.00,00/00/0000,0.00,"64,676.12",S,X,0000000000,0000000000,0.00,0.00,0.00,000,FL0000000,0.00,0.000,MI00,"2,009.04",000,00
5105600442,3100,0.00,23.000,0.000,EA,EA,US00,RE01,000001,MI00,4500000403,00010,00000,X,2026,0000000000,000000,"1,004.000",0000,0000,204,PUMP1800,PUMP1800,EA,23.000,XI,0000000000,0,0.000,0.00,0.00,00/00/0000,0.00,"20,654.20",S,X,0000000000,0000000000,0.00,0.00,0.00,000,FL0000000,0.00,0.000,MI00,533.14,000,00
5105600443,3100,0.00,39.000,0.000,EA,EA,US00,RE01,000001,MI00,4500000397,00010,00000,X,2026,0000000000,000000,"1,710.800",0000,0000,204,FAID1800,FAID1800,EA,39.000,XI,0000000000,0,0.000,0.00,0.00,00/00/0000,0.00,"42,506.37",S,X,0000000000,0000000000,0.00,0.00,0.00,000,FL0000000,0.00,0.000,MI00,972.27,000,00
5105600444,3100,0.00,22.000,0.000,EA,EA,US00,RE01,000001,MI00,4500000404,00010,00000,X,2026,0000000000,000000,"1,004.000",0000,0000,204,PUMP1800,PUMP1800,EA,22.000,XI,0000000000,0,0.000,0.00,0.00,00/00/0000,0.00,"20,654.20",S,X,0000000000,0000000000,0.00,0.00,0.00,000,FL0000000,0.00,0.000,MI00,492.58,000,00
5105600445,3100,0.00,29.000,0.000,EA,EA,US00,RE01,000001,MI00,4500000429,00010,00000,X,2026,0000000000,000000,927.400,0000,0000,204,OHMT1800,OHMT1800,EA,29.000,XI,0000000000,0,0.000,0.00,0.00,00/00/0000,0.00,"24,047.01",S,X,0000000000,0000000000,0.00,0.00,0.00,000,FL0000000,0.00,0.000,MI00,792.28,000,00
5105600446,3100,0.00,34.000,0.000,EA,EA,US00,RE01,000001,MI00,4500000399,00010,00000,X,2026,0000000000,000000,"1,710.800",0000,0000,204,FAID1800,FAID1800,EA,34.000,XI,0000000000,0,0.000,0.00,0.00,00/00/0000,0.00,"42,506.37",S,X,0000000000,0000000000,0.00,0.00,0.00,000,FL0000000,0.00,0.000,MI00,863.26,000,00
5105600447,3100,0.00,17.000,0.000,EA,EA,US00,RE01,000001,MI00,4500000401,00010,00000,X,2026,0000000000,000000,"1,358.800",0000,0000,204,KPAD1800,KPAD1800,EA,17.000,XI,0000000000,0,0.000,0.00,0.00,00/00/0000,0.00,"54,624.35",S,X,0000000000,0000000000,0.00,0.00,0.00,000,FL0000000,0.00,0.000,MI00,702.10,000,00
5105600448,3100,0.00,30.000,0.000,EA,EA,US00,RE01,000001,MI00,4500000446,00010,00000,X,2026,0000000000,000000,957.400,0000,0000,204,OHMT1800,OHMT1800,EA,30.000,XI,0000000000,0,0.000,0.00,0.00,00/00/0000,0.00,"24,850.11",S,X,0000000000,0000000000,0.00,0.00,0.00,000,FL0000000,0.00,0.000,MI00,803.10,000,00
5105600449,3100,0.00,38.000,0.000,EA,EA,US00,RE01,000001,MI00,4500000411,00010,00000,X,2026,0000000000,000000,"1,710.800",0000,0000,204,FAID1800,FAID1800,EA,38.000,XI,0000000000,0,0.000,0.00,0.00,00/00/0000,0.00,"42,506.37",S,X,0000000000,0000000000,0.00,0.00,0.00,000,FL0000000,0.00,0.000,MI00,994.08,000,00
5105600450,3100,0.00,235.000,0.000,EA,EA,US00,RE01,000001,MI00,4500000450,00010,00000,X,2026,0000000000,000000,"4,821.000",0000,0000,204,CAGE1800,CAGE1800,EA,235.000,XI,0000000000,0,0.000,0.00,0.00,00/00/0000,0.00,"47,777.03",S,X,0000000000,0000000000,0.00,0.00,0.00,000,FL0000000,0.00,0.000,MI00,"2,342.95",000,00
5105600451,3100,0.00,220.000,0.000,EA,EA,US00,RE01,000001,MI00,4500000447,00010,00000,X,2026,0000000000,000000,"6,573.200",0000,0000,204,SHRT1800,SHRT1800,EA,220.000,XI,0000000000,0,0.000,0.00,0.00,00/00/0000,0.00,"92,413.64",S,X,0000000000,0000000000,0.00,0.00,0.00,000,FL0000000,0.00,0.000,MI00,"3,148.20",000,00
5105600452,3100,0.00,31.000,0.000,EA,EA,US00,RE01,000001,MI00,4500000412,00010,00000,X,2026,0000000000,000000,990.400,0000,0000,204,OHMT1800,OHMT1800,EA,31.000,XI,0000000000,0,0.000,0.00,0.00,00/00/0000,0.00,"25,725.93",S,X,0000000000,0000000000,0.00,0.00,0.00,000,FL0000000,0.00,0.000,MI00,835.45,000,00
5105600453,3100,0.00,79.000,0.000,EA,EA,US00,RE01,000001,MI00,4500000427,00010,00000,X,2026,0000000000,000000,"1,710.800",0000,0000,204,FAID1800,FAID1800,EA,79.000,XI,0000000000,0,0.000,0.00,0.00,00/00/0000,0.00,"42,506.37",S,X,0000000000,0000000000,0.00,0.00,0.00,000,FL0000000,0.00,0.000,MI00,"1,964.73",000,00
5105600454,3100,0.00,230.000,0.000,EA,EA,US00,RE01,000001,MI00,4500000426,00010,00000,X,2026,0000000000,000000,"8,469.200",0000,0000,204,BOTL1800,BOTL1800,EA,230.000,XI,0000000000,0,0.000,0.00,0.00,00/00/0000,0.00,"93,339.07",S,X,0000000000,0000000000,0.00,0.00,0.00,000,FL0000000,0.00,0.000,MI00,"2,587.50",000,00
5105600455,3100,0.00,31.000,0.000,EA,EA,US00,RE01,000001,MI00,4500000428,00010,00000,X,2026,0000000000,000000,"1,434.200",0000,0000,204,RHMT1800,RHMT1800,EA,31.000,XI,0000000000,0,0.000,0.00,0.00,00/00/0000,0.00,"37,053.66",S,X,0000000000,0000000000,0.00,0.00,0.00,000,FL0000000,0.00,0.000,MI00,811.89,000,00
5105600456,3100,0.00,100.000,0.000,EA,EA,US00,RE01,000001,MI00,4500000424,00010,00000,X,2026,0000000000,000000,"6,573.200",0000,0000,204,SHRT1800,SHRT1800,EA,100.000,XI,0000000000,0,0.000,0.00,0.00,00/00/0000,0.00,"92,413.64",S,X,0000000000,0000000000,0.00,0.00,0.00,000,FL0000000,0.00,0.000,MI00,"1,413.00",000,00
5105600457,3100,0.00,28.000,0.000,EA,EA,US00,RE01,000001,MI00,4500000420,00010,00000,X,2026,0000000000,000000,"1,060.000",0000,0000,204,PUMP1800,PUMP1800,EA,28.000,XI,0000000000,0,0.000,0.00,0.00,00/00/0000,0.00,"21,927.64",S,X,0000000000,0000000000,0.00,0.00,0.00,000,FL0000000,0.00,0.000,MI00,641.76,000,00
5105600458,3100,0.00,220.000,0.000,EA,EA,US00,RE01,000001,MI00,4500000445,00010,00000,X,2026,0000000000,000000,"6,573.200",0000,0000,204,SHRT1800,SHRT1800,EA,220.000,XI,0000000000,0,0.000,0.00,0.00,00/00/0000,0.00,"92,413.64",S,X,0000000000,0000000000,0.00,0.00,0.00,000,FL0000000,0.00,0.000,MI00,"3,179.00",000,00
5105600459,3100,0.00,111.000,0.000,EA,EA,US00,RE01,000001,MI00,4500000430,00010,00000,X,2026,0000000000,000000,"1,821.800",0000,0000,204,FAID1800,FAID1800,EA,111.000,XI,0000000000,0,0.000,0.00,0.00,00/00/0000,0.00,"45,332.43",S,X,0000000000,0000000000,0.00,0.00,0.00,000,FL0000000,0.00,0.000,MI00,"2,826.06",000,00
5105600460,3100,0.00,33.000,0.000,EA,EA,US00,RE01,000001,MI00,4500000449,00010,00000,X,2026,0000000000,000000,990.400,0000,0000,204,OHMT1800,OHMT1800,EA,33.000,XI,0000000000,0,0.000,0.00,0.00,00/00/0000,0.00,"25,725.93",S,X,0000000000,0000000000,0.00,0.00,0.00,000,FL0000000,0.00,0.000,MI00,875.82,000,00
5105600461,3100,0.00,205.000,0.000,EA,EA,US00,RE01,000001,MI00,4500000433,00010,00000,X,2026,0000000000,000000,"5,286.000",0000,0000,204,CAGE1800,CAGE1800,EA,205.000,XI,0000000000,0,0.000,0.00,0.00,00/00/0000,0.00,"52,516.03",S,X,0000000000,0000000000,0.00,0.00,0.00,000,FL0000000,0.00,0.000,MI00,"2,095.10",000,00
5105600462,3100,0.00,30.000,0.000,EA,EA,US00,RE01,000001,MI00,4500000423,00010,00000,X,2026,0000000000,000000,"1,464.200",0000,0000,204,RHMT1800,RHMT1800,EA,30.000,XI,0000000000,0,0.000,0.00,0.00,00/00/0000,0.00,"37,862.76",S,X,0000000000,0000000000,0.00,0.00,0.00,000,FL0000000,0.00,0.000,MI00,809.10,000,00
5105600463,3100,0.00,85.000,0.000,EA,EA,US00,RE01,000001,MI00,4500000421,00010,00000,X,2026,0000000000,000000,"5,571.000",0000,0000,204,CAGE1800,CAGE1800,EA,85.000,XI,0000000000,0,0.000,0.00,0.00,00/00/0000,0.00,"55,471.73",S,X,0000000000,0000000000,0.00,0.00,0.00,000,FL0000000,0.00,0.000,MI00,874.65,000,00
5105600464,3100,0.00,140.000,0.000,EA,EA,US00,RE01,000001,MI00,4500000434,00010,00000,X,2026,0000000000,000000,"5,571.000",0000,0000,204,CAGE1800,CAGE1800,EA,140.000,XI,0000000000,0,0.000,0.00,0.00,00/00/0000,0.00,"55,471.73",S,X,0000000000,0000000000,0.00,0.00,0.00,000,FL0000000,0.00,0.000,MI00,"1,444.80",000,00
5105600465,3100,0.00,19.000,0.000,EA,EA,US00,RE01,000001,MI00,4500000466,00010,00000,X,2026,0000000000,000000,908.800,0000,0000,204,EPAD1800,EPAD1800,EA,19.000,XI,0000000000,0,0.000,0.00,0.00,00/00/0000,0.00,"36,908.92",S,X,0000000000,0000000000,0.00,0.00,0.00,000,FL0000000,0.00,0.000,MI00,795.34,000,00
5105600466,3100,0.00,116.000,0.000,EA,EA,US00,RE01,000001,MI00,4500000425,00010,00000,X,2026,0000000000,000000,"4,847.000",0000,0000,204,RKIT1800,RKIT1800,EA,116.000,XI,0000000000,0,0.000,0.00,0.00,00/00/0000,0.00,"70,011.72",S,X,0000000000,0000000000,0.00,0.00,0.00,000,FL0000000,0.00,0.000,MI00,"1,774.80",000,00
5105600467,3100,0.00,22.000,0.000,EA,EA,US00,RE01,000001,MI00,4500000467,00010,00000,X,2026,0000000000,000000,"1,082.000",0000,0000,204,PUMP1800,PUMP1800,EA,22.000,XI,0000000000,0,0.000,0.00,0.00,00/00/0000,0.00,"22,438.48",S,X,0000000000,0000000000,0.00,0.00,0.00,000,FL0000000,0.00,0.000,MI00,510.84,000,00
5105600468,3100,0.00,21.000,0.000,EA,EA,US00,RE01,000001,MI00,4500000417,00010,00000,X,2026,0000000000,000000,"1,379.800",0000,0000,204,KPAD1800,KPAD1800,EA,21.000,XI,0000000000,0,0.000,0.00,0.00,00/00/0000,0.00,"55,480.73",S,X,0000000000,0000000000,0.00,0.00,0.00,000,FL0000000,0.00,0.000,MI00,856.38,000,00
5105600469,3100,0.00,168.000,0.000,EA,EA,US00,RE01,000001,MI00,4500000464,00010,00000,X,2026,0000000000,000000,"4,922.000",0000,0000,204,RKIT1800,RKIT1800,EA,168.000,XI,0000000000,0,0.000,0.00,0.00,00/00/0000,0.00,"71,189.97",S,X,0000000000,0000000000,0.00,0.00,0.00,000,FL0000000,0.00,0.000,MI00,"2,604.00",000,00
5105600470,3100,0.00,175.000,0.000,EA,EA,US00,RE01,000001,MI00,4500000422,00010,00000,X,2026,0000000000,000000,"5,571.000",0000,0000,204,CAGE1800,CAGE1800,EA,175.000,XI,0000000000,0,0.000,0.00,0.00,00/00/0000,0.00,"55,471.73",S,X,0000000000,0000000000,0.00,0.00,0.00,000,FL0000000,0.00,0.000,MI00,"1,769.25",000,00
5105600471,3100,0.00,180.000,0.000,EA,EA,US00,RE01,000001,MI00,4500000456,00010,00000,X,2026,0000000000,000000,"9,011.200",0000,0000,204,BOTL1800,BOTL1800,EA,180.000,XI,0000000000,0,0.000,0.00,0.00,00/00/0000,0.00,"99,416.79",S,X,0000000000,0000000000,0.00,0.00,0.00,000,FL0000000,0.00,0.000,MI00,"2,064.60",000,00
5105600472,3100,0.00,64.000,0.000,EA,EA,US00,RE01,000001,MI00,4500000432,00010,00000,X,2026,0000000000,000000,"4,922.000",0000,0000,204,RKIT1800,RKIT1800,EA,64.000,XI,0000000000,0,0.000,0.00,0.00,00/00/0000,0.00,"71,189.97",S,X,0000000000,0000000000,0.00,0.00,0.00,000,FL0000000,0.00,0.000,MI00,956.80,000,00
5105600473,3100,0.00,21.000,0.000,EA,EA,US00,RE01,000001,MI00,4500000469,00010,00000,X,2026,0000000000,000000,929.800,0000,0000,204,EPAD1800,EPAD1800,EA,21.000,XI,0000000000,0,0.000,0.00,0.00,00/00/0000,0.00,"37,782.73",S,X,0000000000,0000000000,0.00,0.00,0.00,000,FL0000000,0.00,0.000,MI00,873.81,000,00
5105600474,3100,0.00,165.000,0.000,EA,EA,US00,RE01,000001,MI00,4500000431,00010,00000,X,2026,0000000000,000000,"9,205.200",0000,0000,204,BOTL1800,BOTL1800,EA,165.000,XI,0000000000,0,0.000,0.00,0.00,00/00/0000,0.00,"101,654.89",S,X,0000000000,0000000000,0.00,0.00,0.00,000,FL0000000,0.00,0.000,MI00,"1,815.00",000,00
5105600475,3100,0.00,230.000,0.000,EA,EA,US00,RE01,000001,MI00,4500000455,00010,00000,X,2026,0000000000,000000,"9,205.200",0000,0000,204,BOTL1800,BOTL1800,EA,230.000,XI,0000000000,0,0.000,0.00,0.00,00/00/0000,0.00,"101,654.89",S,X,0000000000,0000000000,0.00,0.00,0.00,000,FL0000000,0.00,0.000,MI00,"2,562.20",000,00
5105600476,3100,0.00,145.000,0.000,EA,EA,US00,RE01,000001,MI00,4500000458,00010,00000,X,2026,0000000000,000000,"5,571.000",0000,0000,204,CAGE1800,CAGE1800,EA,145.000,XI,0000000000,0,0.000,0.00,0.00,00/00/0000,0.00,"55,471.73",S,X,0000000000,0000000000,0.00,0.00,0.00,000,FL0000000,0.00,0.000,MI00,"1,510.90",000,00
5105600477,3100,0.00,104.000,0.000,EA,EA,US00,RE01,000001,MI00,4500000442,00010,00000,X,2026,0000000000,000000,"5,026.000",0000,0000,204,RKIT1800,RKIT1800,EA,104.000,XI,0000000000,0,0.000,0.00,0.00,00/00/0000,0.00,"72,778.05",S,X,0000000000,0000000000,0.00,0.00,0.00,000,FL0000000,0.00,0.000,MI00,"1,588.08",000,00
5105600478,3100,0.00,75.000,0.000,EA,EA,US00,RE01,000001,MI00,4500000468,00010,00000,X,2026,0000000000,000000,"5,026.000",0000,0000,204,RKIT1800,RKIT1800,EA,75.000,XI,0000000000,0,0.000,0.00,0.00,00/00/0000,0.00,"72,778.05",S,X,0000000000,0000000000,0.00,0.00,0.00,000,FL0000000,0.00,0.000,MI00,"1,178.25",000,00
5105600479,3100,0.00,35.000,0.000,EA,EA,US00,RE01,000001,MI00,4500000457,00010,00000,X,2026,0000000000,000000,"1,856.800",0000,0000,204,FAID1800,FAID1800,EA,35.000,XI,0000000000,0,0.000,0.00,0.00,00/00/0000,0.00,"46,211.98",S,X,0000000000,0000000000,0.00,0.00,0.00,000,FL0000000,0.00,0.000,MI00,879.55,000,00
5105600480,3100,0.00,182.000,0.000,EA,EA,US00,RE01,000001,MI00,4500000444,00010,00000,X,2026,0000000000,000000,"4,675.200",0000,0000,204,CHSP1800,CHSP1800,EA,182.000,XI,0000000000,0,0.000,0.00,0.00,00/00/0000,0.00,"130,306.26",S,X,0000000000,0000000000,0.00,0.00,0.00,000,FL0000000,0.00,0.000,MI00,"5,121.48",000,00
5105600481,3100,0.00,220.000,0.000,EA,EA,US00,RE01,000001,MI00,4500000452,00010,00000,X,2026,0000000000,000000,"9,425.200",0000,0000,204,BOTL1800,BOTL1800,EA,220.000,XI,0000000000,0,0.000,0.00,0.00,00/00/0000,0.00,"104,094.69",S,X,0000000000,0000000000,0.00,0.00,0.00,000,FL0000000,0.00,0.000,MI00,"2,439.80",000,00
5105600482,3100,0.00,155.000,0.000,EA,EA,US00,RE01,000001,MI00,4500000441,00010,00000,X,2026,0000000000,000000,"5,726.000",0000,0000,204,CAGE1800,CAGE1800,EA,155.000,XI,0000000000,0,0.000,0.00,0.00,00/00/0000,0.00,"57,013.98",S,X,0000000000,0000000000,0.00,0.00,0.00,000,FL0000000,0.00,0.000,MI00,"1,542.25",000,00
5105600483,3100,0.00,28.000,0.000,EA,EA,US00,RE01,000001,MI00,4500000419,00010,00000,X,2026,0000000000,000000,"1,104.400",0000,0000,204,PUMP1800,PUMP1800,EA,28.000,XI,0000000000,0,0.000,0.00,0.00,00/00/0000,0.00,"22,959.63",S,X,0000000000,0000000000,0.00,0.00,0.00,000,FL0000000,0.00,0.000,MI00,631.68,000,00
5105600484,3100,0.00,112.000,0.000,EA,EA,US00,RE01,000001,MI00,4500000459,00010,00000,X,2026,0000000000,000000,"4,787.200",0000,0000,204,CHSP1800,CHSP1800,EA,112.000,XI,0000000000,0,0.000,0.00,0.00,00/00/0000,0.00,"133,605.78",S,X,0000000000,0000000000,0.00,0.00,0.00,000,FL0000000,0.00,0.000,MI00,"3,299.52",000,00
5105600485,3100,0.00,240.000,0.000,EA,EA,US00,RE01,000001,MI00,4500000439,00010,00000,X,2026,0000000000,000000,"9,425.200",0000,0000,204,BOTL1800,BOTL1800,EA,240.000,XI,0000000000,0,0.000,0.00,0.00,00/00/0000,0.00,"104,094.69",S,X,0000000000,0000000000,0.00,0.00,0.00,000,FL0000000,0.00,0.000,MI00,"2,745.60",000,00
5105600486,3100,0.00,87.000,0.000,EA,EA,US00,RE01,000001,MI00,4500000448,00010,00000,X,2026,0000000000,000000,"5,113.000",0000,0000,204,RKIT1800,RKIT1800,EA,87.000,XI,0000000000,0,0.000,0.00,0.00,00/00/0000,0.00,"74,154.39",S,X,0000000000,0000000000,0.00,0.00,0.00,000,FL0000000,0.00,0.000,MI00,"1,376.34",000,00
5105600487,3100,0.00,27.000,0.000,EA,EA,US00,RE01,000001,MI00,4500000461,00010,00000,X,2026,0000000000,000000,"1,131.400",0000,0000,204,PUMP1800,PUMP1800,EA,27.000,XI,0000000000,0,0.000,0.00,0.00,00/00/0000,0.00,"23,563.89",S,X,0000000000,0000000000,0.00,0.00,0.00,000,FL0000000,0.00,0.000,MI00,604.26,000,00
5105600488,3100,0.00,240.000,0.000,EA,EA,US00,RE01,000001,MI00,4500000453,00010,00000,X,2026,0000000000,000000,"9,665.200",0000,0000,204,BOTL1800,BOTL1800,EA,240.000,XI,0000000000,0,0.000,0.00,0.00,00/00/0000,0.00,"106,782.69",S,X,0000000000,0000000000,0.00,0.00,0.00,000,FL0000000,0.00,0.000,MI00,"2,688.00",000,00
5105600489,3100,0.00,17.000,0.000,EA,EA,US00,RE01,000001,MI00,4500000440,00010,00000,X,2026,0000000000,000000,946.800,0000,0000,204,EPAD1800,EPAD1800,EA,17.000,XI,0000000000,0,0.000,0.00,0.00,00/00/0000,0.00,"38,465.96",S,X,0000000000,0000000000,0.00,0.00,0.00,000,FL0000000,0.00,0.000,MI00,683.23,000,00
5105600490,3100,0.00,180.000,0.000,EA,EA,US00,RE01,000001,MI00,4500000443,00010,00000,X,2026,0000000000,000000,"6,753.200",0000,0000,204,SHRT1800,SHRT1800,EA,180.000,XI,0000000000,0,0.000,0.00,0.00,00/00/0000,0.00,"95,050.64",S,X,0000000000,0000000000,0.00,0.00,0.00,000,FL0000000,0.00,0.000,MI00,"2,637.00",000,00
5105600491,3100,0.00,137.000,0.000,EA,EA,US00,RE01,000001,MI00,4500000462,00010,00000,X,2026,0000000000,000000,"5,412.000",0000,0000,204,RKIT1800,RKIT1800,EA,137.000,XI,0000000000,0,0.000,0.00,0.00,00/00/0000,0.00,"78,800.62",S,X,0000000000,0000000000,0.00,0.00,0.00,000,FL0000000,0.00,0.000,MI00,"2,094.73",000,00
5105600492,3100,0.00,28.000,0.000,EA,EA,US00,RE01,000001,MI00,4500000451,00010,00000,X,2026,0000000000,000000,"1,131.400",0000,0000,204,PUMP1800,PUMP1800,EA,28.000,XI,0000000000,0,0.000,0.00,0.00,00/00/0000,0.00,"23,563.89",S,X,0000000000,0000000000,0.00,0.00,0.00,000,FL0000000,0.00,0.000,MI00,637.28,000,00
5105600493,3100,0.00,220.000,0.000,EA,EA,US00,RE01,000001,MI00,4500000454,00010,00000,X,2026,0000000000,000000,"10,015.200",0000,0000,204,BOTL1800,BOTL1800,EA,220.000,XI,0000000000,0,0.000,0.00,0.00,00/00/0000,0.00,"110,691.59",S,X,0000000000,0000000000,0.00,0.00,0.00,000,FL0000000,0.00,0.000,MI00,"2,446.40",000,00
5105600494,3100,0.00,162.000,0.000,EA,EA,US00,RE01,000001,MI00,4500000460,00010,00000,X,2026,0000000000,000000,"5,412.000",0000,0000,204,RKIT1800,RKIT1800,EA,162.000,XI,0000000000,0,0.000,0.00,0.00,00/00/0000,0.00,"78,800.62",S,X,0000000000,0000000000,0.00,0.00,0.00,000,FL0000000,0.00,0.000,MI00,"2,551.50",000,00
5105600495,3100,0.00,130.000,0.000,EA,EA,US00,RE01,000001,MI00,4500000463,00010,00000,X,2026,0000000000,000000,"10,015.200",0000,0000,204,BOTL1800,BOTL1800,EA,130.000,XI,0000000000,0,0.000,0.00,0.00,00/00/0000,0.00,"110,691.59",S,X,0000000000,0000000000,0.00,0.00,0.00,000,FL0000000,0.00,0.000,MI00,"1,462.50",000,00
5105600496,3100,0.00,24.000,0.000,EA,EA,US00,RE01,000001,MI00,4500000472,00010,00000,X,2026,0000000000,000000,"1,155.400",0000,0000,204,PUMP1800,PUMP1800,EA,24.000,XI,0000000000,0,0.000,0.00,0.00,00/00/0000,0.00,"24,118.29",S,X,0000000000,0000000000,0.00,0.00,0.00,000,FL0000000,0.00,0.000,MI00,554.40,000,00
5105600497,3100,0.00,155.000,0.000,EA,EA,US00,RE01,000001,MI00,4500000473,00010,00000,X,2026,0000000000,000000,"5,881.000",0000,0000,204,CAGE1800,CAGE1800,EA,155.000,XI,0000000000,0,0.000,0.00,0.00,00/00/0000,0.00,"58,643.03",S,X,0000000000,0000000000,0.00,0.00,0.00,000,FL0000000,0.00,0.000,MI00,"1,629.05",000,00
5105600498,3100,0.00,229.000,0.000,EA,EA,US00,RE01,000001,MI00,4500000475,00010,00000,X,2026,0000000000,000000,"5,193.200",0000,0000,204,CHSP1800,CHSP1800,EA,229.000,XI,0000000000,0,0.000,0.00,0.00,00/00/0000,0.00,"145,567.89",S,X,0000000000,0000000000,0.00,0.00,0.00,000,FL0000000,0.00,0.000,MI00,"6,760.08",000,00
5105600499,3100,0.00,155.000,0.000,EA,EA,US00,RE01,000001,MI00,4500000474,00010,00000,X,2026,0000000000,000000,"6,036.000",0000,0000,204,CAGE1800,CAGE1800,EA,155.000,XI,0000000000,0,0.000,0.00,0.00,00/00/0000,0.00,"60,270.53",S,X,0000000000,0000000000,0.00,0.00,0.00,000,FL0000000,0.00,0.000,MI00,"1,627.50",000,00
5105600500,3100,0.00,24.000,0.000,EA,EA,US00,RE01,000001,MI00,4500000476,00010,00000,X,2026,0000000000,000000,"1,179.400",0000,0000,204,PUMP1800,PUMP1800,EA,24.000,XI,0000000000,0,0.000,0.00,0.00,00/00/0000,0.00,"24,669.33",S,X,0000000000,0000000000,0.00,0.00,0.00,000,FL0000000,0.00,0.000,MI00,551.04,000,00
5105600501,3100,0.00,17.000,0.000,EA,EA,US00,RE01,000001,MI00,4500000478,00010,00000,X,2026,0000000000,000000,"1,420.800",0000,0000,204,KPAD1800,KPAD1800,EA,17.000,XI,0000000000,0,0.000,0.00,0.00,00/00/0000,0.00,"57,143.49",S,X,0000000000,0000000000,0.00,0.00,0.00,000,FL0000000,0.00,0.000,MI00,697.00,000,00
5105600502,3100,0.00,28.000,0.000,EA,EA,US00,RE01,000001,MI00,4500000477,00010,00000,X,2026,0000000000,000000,"1,207.400",0000,0000,204,PUMP1800,PUMP1800,EA,28.000,XI,0000000000,0,0.000,0.00,0.00,00/00/0000,0.00,"25,325.93",S,X,0000000000,0000000000,0.00,0.00,0.00,000,FL0000000,0.00,0.000,MI00,656.60,000,00
5105600503,3100,0.00,177.000,0.000,EA,EA,US00,RE01,000001,MI00,4500000465,00010,00000,X,2026,0000000000,000000,"5,193.200",0000,0000,204,CHSP1800,CHSP1800,EA,177.000,XI,0000000000,0,0.000,0.00,0.00,00/00/0000,0.00,"145,567.89",S,X,0000000000,0000000000,0.00,0.00,0.00,000,FL0000000,0.00,0.000,MI00,"5,202.03",000,00
5105600504,3100,0.00,86.000,0.000,EA,EA,US00,RE01,000001,MI00,4500000480,00010,00000,X,2026,0000000000,000000,"5,498.000",0000,0000,204,RKIT1800,RKIT1800,EA,86.000,XI,0000000000,0,0.000,0.00,0.00,00/00/0000,0.00,"80,159.42",S,X,0000000000,0000000000,0.00,0.00,0.00,000,FL0000000,0.00,0.000,MI00,"1,358.80",000,00
5105600505,3100,0.00,220.000,0.000,EA,EA,US00,RE01,000001,MI00,4500000481,00010,00000,X,2026,0000000000,000000,"6,256.000",0000,0000,204,CAGE1800,CAGE1800,EA,220.000,XI,0000000000,0,0.000,0.00,0.00,00/00/0000,0.00,"62,547.53",S,X,0000000000,0000000000,0.00,0.00,0.00,000,FL0000000,0.00,0.000,MI00,"2,277.00",000,00
5105600506,3100,0.00,23.000,0.000,EA,EA,US00,RE01,000001,MI00,4500000482,00010,00000,X,2026,0000000000,000000,"1,443.800",0000,0000,204,KPAD1800,KPAD1800,EA,23.000,XI,0000000000,0,0.000,0.00,0.00,00/00/0000,0.00,"58,085.80",S,X,0000000000,0000000000,0.00,0.00,0.00,000,FL0000000,0.00,0.000,MI00,942.31,000,00
5105600507,3100,0.00,29.000,0.000,EA,EA,US00,RE01,000001,MI00,4500000483,00010,00000,X,2026,0000000000,000000,"1,885.800",0000,0000,204,FAID1800,FAID1800,EA,29.000,XI,0000000000,0,0.000,0.00,0.00,00/00/0000,0.00,"46,942.49",S,X,0000000000,0000000000,0.00,0.00,0.00,000,FL0000000,0.00,0.000,MI00,730.51,000,00
5105600508,3100,0.00,20.000,0.000,EA,EA,US00,RE01,000001,MI00,4500000484,00010,00000,X,2026,0000000000,000000,966.800,0000,0000,204,EPAD1800,EPAD1800,EA,20.000,XI,0000000000,0,0.000,0.00,0.00,00/00/0000,0.00,"39,275.56",S,X,0000000000,0000000000,0.00,0.00,0.00,000,FL0000000,0.00,0.000,MI00,809.60,000,00
5105600509,3100,0.00,62.000,0.000,EA,EA,US00,RE01,000001,MI00,4500000470,00010,00000,X,2026,0000000000,000000,"1,613.600",0000,0000,204,CHLK1800,CHLK1800,EA,62.000,XI,0000000000,0,0.000,0.00,0.00,00/00/0000,0.00,"55,174.27",S,X,0000000000,0000000000,0.00,0.00,0.00,000,FL0000000,0.00,0.000,MI00,"2,187.36",000,00
5105600510,3100,0.00,24.000,0.000,EA,EA,US00,RE01,000001,MI00,4500000471,00010,00000,X,2026,0000000000,000000,"1,439.000",0000,0000,204,KPAD1800,KPAD1800,EA,24.000,XI,0000000000,0,0.000,0.00,0.00,00/00/0000,0.00,"57,892.69",S,X,0000000000,0000000000,0.00,0.00,0.00,000,FL0000000,0.00,0.000,MI00,965.76,000,00
5105600511,3100,0.00,33.000,0.000,EA,EA,US00,RE01,000001,MI00,4500000479,00010,00000,X,2026,0000000000,000000,"1,497.200",0000,0000,204,RHMT1800,RHMT1800,EA,33.000,XI,0000000000,0,0.000,0.00,0.00,00/00/0000,0.00,"38,767.62",S,X,0000000000,0000000000,0.00,0.00,0.00,000,FL0000000,0.00,0.000,MI00,904.86,000,00
