AEDAT,AWKEY,AWTYP,BELNR,BLART,BLDAT,BUDAT,BUKRS,CPUDT,CPUTM,CTXKRS,DBBLG_GJAHR,FRATH,FULFILLDATE,GJAHR,GLVOR,HWAER,KUR2X,KURS2,KURS3,KURSF,KURST,KURSX,KZKRS,MANDT,MONAT,NUMPG,PPDAT,PPTME,REINDAT,STJAH,STODT,TCODE,TXKRS,UPDDT,USNAM,VATDATE,WAERS,WWERT,XMWST
00/00/0000,1500000169US002026,BKPFF,1500000169,KZ,06/15/2026,06/16/2026,US00,06/18/2026,14:25:00,0.00000,0000,0.00,00/00/0000,2026,RFBU,USD,0.00000000000000,0.00000,0.00000,0.00000,M,0.00000000000000,0.00000,204,06,000,00/00/0000,00:00:00,00/00/0000,0000,00/00/0000,FBDC_C014,0.00000,00/00/0000,chief_accountant_US,00/00/0000,USD,06/01/2026,X
00/00/0000,1500000170US002026,BKPFF,1500000170,KZ,06/15/2026,06/16/2026,US00,06/16/2026,19:32:00,0.00000,0000,0.00,00/00/0000,2026,RFBU,USD,0.00000000000000,0.00000,0.00000,0.00000,M,0.00000000000000,0.00000,204,06,000,00/00/0000,00:00:00,00/00/0000,0000,00/00/0000,FBDC_C014,0.00000,00/00/0000,accounts_payable_clerk_mi00,00/00/0000,USD,06/01/2026,X
00/00/0000,1500000171US002026,BKPFF,1500000171,KZ,06/15/2026,06/16/2026,US00,06/17/2026,14:06:00,0.00000,0000,0.00,00/00/0000,2026,RFBU,USD,0.00000000000000,0.00000,0.00000,0.00000,M,0.00000000000000,0.00000,204,06,000,00/00/0000,00:00:00,00/00/0000,0000,00/00/0000,FBDC_C014,0.00000,00/00/0000,accounts_payable_clerk_mi00,00/00/0000,USD,06/01/2026,X
00/00/0000,1500000172US002026,BKPFF,1500000172,KZ,06/15/2026,06/16/2026,US00,06/16/2026,18:52:00,0.00000,0000,0.00,00/00/0000,2026,RFBU,USD,0.00000000000000,0.00000,0.00000,0.00000,M,0.00000000000000,0.00000,204,06,000,00/00/0000,00:00:00,00/00/0000,0000,00/00/0000,FBDC_C014,0.00000,00/00/0000,chief_accountant_US,00/00/0000,USD,06/01/2026,X
00/00/0000,1500000173US002026,BKPFF,1500000173,KZ,06/15/2026,06/16/2026,US00,06/18/2026,14:32:00,0.00000,0000,0.00,00/00/0000,2026,RFBU,USD,0.00000000000000,0.00000,0.00000,0.00000,M,0.00000000000000,0.00000,204,06,000,00/00/0000,00:00:00,00/00/0000,0000,00/00/0000,FBDC_C014,0.00000,00/00/0000,accounts_payable_clerk_mi00,00/00/0000,USD,06/01/2026,X
00/00/0000,1500000174US002026,BKPFF,1500000174,KZ,06/17/2026,06/18/2026,US00,06/19/2026,14:10:00,0.00000,0000,0.00,00/00/0000,2026,RFBU,USD,0.00000000000000,0.00000,0.00000,0.00000,M,0.00000000000000,0.00000,204,06,000,00/00/0000,00:00:00,00/00/0000,0000,00/00/0000,FBDC_C014,0.00000,00/00/0000,chief_accountant_US,00/00/0000,USD,06/01/2026,X
00/00/0000,1500000175US002026,BKPFF,1500000175,KZ,06/17/2026,06/18/2026,US00,06/18/2026,20:49:00,0.00000,0000,0.00,00/00/0000,2026,RFBU,USD,0.00000000000000,0.00000,0.00000,0.00000,M,0.00000000000000,0.00000,204,06,000,00/00/0000,00:00:00,00/00/0000,0000,00/00/0000,FBDC_C014,0.00000,00/00/0000,accounts_payable_clerk_mi00,00/00/0000,USD,06/01/2026,X
00/00/0000,1500000176US002026,BKPFF,1500000176,KZ,06/17/2026,06/18/2026,US00,06/19/2026,14:09:00,0.00000,0000,0.00,00/00/0000,2026,RFBU,USD,0.00000000000000,0.00000,0.00000,0.00000,M,0.00000000000000,0.00000,204,06,000,00/00/0000,00:00:00,00/00/0000,0000,00/00/0000,FBDC_C014,0.00000,00/00/0000,accounts_payable_clerk_mi00,00/00/0000,USD,06/01/2026,X
00/00/0000,1500000177US002026,BKPFF,1500000177,KZ,06/17/2026,06/18/2026,US00,06/19/2026,14:17:00,0.00000,0000,0.00,00/00/0000,2026,RFBU,USD,0.00000000000000,0.00000,0.00000,0.00000,M,0.00000000000000,0.00000,204,06,000,00/00/0000,00:00:00,00/00/0000,0000,00/00/0000,FBDC_C014,0.00000,00/00/0000,accounts_payable_clerk_mi00,00/00/0000,USD,06/01/2026,X
00/00/0000,1500000178US002026,BKPFF,1500000178,KZ,06/22/2026,06/23/2026,US00,06/23/2026,15:30:00,0.00000,0000,0.00,00/00/0000,2026,RFBU,USD,0.00000000000000,0.00000,0.00000,0.00000,M,0.00000000000000,0.00000,204,06,000,00/00/0000,00:00:00,00/00/0000,0000,00/00/0000,FBDC_C014,0.00000,00/00/0000,accounts_payable_clerk_mi00,00/00/0000,USD,06/01/2026,X
00/00/0000,1500000179US002026,BKPFF,1500000179,KZ,06/19/2026,06/20/2026,US00,06/22/2026,14:33:00,0.00000,0000,0.00,00/00/0000,2026,RFBU,USD,0.00000000000000,0.00000,0.00000,0.00000,M,0.00000000000000,0.00000,204,06,000,00/00/0000,00:00:00,00/00/0000,0000,00/00/0000,FBDC_C014,0.00000,00/00/0000,accounts_payable_clerk_mi00,00/00/0000,USD,06/01/2026,X
00/00/0000,1500000180US002026,BKPFF,1500000180,KZ,06/19/2026,06/20/2026,US00,06/22/2026,16:38:00,0.00000,0000,0.00,00/00/0000,2026,RFBU,USD,0.00000000000000,0.00000,0.00000,0.00000,M,0.00000000000000,0.00000,204,06,000,00/00/0000,00:00:00,00/00/0000,0000,00/00/0000,FBDC_C014,0.00000,00/00/0000,chief_accountant_US,00/00/0000,USD,06/01/2026,X
00/00/0000,1500000181US002026,BKPFF,1500000181,KZ,06/21/2026,06/22/2026,US00,06/23/2026,16:08:00,0.00000,0000,0.00,00/00/0000,2026,RFBU,USD,0.00000000000000,0.00000,0.00000,0.00000,M,0.00000000000000,0.00000,204,06,000,00/00/0000,00:00:00,00/00/0000,0000,00/00/0000,FBDC_C014,0.00000,00/00/0000,chief_accountant_US,00/00/0000,USD,06/01/2026,X
00/00/0000,1500000182US002026,BKPFF,1500000182,KZ,06/19/2026,06/20/2026,US00,06/23/2026,16:31:00,0.00000,0000,0.00,00/00/0000,2026,RFBU,USD,0.00000000000000,0.00000,0.00000,0.00000,M,0.00000000000000,0.00000,204,06,000,00/00/0000,00:00:00,00/00/0000,0000,00/00/0000,FBDC_C014,0.00000,00/00/0000,accounts_payable_clerk_mi00,00/00/0000,USD,06/01/2026,X
00/00/0000,1500000183US002026,BKPFF,1500000183,KZ,06/21/2026,06/22/2026,US00,06/23/2026,17:57:00,0.00000,0000,0.00,00/00/0000,2026,RFBU,USD,0.00000000000000,0.00000,0.00000,0.00000,M,0.00000000000000,0.00000,204,06,000,00/00/0000,00:00:00,00/00/0000,0000,00/00/0000,FBDC_C014,0.00000,00/00/0000,chief_accountant_US,00/00/0000,USD,06/01/2026,X
00/00/0000,1500000184US002026,BKPFF,1500000184,KZ,06/22/2026,06/23/2026,US00,06/23/2026,17:58:00,0.00000,0000,0.00,00/00/0000,2026,RFBU,USD,0.00000000000000,0.00000,0.00000,0.00000,M,0.00000000000000,0.00000,204,06,000,00/00/0000,00:00:00,00/00/0000,0000,00/00/0000,FBDC_C014,0.00000,00/00/0000,accounts_payable_clerk_mi00,00/00/0000,USD,06/01/2026,X
00/00/0000,1500000185US002026,BKPFF,1500000185,KZ,06/22/2026,06/23/2026,US00,06/23/2026,19:21:00,0.00000,0000,0.00,00/00/0000,2026,RFBU,USD,0.00000000000000,0.00000,0.00000,0.00000,M,0.00000000000000,0.00000,204,06,000,00/00/0000,00:00:00,00/00/0000,0000,00/00/0000,FBDC_C014,0.00000,00/00/0000,chief_accountant_US,00/00/0000,USD,06/01/2026,X
00/00/0000,1500000186US002026,BKPFF,1500000186,KZ,06/22/2026,06/23/2026,US00,06/24/2026,14:15:00,0.00000,0000,0.00,00/00/0000,2026,RFBU,USD,0.00000000000000,0.00000,0.00000,0.00000,M,0.00000000000000,0.00000,204,06,000,00/00/0000,00:00:00,00/00/0000,0000,00/00/0000,FBDC_C014,0.00000,00/00/0000,chief_accountant_US,00/00/0000,USD,06/01/2026,X
00/00/0000,1500000187US002026,BKPFF,1500000187,KZ,06/22/2026,06/23/2026,US00,06/24/2026,14:20:00,0.00000,0000,0.00,00/00/0000,2026,RFBU,USD,0.00000000000000,0.00000,0.00000,0.00000,M,0.00000000000000,0.00000,204,06,000,00/00/0000,00:00:00,00/00/0000,0000,00/00/0000,FBDC_C014,0.00000,00/00/0000,chief_accountant_US,00/00/0000,USD,06/01/2026,X
00/00/0000,1500000188US002026,BKPFF,1500000188,KZ,06/19/2026,06/20/2026,US00,06/24/2026,14:50:00,0.00000,0000,0.00,00/00/0000,2026,RFBU,USD,0.00000000000000,0.00000,0.00000,0.00000,M,0.00000000000000,0.00000,204,06,000,00/00/0000,00:00:00,00/00/0000,0000,00/00/0000,FBDC_C014,0.00000,00/00/0000,chief_accountant_US,00/00/0000,USD,06/01/2026,X
00/00/0000,1500000189US002026,BKPFF,1500000189,KZ,06/19/2026,06/20/2026,US00,06/24/2026,14:17:00,0.00000,0000,0.00,00/00/0000,2026,RFBU,USD,0.00000000000000,0.00000,0.00000,0.00000,M,0.00000000000000,0.00000,204,06,000,00/00/0000,00:00:00,00/00/0000,0000,00/00/0000,FBDC_C014,0.00000,00/00/0000,accounts_payable_clerk_mi00,00/00/0000,USD,06/01/2026,X
00/00/0000,1500000190US002026,BKPFF,1500000190,KZ,06/23/2026,06/24/2026,US00,06/24/2026,14:58:00,0.00000,0000,0.00,00/00/0000,2026,RFBU,USD,0.00000000000000,0.00000,0.00000,0.00000,M,0.00000000000000,0.00000,204,06,000,00/00/0000,00:00:00,00/00/0000,0000,00/00/0000,FBDC_C014,0.00000,00/00/0000,chief_accountant_US,00/00/0000,USD,06/01/2026,X
00/00/0000,1500000191US002026,BKPFF,1500000191,KZ,06/22/2026,06/23/2026,US00,06/24/2026,14:25:00,0.00000,0000,0.00,00/00/0000,2026,RFBU,USD,0.00000000000000,0.00000,0.00000,0.00000,M,0.00000000000000,0.00000,204,06,000,00/00/0000,00:00:00,00/00/0000,0000,00/00/0000,FBDC_C014,0.00000,00/00/0000,accounts_payable_clerk_mi00,00/00/0000,USD,06/01/2026,X
00/00/0000,1500000192US002026,BKPFF,1500000192,KZ,06/21/2026,06/22/2026,US00,06/24/2026,14:32:00,0.00000,0000,0.00,00/00/0000,2026,RFBU,USD,0.00000000000000,0.00000,0.00000,0.00000,M,0.00000000000000,0.00000,204,06,000,00/00/0000,00:00:00,00/00/0000,0000,00/00/0000,FBDC_C014,0.00000,00/00/0000,accounts_payable_clerk_mi00,00/00/0000,USD,06/01/2026,X
00/00/0000,1500000193US002026,BKPFF,1500000193,KZ,06/22/2026,06/23/2026,US00,06/25/2026,14:10:00,0.00000,0000,0.00,00/00/0000,2026,RFBU,USD,0.00000000000000,0.00000,0.00000,0.00000,M,0.00000000000000,0.00000,204,06,000,00/00/0000,00:00:00,00/00/0000,0000,00/00/0000,FBDC_C014,0.00000,00/00/0000,chief_accountant_US,00/00/0000,USD,06/01/2026,X
00/00/0000,1500000194US002026,BKPFF,1500000194,KZ,06/22/2026,06/23/2026,US00,06/24/2026,14:37:00,0.00000,0000,0.00,00/00/0000,2026,RFBU,USD,0.00000000000000,0.00000,0.00000,0.00000,M,0.00000000000000,0.00000,204,06,000,00/00/0000,00:00:00,00/00/0000,0000,00/00/0000,FBDC_C014,0.00000,00/00/0000,accounts_payable_clerk_mi00,00/00/0000,USD,06/01/2026,X
00/00/0000,1500000195US002026,BKPFF,1500000195,KZ,06/22/2026,06/23/2026,US00,06/24/2026,14:45:00,0.00000,0000,0.00,00/00/0000,2026,RFBU,USD,0.00000000000000,0.00000,0.00000,0.00000,M,0.00000000000000,0.00000,204,06,000,00/00/0000,00:00:00,00/00/0000,0000,00/00/0000,FBDC_C014,0.00000,00/00/0000,accounts_payable_clerk_mi00,00/00/0000,USD,06/01/2026,X
00/00/0000,1500000196US002026,BKPFF,1500000196,KZ,06/22/2026,06/23/2026,US00,06/25/2026,14:21:00,0.00000,0000,0.00,00/00/0000,2026,RFBU,USD,0.00000000000000,0.00000,0.00000,0.00000,M,0.00000000000000,0.00000,204,06,000,00/00/0000,00:00:00,00/00/0000,0000,00/00/0000,FBDC_C014,0.00000,00/00/0000,chief_accountant_US,00/00/0000,USD,06/01/2026,X
00/00/0000,1500000197US002026,BKPFF,1500000197,KZ,06/21/2026,06/22/2026,US00,06/24/2026,15:03:00,0.00000,0000,0.00,00/00/0000,2026,RFBU,USD,0.00000000000000,0.00000,0.00000,0.00000,M,0.00000000000000,0.00000,204,06,000,00/00/0000,00:00:00,00/00/0000,0000,00/00/0000,FBDC_C014,0.00000,00/00/0000,accounts_payable_clerk_mi00,00/00/0000,USD,06/01/2026,X
00/00/0000,1500000198US002026,BKPFF,1500000198,KZ,06/22/2026,06/23/2026,US00,06/25/2026,14:33:00,0.00000,0000,0.00,00/00/0000,2026,RFBU,USD,0.00000000000000,0.00000,0.00000,0.00000,M,0.00000000000000,0.00000,204,06,000,00/00/0000,00:00:00,00/00/0000,0000,00/00/0000,FBDC_C014,0.00000,00/00/0000,chief_accountant_US,00/00/0000,USD,06/01/2026,X
00/00/0000,1500000199US002026,BKPFF,1500000199,KZ,06/23/2026,06/24/2026,US00,06/25/2026,14:45:00,0.00000,0000,0.00,00/00/0000,2026,RFBU,USD,0.00000000000000,0.00000,0.00000,0.00000,M,0.00000000000000,0.00000,204,06,000,00/00/0000,00:00:00,00/00/0000,0000,00/00/0000,FBDC_C014,0.00000,00/00/0000,chief_accountant_US,00/00/0000,USD,06/01/2026,X
00/00/0000,1500000200US002026,BKPFF,1500000200,KZ,06/22/2026,06/23/2026,US00,06/24/2026,15:10:00,0.00000,0000,0.00,00/00/0000,2026,RFBU,USD,0.00000000000000,0.00000,0.00000,0.00000,M,0.00000000000000,0.00000,204,06,000,00/00/0000,00:00:00,00/00/0000,0000,00/00/0000,FBDC_C014,0.00000,00/00/0000,accounts_payable_clerk_mi00,00/00/0000,USD,06/01/2026,X
00/00/0000,1500000201US002026,BKPFF,1500000201,KZ,06/22/2026,06/23/2026,US00,06/24/2026,15:48:00,0.00000,0000,0.00,00/00/0000,2026,RFBU,USD,0.00000000000000,0.00000,0.00000,0.00000,M,0.00000000000000,0.00000,204,06,000,00/00/0000,00:00:00,00/00/0000,0000,00/00/0000,FBDC_C014,0.00000,00/00/0000,accounts_payable_clerk_mi00,00/00/0000,USD,06/01/2026,X
00/00/0000,1500000202US002026,BKPFF,1500000202,KZ,06/22/2026,06/23/2026,US00,06/24/2026,16:08:00,0.00000,0000,0.00,00/00/0000,2026,RFBU,USD,0.00000000000000,0.00000,0.00000,0.00000,M,0.00000000000000,0.00000,204,06,000,00/00/0000,00:00:00,00/00/0000,0000,00/00/0000,FBDC_C014,0.00000,00/00/0000,accounts_payable_clerk_mi00,00/00/0000,USD,06/01/2026,X
00/00/0000,1500000203US002026,BKPFF,1500000203,KZ,06/21/2026,06/22/2026,US00,06/25/2026,19:52:00,0.00000,0000,0.00,00/00/0000,2026,RFBU,USD,0.00000000000000,0.00000,0.00000,0.00000,M,0.00000000000000,0.00000,204,06,000,00/00/0000,00:00:00,00/00/0000,0000,00/00/0000,FBDC_C014,0.00000,00/00/0000,chief_accountant_US,00/00/0000,USD,06/01/2026,X
00/00/0000,1500000204US002026,BKPFF,1500000204,KZ,06/22/2026,06/23/2026,US00,06/24/2026,21:28:00,0.00000,0000,0.00,00/00/0000,2026,RFBU,USD,0.00000000000000,0.00000,0.00000,0.00000,M,0.00000000000000,0.00000,204,06,000,00/00/0000,00:00:00,00/00/0000,0000,00/00/0000,FBDC_C014,0.00000,00/00/0000,accounts_payable_clerk_mi00,00/00/0000,USD,06/01/2026,X
00/00/0000,1500000205US002026,BKPFF,1500000205,KZ,06/22/2026,06/23/2026,US00,06/25/2026,14:06:00,0.00000,0000,0.00,00/00/0000,2026,RFBU,USD,0.00000000000000,0.00000,0.00000,0.00000,M,0.00000000000000,0.00000,204,06,000,00/00/0000,00:00:00,00/00/0000,0000,00/00/0000,FBDC_C014,0.00000,00/00/0000,accounts_payable_clerk_mi00,00/00/0000,USD,06/01/2026,X
00/00/0000,1500000206US002026,BKPFF,1500000206,KZ,06/22/2026,06/23/2026,US00,06/25/2026,14:15:00,0.00000,0000,0.00,00/00/0000,2026,RFBU,USD,0.00000000000000,0.00000,0.00000,0.00000,M,0.00000000000000,0.00000,204,06,000,00/00/0000,00:00:00,00/00/0000,0000,00/00/0000,FBDC_C014,0.00000,00/00/0000,accounts_payable_clerk_mi00,00/00/0000,USD,06/01/2026,X
00/00/0000,1500000207US002026,BKPFF,1500000207,KZ,06/22/2026,06/23/2026,US00,06/25/2026,14:24:00,0.00000,0000,0.00,00/00/0000,2026,RFBU,USD,0.00000000000000,0.00000,0.00000,0.00000,M,0.00000000000000,0.00000,204,06,000,00/00/0000,00:00:00,00/00/0000,0000,00/00/0000,FBDC_C014,0.00000,00/00/0000,accounts_payable_clerk_mi00,00/00/0000,USD,06/01/2026,X
00/00/0000,1500000208US002026,BKPFF,1500000208,KZ,06/23/2026,06/24/2026,US00,06/26/2026,14:41:00,0.00000,0000,0.00,00/00/0000,2026,RFBU,USD,0.00000000000000,0.00000,0.00000,0.00000,M,0.00000000000000,0.00000,204,06,000,00/00/0000,00:00:00,00/00/0000,0000,00/00/0000,FBDC_C014,0.00000,00/00/0000,chief_accountant_US,00/00/0000,USD,06/01/2026,X
00/00/0000,1500000209US002026,BKPFF,1500000209,KZ,06/23/2026,06/24/2026,US00,06/25/2026,14:32:00,0.00000,0000,0.00,00/00/0000,2026,RFBU,USD,0.00000000000000,0.00000,0.00000,0.00000,M,0.00000000000000,0.00000,204,06,000,00/00/0000,00:00:00,00/00/0000,0000,00/00/0000,FBDC_C014,0.00000,00/00/0000,accounts_payable_clerk_mi00,00/00/0000,USD,06/01/2026,X
00/00/0000,1500000210US002026,BKPFF,1500000210,KZ,06/23/2026,06/24/2026,US00,06/25/2026,14:39:00,0.00000,0000,0.00,00/00/0000,2026,RFBU,USD,0.00000000000000,0.00000,0.00000,0.00000,M,0.00000000000000,0.00000,204,06,000,00/00/0000,00:00:00,00/00/0000,0000,00/00/0000,FBDC_C014,0.00000,00/00/0000,accounts_payable_clerk_mi00,00/00/0000,USD,06/01/2026,X
00/00/0000,1500000211US002026,BKPFF,1500000211,KZ,06/22/2026,06/23/2026,US00,06/25/2026,14:49:00,0.00000,0000,0.00,00/00/0000,2026,RFBU,USD,0.00000000000000,0.00000,0.00000,0.00000,M,0.00000000000000,0.00000,204,06,000,00/00/0000,00:00:00,00/00/0000,0000,00/00/0000,FBDC_C014,0.00000,00/00/0000,accounts_payable_clerk_mi00,00/00/0000,USD,06/01/2026,X
00/00/0000,1500000212US002026,BKPFF,1500000212,KZ,06/22/2026,06/23/2026,US00,06/25/2026,16:05:00,0.00000,0000,0.00,00/00/0000,2026,RFBU,USD,0.00000000000000,0.00000,0.00000,0.00000,M,0.00000000000000,0.00000,204,06,000,00/00/0000,00:00:00,00/00/0000,0000,00/00/0000,FBDC_C014,0.00000,00/00/0000,accounts_payable_clerk_mi00,00/00/0000,USD,06/01/2026,X
00/00/0000,1500000213US002026,BKPFF,1500000213,KZ,06/23/2026,06/24/2026,US00,06/25/2026,19:49:00,0.00000,0000,0.00,00/00/0000,2026,RFBU,USD,0.00000000000000,0.00000,0.00000,0.00000,M,0.00000000000000,0.00000,204,06,000,00/00/0000,00:00:00,00/00/0000,0000,00/00/0000,FBDC_C014,0.00000,00/00/0000,accounts_payable_clerk_mi00,00/00/0000,USD,06/01/2026,X
00/00/0000,1500000214US002026,BKPFF,1500000214,KZ,06/26/2026,06/27/2026,US00,06/29/2026,14:40:00,0.00000,0000,0.00,00/00/0000,2026,RFBU,USD,0.00000000000000,0.00000,0.00000,0.00000,M,0.00000000000000,0.00000,204,06,000,00/00/0000,00:00:00,00/00/0000,0000,00/00/0000,FBDC_C014,0.00000,00/00/0000,accounts_payable_clerk_mi00,00/00/0000,USD,06/01/2026,X
00/00/0000,1500000215US002026,BKPFF,1500000215,KZ,06/26/2026,06/27/2026,US00,06/29/2026,14:43:00,0.00000,0000,0.00,00/00/0000,2026,RFBU,USD,0.00000000000000,0.00000,0.00000,0.00000,M,0.00000000000000,0.00000,204,06,000,00/00/0000,00:00:00,00/00/0000,0000,00/00/0000,FBDC_C014,0.00000,00/00/0000,chief_accountant_US,00/00/0000,USD,06/01/2026,X
00/00/0000,1500000216US002026,BKPFF,1500000216,KZ,06/25/2026,06/26/2026,US00,06/29/2026,14:50:00,0.00000,0000,0.00,00/00/0000,2026,RFBU,USD,0.00000000000000,0.00000,0.00000,0.00000,M,0.00000000000000,0.00000,204,06,000,00/00/0000,00:00:00,00/00/0000,0000,00/00/0000,FBDC_C014,0.00000,00/00/0000,chief_accountant_US,00/00/0000,USD,06/01/2026,X
00/00/0000,1500000217US002026,BKPFF,1500000217,KZ,06/25/2026,06/26/2026,US00,06/29/2026,14:45:00,0.00000,0000,0.00,00/00/0000,2026,RFBU,USD,0.00000000000000,0.00000,0.00000,0.00000,M,0.00000000000000,0.00000,204,06,000,00/00/0000,00:00:00,00/00/0000,0000,00/00/0000,FBDC_C014,0.00000,00/00/0000,accounts_payable_clerk_mi00,00/00/0000,USD,06/01/2026,X
00/00/0000,1500000218US002026,BKPFF,1500000218,KZ,06/25/2026,06/26/2026,US00,06/29/2026,15:00:00,0.00000,0000,0.00,00/00/0000,2026,RFBU,USD,0.00000000000000,0.00000,0.00000,0.00000,M,0.00000000000000,0.00000,204,06,000,00/00/0000,00:00:00,00/00/0000,0000,00/00/0000,FBDC_C014,0.00000,00/00/0000,chief_accountant_US,00/00/0000,USD,06/01/2026,X
00/00/0000,1500000219US002026,BKPFF,1500000219,KZ,06/25/2026,06/26/2026,US00,06/29/2026,15:10:00,0.00000,0000,0.00,00/00/0000,2026,RFBU,USD,0.00000000000000,0.00000,0.00000,0.00000,M,0.00000000000000,0.00000,204,06,000,00/00/0000,00:00:00,00/00/0000,0000,00/00/0000,FBDC_C014,0.00000,00/00/0000,chief_accountant_US,00/00/0000,USD,06/01/2026,X
00/00/0000,1500000220US002026,BKPFF,1500000220,KZ,06/25/2026,06/26/2026,US00,06/29/2026,15:03:00,0.00000,0000,0.00,00/00/0000,2026,RFBU,USD,0.00000000000000,0.00000,0.00000,0.00000,M,0.00000000000000,0.00000,204,06,000,00/00/0000,00:00:00,00/00/0000,0000,00/00/0000,FBDC_C014,0.00000,00/00/0000,accounts_payable_clerk_mi00,00/00/0000,USD,06/01/2026,X
00/00/0000,1500000221US002026,BKPFF,1500000221,KZ,06/26/2026,06/27/2026,US00,06/29/2026,16:34:00,0.00000,0000,0.00,00/00/0000,2026,RFBU,USD,0.00000000000000,0.00000,0.00000,0.00000,M,0.00000000000000,0.00000,204,06,000,00/00/0000,00:00:00,00/00/0000,0000,00/00/0000,FBDC_C014,0.00000,00/00/0000,accounts_payable_clerk_mi00,00/00/0000,USD,06/01/2026,X
00/00/0000,1500000222US002026,BKPFF,1500000222,KZ,06/26/2026,06/27/2026,US00,06/29/2026,17:15:00,0.00000,0000,0.00,00/00/0000,2026,RFBU,USD,0.00000000000000,0.00000,0.00000,0.00000,M,0.00000000000000,0.00000,204,06,000,00/00/0000,00:00:00,00/00/0000,0000,00/00/0000,FBDC_C014,0.00000,00/00/0000,chief_accountant_US,00/00/0000,USD,06/01/2026,X
00/00/0000,1500000223US002026,BKPFF,1500000223,KZ,06/26/2026,06/27/2026,US00,06/29/2026,20:57:00,0.00000,0000,0.00,00/00/0000,2026,RFBU,USD,0.00000000000000,0.00000,0.00000,0.00000,M,0.00000000000000,0.00000,204,06,000,00/00/0000,00:00:00,00/00/0000,0000,00/00/0000,FBDC_C014,0.00000,00/00/0000,accounts_payable_clerk_mi00,00/00/0000,USD,06/01/2026,X
00/00/0000,1500000224US002026,BKPFF,1500000224,KZ,06/26/2026,06/27/2026,US00,06/29/2026,22:23:00,0.00000,0000,0.00,00/00/0000,2026,RFBU,USD,0.00000000000000,0.00000,0.00000,0.00000,M,0.00000000000000,0.00000,204,06,000,00/00/0000,00:00:00,00/00/0000,0000,00/00/0000,FBDC_C014,0.00000,00/00/0000,accounts_payable_clerk_mi00,00/00/0000,USD,06/01/2026,X
00/00/0000,1500000225US002026,BKPFF,1500000225,KZ,06/26/2026,06/27/2026,US00,06/30/2026,15:44:00,0.00000,0000,0.00,00/00/0000,2026,RFBU,USD,0.00000000000000,0.00000,0.00000,0.00000,M,0.00000000000000,0.00000,204,06,000,00/00/0000,00:00:00,00/00/0000,0000,00/00/0000,FBDC_C014,0.00000,00/00/0000,accounts_payable_clerk_mi00,00/00/0000,USD,06/01/2026,X
00/00/0000,1500000226US002026,BKPFF,1500000226,KZ,06/28/2026,06/29/2026,US00,06/30/2026,15:50:00,0.00000,0000,0.00,00/00/0000,2026,RFBU,USD,0.00000000000000,0.00000,0.00000,0.00000,M,0.00000000000000,0.00000,204,06,000,00/00/0000,00:00:00,00/00/0000,0000,00/00/0000,FBDC_C014,0.00000,00/00/0000,accounts_payable_clerk_mi00,00/00/0000,USD,06/01/2026,X
00/00/0000,1500000227US002026,BKPFF,1500000227,KZ,06/28/2026,06/29/2026,US00,06/30/2026,21:24:00,0.00000,0000,0.00,00/00/0000,2026,RFBU,USD,0.00000000000000,0.00000,0.00000,0.00000,M,0.00000000000000,0.00000,204,06,000,00/00/0000,00:00:00,00/00/0000,0000,00/00/0000,FBDC_C014,0.00000,00/00/0000,accounts_payable_clerk_mi00,00/00/0000,USD,06/01/2026,X
00/00/0000,1500000228US002026,BKPFF,1500000228,KZ,06/28/2026,06/29/2026,US00,07/01/2026,14:42:00,0.00000,0000,0.00,00/00/0000,2026,RFBU,USD,0.00000000000000,0.00000,0.00000,0.00000,M,0.00000000000000,0.00000,204,06,000,00/00/0000,00:00:00,00/00/0000,0000,00/00/0000,FBDC_C014,0.00000,00/00/0000,chief_accountant_US,00/00/0000,USD,06/01/2026,X
00/00/0000,1500000229US002026,BKPFF,1500000229,KZ,06/27/2026,06/28/2026,US00,06/30/2026,22:05:00,0.00000,0000,0.00,00/00/0000,2026,RFBU,USD,0.00000000000000,0.00000,0.00000,0.00000,M,0.00000000000000,0.00000,204,06,000,00/00/0000,00:00:00,00/00/0000,0000,00/00/0000,FBDC_C014,0.00000,00/00/0000,accounts_payable_clerk_mi00,00/00/0000,USD,06/01/2026,X
00/00/0000,1500000230US002026,BKPFF,1500000230,KZ,06/27/2026,06/28/2026,US00,07/01/2026,14:53:00,0.00000,0000,0.00,00/00/0000,2026,RFBU,USD,0.00000000000000,0.00000,0.00000,0.00000,M,0.00000000000000,0.00000,204,06,000,00/00/0000,00:00:00,00/00/0000,0000,00/00/0000,FBDC_C014,0.00000,00/00/0000,chief_accountant_US,00/00/0000,USD,06/01/2026,X
00/00/0000,1500000231US002026,BKPFF,1500000231,KZ,06/28/2026,06/29/2026,US00,06/30/2026,22:26:00,0.00000,0000,0.00,00/00/0000,2026,RFBU,USD,0.00000000000000,0.00000,0.00000,0.00000,M,0.00000000000000,0.00000,204,06,000,00/00/0000,00:00:00,00/00/0000,0000,00/00/0000,FBDC_C014,0.00000,00/00/0000,accounts_payable_clerk_mi00,00/00/0000,USD,06/01/2026,X
00/00/0000,1500000232US002026,BKPFF,1500000232,KZ,06/28/2026,06/29/2026,US00,07/01/2026,21:23:00,0.00000,0000,0.00,00/00/0000,2026,RFBU,USD,0.00000000000000,0.00000,0.00000,0.00000,M,0.00000000000000,0.00000,204,06,000,00/00/0000,00:00:00,00/00/0000,0000,00/00/0000,FBDC_C014,0.00000,00/00/0000,chief_accountant_US,00/00/0000,USD,06/01/2026,X
00/00/0000,1500000233US002026,BKPFF,1500000233,KZ,06/26/2026,06/27/2026,US00,07/01/2026,14:32:00,0.00000,0000,0.00,00/00/0000,2026,RFBU,USD,0.00000000000000,0.00000,0.00000,0.00000,M,0.00000000000000,0.00000,204,06,000,00/00/0000,00:00:00,00/00/0000,0000,00/00/0000,FBDC_C014,0.00000,00/00/0000,accounts_payable_clerk_mi00,00/00/0000,USD,06/01/2026,X
00/00/0000,1500000234US002026,BKPFF,1500000234,KZ,06/28/2026,06/29/2026,US00,07/02/2026,14:09:00,0.00000,0000,0.00,00/00/0000,2026,RFBU,USD,0.00000000000000,0.00000,0.00000,0.00000,M,0.00000000000000,0.00000,204,06,000,00/00/0000,00:00:00,00/00/0000,0000,00/00/0000,FBDC_C014,0.00000,00/00/0000,chief_accountant_US,00/00/0000,USD,06/01/2026,X
00/00/0000,1500000235US002026,BKPFF,1500000235,KZ,06/27/2026,06/28/2026,US00,07/01/2026,14:39:00,0.00000,0000,0.00,00/00/0000,2026,RFBU,USD,0.00000000000000,0.00000,0.00000,0.00000,M,0.00000000000000,0.00000,204,06,000,00/00/0000,00:00:00,00/00/0000,0000,00/00/0000,FBDC_C014,0.00000,00/00/0000,accounts_payable_clerk_mi00,00/00/0000,USD,06/01/2026,X
00/00/0000,1500000236US002026,BKPFF,1500000236,KZ,06/28/2026,06/29/2026,US00,07/02/2026,14:16:00,0.00000,0000,0.00,00/00/0000,2026,RFBU,USD,0.00000000000000,0.00000,0.00000,0.00000,M,0.00000000000000,0.00000,204,06,000,00/00/0000,00:00:00,00/00/0000,0000,00/00/0000,FBDC_C014,0.00000,00/00/0000,chief_accountant_US,00/00/0000,USD,06/01/2026,X
00/00/0000,1500000237US002026,BKPFF,1500000237,KZ,06/27/2026,06/28/2026,US00,07/01/2026,14:48:00,0.00000,0000,0.00,00/00/0000,2026,RFBU,USD,0.00000000000000,0.00000,0.00000,0.00000,M,0.00000000000000,0.00000,204,06,000,00/00/0000,00:00:00,00/00/0000,0000,00/00/0000,FBDC_C014,0.00000,00/00/0000,accounts_payable_clerk_mi00,00/00/0000,USD,06/01/2026,X
00/00/0000,1500000238US002026,BKPFF,1500000238,KZ,06/28/2026,06/29/2026,US00,07/02/2026,14:22:00,0.00000,0000,0.00,00/00/0000,2026,RFBU,USD,0.00000000000000,0.00000,0.00000,0.00000,M,0.00000000000000,0.00000,204,06,000,00/00/0000,00:00:00,00/00/0000,0000,00/00/0000,FBDC_C014,0.00000,00/00/0000,chief_accountant_US,00/00/0000,USD,06/01/2026,X
00/00/0000,1500000239US002026,BKPFF,1500000239,KZ,06/27/2026,06/28/2026,US00,07/02/2026,14:31:00,0.00000,0000,0.00,00/00/0000,2026,RFBU,USD,0.00000000000000,0.00000,0.00000,0.00000,M,0.00000000000000,0.00000,204,06,000,00/00/0000,00:00:00,00/00/0000,0000,00/00/0000,FBDC_C014,0.00000,00/00/0000,chief_accountant_US,00/00/0000,USD,06/01/2026,X
00/00/0000,1500000240US002026,BKPFF,1500000240,KZ,06/30/2026,07/01/2026,US00,07/01/2026,17:27:00,0.00000,0000,0.00,00/00/0000,2026,RFBU,USD,0.00000000000000,0.00000,0.00000,0.00000,M,0.00000000000000,0.00000,204,06,000,00/00/0000,00:00:00,00/00/0000,0000,00/00/0000,FBDC_C014,0.00000,00/00/0000,accounts_payable_clerk_mi00,00/00/0000,USD,06/01/2026,X
00/00/0000,1500000241US002026,BKPFF,1500000241,KZ,06/28/2026,06/29/2026,US00,07/01/2026,19:39:00,0.00000,0000,0.00,00/00/0000,2026,RFBU,USD,0.00000000000000,0.00000,0.00000,0.00000,M,0.00000000000000,0.00000,204,06,000,00/00/0000,00:00:00,00/00/0000,0000,00/00/0000,FBDC_C014,0.00000,00/00/0000,accounts_payable_clerk_mi00,00/00/0000,USD,06/01/2026,X
00/00/0000,1500000242US002026,BKPFF,1500000242,KZ,06/28/2026,06/29/2026,US00,07/01/2026,21:05:00,0.00000,0000,0.00,00/00/0000,2026,RFBU,USD,0.00000000000000,0.00000,0.00000,0.00000,M,0.00000000000000,0.00000,204,06,000,00/00/0000,00:00:00,00/00/0000,0000,00/00/0000,FBDC_C014,0.00000,00/00/0000,accounts_payable_clerk_mi00,00/00/0000,USD,06/01/2026,X
00/00/0000,1500000243US002026,BKPFF,1500000243,KZ,06/30/2026,07/01/2026,US00,07/02/2026,14:40:00,0.00000,0000,0.00,00/00/0000,2026,RFBU,USD,0.00000000000000,0.00000,0.00000,0.00000,M,0.00000000000000,0.00000,204,06,000,00/00/0000,00:00:00,00/00/0000,0000,00/00/0000,FBDC_C014,0.00000,00/00/0000,chief_accountant_US,00/00/0000,USD,06/01/2026,X
00/00/0000,1500000244US002026,BKPFF,1500000244,KZ,06/30/2026,07/01/2026,US00,07/01/2026,21:19:00,0.00000,0000,0.00,00/00/0000,2026,RFBU,USD,0.00000000000000,0.00000,0.00000,0.00000,M,0.00000000000000,0.00000,204,06,000,00/00/0000,00:00:00,00/00/0000,0000,00/00/0000,FBDC_C014,0.00000,00/00/0000,accounts_payable_clerk_mi00,00/00/0000,USD,06/01/2026,X
00/00/0000,1500000245US002026,BKPFF,1500000245,KZ,06/28/2026,06/29/2026,US00,07/01/2026,21:54:00,0.00000,0000,0.00,00/00/0000,2026,RFBU,USD,0.00000000000000,0.00000,0.00000,0.00000,M,0.00000000000000,0.00000,204,06,000,00/00/0000,00:00:00,00/00/0000,0000,00/00/0000,FBDC_C014,0.00000,00/00/0000,accounts_payable_clerk_mi00,00/00/0000,USD,06/01/2026,X
00/00/0000,1500000246US002026,BKPFF,1500000246,KZ,06/28/2026,06/29/2026,US00,07/02/2026,14:10:00,0.00000,0000,0.00,00/00/0000,2026,RFBU,USD,0.00000000000000,0.00000,0.00000,0.00000,M,0.00000000000000,0.00000,204,06,000,00/00/0000,00:00:00,00/00/0000,0000,00/00/0000,FBDC_C014,0.00000,00/00/0000,accounts_payable_clerk_mi00,00/00/0000,USD,06/01/2026,X
00/00/0000,1500000247US002026,BKPFF,1500000247,KZ,06/28/2026,06/29/2026,US00,07/02/2026,14:29:00,0.00000,0000,0.00,00/00/0000,2026,RFBU,USD,0.00000000000000,0.00000,0.00000,0.00000,M,0.00000000000000,0.00000,204,06,000,00/00/0000,00:00:00,00/00/0000,0000,00/00/0000,FBDC_C014,0.00000,00/00/0000,accounts_payable_clerk_mi00,00/00/0000,USD,06/01/2026,X
00/00/0000,1500000248US002026,BKPFF,1500000248,KZ,06/28/2026,06/29/2026,US00,07/02/2026,14:36:00,0.00000,0000,0.00,00/00/0000,2026,RFBU,USD,0.00000000000000,0.00000,0.00000,0.00000,M,0.00000000000000,0.00000,204,06,000,00/00/0000,00:00:00,00/00/0000,0000,00/00/0000,FBDC_C014,0.00000,00/00/0000,accounts_payable_clerk_mi00,00/00/0000,USD,06/01/2026,X
00/00/0000,1500000249US002026,BKPFF,1500000249,KZ,06/30/2026,07/01/2026,US00,07/02/2026,14:42:00,0.00000,0000,0.00,00/00/0000,2026,RFBU,USD,0.00000000000000,0.00000,0.00000,0.00000,M,0.00000000000000,0.00000,204,06,000,00/00/0000,00:00:00,00/00/0000,0000,00/00/0000,FBDC_C014,0.00000,00/00/0000,accounts_payable_clerk_mi00,00/00/0000,USD,06/01/2026,X
00/00/0000,1500000250US002026,BKPFF,1500000250,KZ,06/22/2026,06/23/2026,US00,06/23/2026,15:53:00,0.00000,0000,0.00,00/00/0000,2026,RFBU,USD,0.00000000000000,0.00000,0.00000,0.00000,M,0.00000000000000,0.00000,204,06,000,00/00/0000,00:00:00,00/00/0000,0000,00/00/0000,FBDC_C014,0.00000,00/00/0000,chief_accountant_US,00/00/0000,USD,06/01/2026,X
00/00/0000,1500000251US002026,BKPFF,1500000251,KZ,06/22/2026,06/23/2026,US00,06/24/2026,14:07:00,0.00000,0000,0.00,00/00/0000,2026,RFBU,USD,0.00000000000000,0.00000,0.00000,0.00000,M,0.00000000000000,0.00000,204,06,000,00/00/0000,00:00:00,00/00/0000,0000,00/00/0000,FBDC_C014,0.00000,00/00/0000,chief_accountant_US,00/00/0000,USD,06/01/2026,X
00/00/0000,1500000252US002026,BKPFF,1500000252,KZ,06/22/2026,06/23/2026,US00,06/24/2026,14:29:00,0.00000,0000,0.00,00/00/0000,2026,RFBU,USD,0.00000000000000,0.00000,0.00000,0.00000,M,0.00000000000000,0.00000,204,06,000,00/00/0000,00:00:00,00/00/0000,0000,00/00/0000,FBDC_C014,0.00000,00/00/0000,chief_accountant_US,00/00/0000,USD,06/01/2026,X
00/00/0000,1500000253US002026,BKPFF,1500000253,KZ,07/02/2026,07/03/2026,US00,07/03/2026,14:32:00,0.00000,0000,0.00,00/00/0000,2026,RFBU,USD,0.00000000000000,0.00000,0.00000,0.00000,M,0.00000000000000,0.00000,204,06,000,00/00/0000,00:00:00,00/00/0000,0000,00/00/0000,FBDC_C014,0.00000,00/00/0000,accounts_payable_clerk_mi00,00/00/0000,USD,06/01/2026,X
00/00/0000,1500000254US002026,BKPFF,1500000254,KZ,06/30/2026,07/01/2026,US00,07/03/2026,14:42:00,0.00000,0000,0.00,00/00/0000,2026,RFBU,USD,0.00000000000000,0.00000,0.00000,0.00000,M,0.00000000000000,0.00000,204,06,000,00/00/0000,00:00:00,00/00/0000,0000,00/00/0000,FBDC_C014,0.00000,00/00/0000,chief_accountant_US,00/00/0000,USD,06/01/2026,X
00/00/0000,1500000255US002026,BKPFF,1500000255,KZ,07/02/2026,07/03/2026,US00,07/06/2026,14:07:00,0.00000,0000,0.00,00/00/0000,2026,RFBU,USD,0.00000000000000,0.00000,0.00000,0.00000,M,0.00000000000000,0.00000,204,06,000,00/00/0000,00:00:00,00/00/0000,0000,00/00/0000,FBDC_C014,0.00000,00/00/0000,chief_accountant_US,00/00/0000,USD,06/01/2026,X
00/00/0000,1500000256US002026,BKPFF,1500000256,KZ,07/02/2026,07/03/2026,US00,07/06/2026,14:15:00,0.00000,0000,0.00,00/00/0000,2026,RFBU,USD,0.00000000000000,0.00000,0.00000,0.00000,M,0.00000000000000,0.00000,204,06,000,00/00/0000,00:00:00,00/00/0000,0000,00/00/0000,FBDC_C014,0.00000,00/00/0000,chief_accountant_US,00/00/0000,USD,06/01/2026,X
00/00/0000,1500000257US002026,BKPFF,1500000257,KZ,07/02/2026,07/03/2026,US00,07/03/2026,21:11:00,0.00000,0000,0.00,00/00/0000,2026,RFBU,USD,0.00000000000000,0.00000,0.00000,0.00000,M,0.00000000000000,0.00000,204,06,000,00/00/0000,00:00:00,00/00/0000,0000,00/00/0000,FBDC_C014,0.00000,00/00/0000,accounts_payable_clerk_mi00,00/00/0000,USD,06/01/2026,X
00/00/0000,1500000258US002026,BKPFF,1500000258,KZ,07/02/2026,07/03/2026,US00,07/06/2026,14:07:00,0.00000,0000,0.00,00/00/0000,2026,RFBU,USD,0.00000000000000,0.00000,0.00000,0.00000,M,0.00000000000000,0.00000,204,06,000,00/00/0000,00:00:00,00/00/0000,0000,00/00/0000,FBDC_C014,0.00000,00/00/0000,accounts_payable_clerk_mi00,00/00/0000,USD,06/01/2026,X
00/00/0000,1500000259US002026,BKPFF,1500000259,KZ,07/02/2026,07/03/2026,US00,07/06/2026,14:16:00,0.00000,0000,0.00,00/00/0000,2026,RFBU,USD,0.00000000000000,0.00000,0.00000,0.00000,M,0.00000000000000,0.00000,204,06,000,00/00/0000,00:00:00,00/00/0000,0000,00/00/0000,FBDC_C014,0.00000,00/00/0000,accounts_payable_clerk_mi00,00/00/0000,USD,06/01/2026,X
00/00/0000,1500000260US002026,BKPFF,1500000260,KZ,07/02/2026,07/03/2026,US00,07/06/2026,14:25:00,0.00000,0000,0.00,00/00/0000,2026,RFBU,USD,0.00000000000000,0.00000,0.00000,0.00000,M,0.00000000000000,0.00000,204,06,000,00/00/0000,00:00:00,00/00/0000,0000,00/00/0000,FBDC_C014,0.00000,00/00/0000,chief_accountant_US,00/00/0000,USD,06/01/2026,X
00/00/0000,1500000261US002026,BKPFF,1500000261,KZ,07/02/2026,07/03/2026,US00,07/06/2026,14:24:00,0.00000,0000,0.00,00/00/0000,2026,RFBU,USD,0.00000000000000,0.00000,0.00000,0.00000,M,0.00000000000000,0.00000,204,06,000,00/00/0000,00:00:00,00/00/0000,0000,00/00/0000,FBDC_C014,0.00000,00/00/0000,accounts_payable_clerk_mi00,00/00/0000,USD,06/01/2026,X
00/00/0000,1500000262US002026,BKPFF,1500000262,KZ,07/02/2026,07/03/2026,US00,07/06/2026,14:31:00,0.00000,0000,0.00,00/00/0000,2026,RFBU,USD,0.00000000000000,0.00000,0.00000,0.00000,M,0.00000000000000,0.00000,204,06,000,00/00/0000,00:00:00,00/00/0000,0000,00/00/0000,FBDC_C014,0.00000,00/00/0000,accounts_payable_clerk_mi00,00/00/0000,USD,06/01/2026,X
00/00/0000,1500000263US002026,BKPFF,1500000263,KZ,07/02/2026,07/03/2026,US00,07/06/2026,14:32:00,0.00000,0000,0.00,00/00/0000,2026,RFBU,USD,0.00000000000000,0.00000,0.00000,0.00000,M,0.00000000000000,0.00000,204,06,000,00/00/0000,00:00:00,00/00/0000,0000,00/00/0000,FBDC_C014,0.00000,00/00/0000,chief_accountant_US,00/00/0000,USD,06/01/2026,X
00/00/0000,1500000264US002026,BKPFF,1500000264,KZ,07/02/2026,07/03/2026,US00,07/06/2026,14:40:00,0.00000,0000,0.00,00/00/0000,2026,RFBU,USD,0.00000000000000,0.00000,0.00000,0.00000,M,0.00000000000000,0.00000,204,06,000,00/00/0000,00:00:00,00/00/0000,0000,00/00/0000,FBDC_C014,0.00000,00/00/0000,accounts_payable_clerk_mi00,00/00/0000,USD,06/01/2026,X
00/00/0000,1500000265US002026,BKPFF,1500000265,KZ,07/02/2026,07/03/2026,US00,07/06/2026,14:38:00,0.00000,0000,0.00,00/00/0000,2026,RFBU,USD,0.00000000000000,0.00000,0.00000,0.00000,M,0.00000000000000,0.00000,204,06,000,00/00/0000,00:00:00,00/00/0000,0000,00/00/0000,FBDC_C014,0.00000,00/00/0000,chief_accountant_US,00/00/0000,USD,06/01/2026,X
00/00/0000,1500000266US002026,BKPFF,1500000266,KZ,07/02/2026,07/03/2026,US00,07/06/2026,14:48:00,0.00000,0000,0.00,00/00/0000,2026,RFBU,USD,0.00000000000000,0.00000,0.00000,0.00000,M,0.00000000000000,0.00000,204,06,000,00/00/0000,00:00:00,00/00/0000,0000,00/00/0000,FBDC_C014,0.00000,00/00/0000,chief_accountant_US,00/00/0000,USD,06/01/2026,X
00/00/0000,1500000267US002026,BKPFF,1500000267,KZ,06/25/2026,06/26/2026,US00,06/29/2026,14:51:00,0.00000,0000,0.00,00/00/0000,2026,RFBU,USD,0.00000000000000,0.00000,0.00000,0.00000,M,0.00000000000000,0.00000,204,06,000,00/00/0000,00:00:00,00/00/0000,0000,00/00/0000,FBDC_C014,0.00000,00/00/0000,accounts_payable_clerk_mi00,00/00/0000,USD,06/01/2026,X
00/00/0000,1500000268US002026,BKPFF,1500000268,KZ,07/05/2026,07/06/2026,US00,07/07/2026,15:51:00,0.00000,0000,0.00,00/00/0000,2026,RFBU,USD,0.00000000000000,0.00000,0.00000,0.00000,M,0.00000000000000,0.00000,204,06,000,00/00/0000,00:00:00,00/00/0000,0000,00/00/0000,FBDC_C014,0.00000,00/00/0000,chief_accountant_US,00/00/0000,USD,06/01/2026,X
00/00/0000,1500000269US002026,BKPFF,1500000269,KZ,07/05/2026,07/06/2026,US00,07/07/2026,15:49:00,0.00000,0000,0.00,00/00/0000,2026,RFBU,USD,0.00000000000000,0.00000,0.00000,0.00000,M,0.00000000000000,0.00000,204,06,000,00/00/0000,00:00:00,00/00/0000,0000,00/00/0000,FBDC_C014,0.00000,00/00/0000,accounts_payable_clerk_mi00,00/00/0000,USD,06/01/2026,X
00/00/0000,1500000270US002026,BKPFF,1500000270,KZ,07/05/2026,07/06/2026,US00,07/07/2026,19:23:00,0.00000,0000,0.00,00/00/0000,2026,RFBU,USD,0.00000000000000,0.00000,0.00000,0.00000,M,0.00000000000000,0.00000,204,06,000,00/00/0000,00:00:00,00/00/0000,0000,00/00/0000,FBDC_C014,0.00000,00/00/0000,chief_accountant_US,00/00/0000,USD,06/01/2026,X
00/00/0000,1500000271US002026,BKPFF,1500000271,KZ,07/05/2026,07/06/2026,US00,07/07/2026,19:30:00,0.00000,0000,0.00,00/00/0000,2026,RFBU,USD,0.00000000000000,0.00000,0.00000,0.00000,M,0.00000000000000,0.00000,204,06,000,00/00/0000,00:00:00,00/00/0000,0000,00/00/0000,FBDC_C014,0.00000,00/00/0000,accounts_payable_clerk_mi00,00/00/0000,USD,06/01/2026,X
00/00/0000,1500000272US002026,BKPFF,1500000272,KZ,07/05/2026,07/06/2026,US00,07/07/2026,19:33:00,0.00000,0000,0.00,00/00/0000,2026,RFBU,USD,0.00000000000000,0.00000,0.00000,0.00000,M,0.00000000000000,0.00000,204,06,000,00/00/0000,00:00:00,00/00/0000,0000,00/00/0000,FBDC_C014,0.00000,00/00/0000,chief_accountant_US,00/00/0000,USD,06/01/2026,X
00/00/0000,1500000273US002026,BKPFF,1500000273,KZ,07/05/2026,07/06/2026,US00,07/07/2026,19:48:00,0.00000,0000,0.00,00/00/0000,2026,RFBU,USD,0.00000000000000,0.00000,0.00000,0.00000,M,0.00000000000000,0.00000,204,06,000,00/00/0000,00:00:00,00/00/0000,0000,00/00/0000,FBDC_C014,0.00000,00/00/0000,accounts_payable_clerk_mi00,00/00/0000,USD,06/01/2026,X
00/00/0000,1500000274US002026,BKPFF,1500000274,KZ,07/04/2026,07/05/2026,US00,07/07/2026,22:27:00,0.00000,0000,0.00,00/00/0000,2026,RFBU,USD,0.00000000000000,0.00000,0.00000,0.00000,M,0.00000000000000,0.00000,204,06,000,00/00/0000,00:00:00,00/00/0000,0000,00/00/0000,FBDC_C014,0.00000,00/00/0000,accounts_payable_clerk_mi00,00/00/0000,USD,06/01/2026,X
00/00/0000,1500000275US002026,BKPFF,1500000275,KZ,07/05/2026,07/06/2026,US00,07/08/2026,14:08:00,0.00000,0000,0.00,00/00/0000,2026,RFBU,USD,0.00000000000000,0.00000,0.00000,0.00000,M,0.00000000000000,0.00000,204,06,000,00/00/0000,00:00:00,00/00/0000,0000,00/00/0000,FBDC_C014,0.00000,00/00/0000,chief_accountant_US,00/00/0000,USD,06/01/2026,X
00/00/0000,1500000276US002026,BKPFF,1500000276,KZ,06/28/2026,06/29/2026,US00,07/02/2026,14:19:00,0.00000,0000,0.00,00/00/0000,2026,RFBU,USD,0.00000000000000,0.00000,0.00000,0.00000,M,0.00000000000000,0.00000,204,06,000,00/00/0000,00:00:00,00/00/0000,0000,00/00/0000,FBDC_C014,0.00000,00/00/0000,accounts_payable_clerk_mi00,00/00/0000,USD,06/01/2026,X
00/00/0000,1500000277US002026,BKPFF,1500000277,KZ,07/05/2026,07/06/2026,US00,07/08/2026,14:19:00,0.00000,0000,0.00,00/00/0000,2026,RFBU,USD,0.00000000000000,0.00000,0.00000,0.00000,M,0.00000000000000,0.00000,204,06,000,00/00/0000,00:00:00,00/00/0000,0000,00/00/0000,FBDC_C014,0.00000,00/00/0000,chief_accountant_US,00/00/0000,USD,06/01/2026,X
00/00/0000,1500000278US002026,BKPFF,1500000278,KZ,07/05/2026,07/06/2026,US00,07/08/2026,14:10:00,0.00000,0000,0.00,00/00/0000,2026,RFBU,USD,0.00000000000000,0.00000,0.00000,0.00000,M,0.00000000000000,0.00000,204,06,000,00/00/0000,00:00:00,00/00/0000,0000,00/00/0000,FBDC_C014,0.00000,00/00/0000,accounts_payable_clerk_mi00,00/00/0000,USD,06/01/2026,X
00/00/0000,1500000279US002026,BKPFF,1500000279,KZ,07/04/2026,07/05/2026,US00,07/08/2026,14:38:00,0.00000,0000,0.00,00/00/0000,2026,RFBU,USD,0.00000000000000,0.00000,0.00000,0.00000,M,0.00000000000000,0.00000,204,06,000,00/00/0000,00:00:00,00/00/0000,0000,00/00/0000,FBDC_C014,0.00000,00/00/0000,chief_accountant_US,00/00/0000,USD,06/01/2026,X
00/00/0000,1500000280US002026,BKPFF,1500000280,KZ,07/05/2026,07/06/2026,US00,07/08/2026,14:15:00,0.00000,0000,0.00,00/00/0000,2026,RFBU,USD,0.00000000000000,0.00000,0.00000,0.00000,M,0.00000000000000,0.00000,204,06,000,00/00/0000,00:00:00,00/00/0000,0000,00/00/0000,FBDC_C014,0.00000,00/00/0000,accounts_payable_clerk_mi00,00/00/0000,USD,06/01/2026,X
00/00/0000,1500000281US002026,BKPFF,1500000281,KZ,07/04/2026,07/05/2026,US00,07/08/2026,14:21:00,0.00000,0000,0.00,00/00/0000,2026,RFBU,USD,0.00000000000000,0.00000,0.00000,0.00000,M,0.00000000000000,0.00000,204,06,000,00/00/0000,00:00:00,00/00/0000,0000,00/00/0000,FBDC_C014,0.00000,00/00/0000,accounts_payable_clerk_mi00,00/00/0000,USD,06/01/2026,X
00/00/0000,1500000282US002026,BKPFF,1500000282,KZ,07/05/2026,07/06/2026,US00,07/08/2026,14:26:00,0.00000,0000,0.00,00/00/0000,2026,RFBU,USD,0.00000000000000,0.00000,0.00000,0.00000,M,0.00000000000000,0.00000,204,06,000,00/00/0000,00:00:00,00/00/0000,0000,00/00/0000,FBDC_C014,0.00000,00/00/0000,accounts_payable_clerk_mi00,00/00/0000,USD,06/01/2026,X
00/00/0000,1500000283US002026,BKPFF,1500000283,KZ,07/05/2026,07/06/2026,US00,07/08/2026,14:32:00,0.00000,0000,0.00,00/00/0000,2026,RFBU,USD,0.00000000000000,0.00000,0.00000,0.00000,M,0.00000000000000,0.00000,204,06,000,00/00/0000,00:00:00,00/00/0000,0000,00/00/0000,FBDC_C014,0.00000,00/00/0000,accounts_payable_clerk_mi00,00/00/0000,USD,06/01/2026,X
00/00/0000,1500000284US002026,BKPFF,1500000284,KZ,07/05/2026,07/06/2026,US00,07/08/2026,14:39:00,0.00000,0000,0.00,00/00/0000,2026,RFBU,USD,0.00000000000000,0.00000,0.00000,0.00000,M,0.00000000000000,0.00000,204,06,000,00/00/0000,00:00:00,00/00/0000,0000,00/00/0000,FBDC_C014,0.00000,00/00/0000,accounts_payable_clerk_mi00,00/00/0000,USD,06/01/2026,X
00/00/0000,1500000285US002026,BKPFF,1500000285,KZ,07/04/2026,07/05/2026,US00,07/08/2026,15:07:00,0.00000,0000,0.00,00/00/0000,2026,RFBU,USD,0.00000000000000,0.00000,0.00000,0.00000,M,0.00000000000000,0.00000,204,06,000,00/00/0000,00:00:00,00/00/0000,0000,00/00/0000,FBDC_C014,0.00000,00/00/0000,accounts_payable_clerk_mi00,00/00/0000,USD,06/01/2026,X
00/00/0000,1500000286US002026,BKPFF,1500000286,KZ,07/04/2026,07/05/2026,US00,07/08/2026,19:18:00,0.00000,0000,0.00,00/00/0000,2026,RFBU,USD,0.00000000000000,0.00000,0.00000,0.00000,M,0.00000000000000,0.00000,204,06,000,00/00/0000,00:00:00,00/00/0000,0000,00/00/0000,FBDC_C014,0.00000,00/00/0000,accounts_payable_clerk_mi00,00/00/0000,USD,06/01/2026,X
00/00/0000,1500000287US002026,BKPFF,1500000287,KZ,07/05/2026,07/06/2026,US00,07/08/2026,20:44:00,0.00000,0000,0.00,00/00/0000,2026,RFBU,USD,0.00000000000000,0.00000,0.00000,0.00000,M,0.00000000000000,0.00000,204,06,000,00/00/0000,00:00:00,00/00/0000,0000,00/00/0000,FBDC_C014,0.00000,00/00/0000,accounts_payable_clerk_mi00,00/00/0000,USD,06/01/2026,X
00/00/0000,1500000288US002026,BKPFF,1500000288,KZ,07/04/2026,07/05/2026,US00,07/09/2026,14:38:00,0.00000,0000,0.00,00/00/0000,2026,RFBU,USD,0.00000000000000,0.00000,0.00000,0.00000,M,0.00000000000000,0.00000,204,06,000,00/00/0000,00:00:00,00/00/0000,0000,00/00/0000,FBDC_C014,0.00000,00/00/0000,chief_accountant_US,00/00/0000,USD,06/01/2026,X
00/00/0000,1500000289US002026,BKPFF,1500000289,KZ,07/04/2026,07/05/2026,US00,07/08/2026,21:34:00,0.00000,0000,0.00,00/00/0000,2026,RFBU,USD,0.00000000000000,0.00000,0.00000,0.00000,M,0.00000000000000,0.00000,204,06,000,00/00/0000,00:00:00,00/00/0000,0000,00/00/0000,FBDC_C014,0.00000,00/00/0000,accounts_payable_clerk_mi00,00/00/0000,USD,06/01/2026,X
00/00/0000,1500000290US002026,BKPFF,1500000290,KZ,07/04/2026,07/05/2026,US00,07/08/2026,22:09:00,0.00000,0000,0.00,00/00/0000,2026,RFBU,USD,0.00000000000000,0.00000,0.00000,0.00000,M,0.00000000000000,0.00000,204,06,000,00/00/0000,00:00:00,00/00/0000,0000,00/00/0000,FBDC_C014,0.00000,00/00/0000,accounts_payable_clerk_mi00,00/00/0000,USD,06/01/2026,X
00/00/0000,1500000291US002026,BKPFF,1500000291,KZ,07/04/2026,07/05/2026,US00,07/09/2026,14:47:00,0.00000,0000,0.00,00/00/0000,2026,RFBU,USD,0.00000000000000,0.00000,0.00000,0.00000,M,0.00000000000000,0.00000,204,06,000,00/00/0000,00:00:00,00/00/0000,0000,00/00/0000,FBDC_C014,0.00000,00/00/0000,chief_accountant_US,00/00/0000,USD,06/01/2026,X
00/00/0000,1500000292US002026,BKPFF,1500000292,KZ,07/04/2026,07/05/2026,US00,07/09/2026,14:54:00,0.00000,0000,0.00,00/00/0000,2026,RFBU,USD,0.00000000000000,0.00000,0.00000,0.00000,M,0.00000000000000,0.00000,204,06,000,00/00/0000,00:00:00,00/00/0000,0000,00/00/0000,FBDC_C014,0.00000,00/00/0000,chief_accountant_US,00/00/0000,USD,06/01/2026,X
00/00/0000,1500000293US002026,BKPFF,1500000293,KZ,07/05/2026,07/06/2026,US00,07/09/2026,14:31:00,0.00000,0000,0.00,00/00/0000,2026,RFBU,USD,0.00000000000000,0.00000,0.00000,0.00000,M,0.00000000000000,0.00000,204,06,000,00/00/0000,00:00:00,00/00/0000,0000,00/00/0000,FBDC_C014,0.00000,00/00/0000,accounts_payable_clerk_mi00,00/00/0000,USD,06/01/2026,X
00/00/0000,1500000294US002026,BKPFF,1500000294,KZ,07/08/2026,07/09/2026,US00,07/09/2026,23:29:00,0.00000,0000,0.00,00/00/0000,2026,RFBU,USD,0.00000000000000,0.00000,0.00000,0.00000,M,0.00000000000000,0.00000,204,06,000,00/00/0000,00:00:00,00/00/0000,0000,00/00/0000,FBDC_C014,0.00000,00/00/0000,chief_accountant_US,00/00/0000,USD,06/01/2026,X
00/00/0000,1500000295US002026,BKPFF,1500000295,KZ,07/04/2026,07/05/2026,US00,07/09/2026,14:37:00,0.00000,0000,0.00,00/00/0000,2026,RFBU,USD,0.00000000000000,0.00000,0.00000,0.00000,M,0.00000000000000,0.00000,204,06,000,00/00/0000,00:00:00,00/00/0000,0000,00/00/0000,FBDC_C014,0.00000,00/00/0000,accounts_payable_clerk_mi00,00/00/0000,USD,06/01/2026,X
00/00/0000,1500000296US002026,BKPFF,1500000296,KZ,07/08/2026,07/09/2026,US00,07/10/2026,14:54:00,0.00000,0000,0.00,00/00/0000,2026,RFBU,USD,0.00000000000000,0.00000,0.00000,0.00000,M,0.00000000000000,0.00000,204,06,000,00/00/0000,00:00:00,00/00/0000,0000,00/00/0000,FBDC_C014,0.00000,00/00/0000,chief_accountant_US,00/00/0000,USD,06/01/2026,X
00/00/0000,1500000297US002026,BKPFF,1500000297,KZ,07/08/2026,07/09/2026,US00,07/09/2026,17:52:00,0.00000,0000,0.00,00/00/0000,2026,RFBU,USD,0.00000000000000,0.00000,0.00000,0.00000,M,0.00000000000000,0.00000,204,06,000,00/00/0000,00:00:00,00/00/0000,0000,00/00/0000,FBDC_C014,0.00000,00/00/0000,accounts_payable_clerk_mi00,00/00/0000,USD,06/01/2026,X
00/00/0000,1500000298US002026,BKPFF,1500000298,KZ,07/08/2026,07/09/2026,US00,07/10/2026,15:02:00,0.00000,0000,0.00,00/00/0000,2026,RFBU,USD,0.00000000000000,0.00000,0.00000,0.00000,M,0.00000000000000,0.00000,204,06,000,00/00/0000,00:00:00,00/00/0000,0000,00/00/0000,FBDC_C014,0.00000,00/00/0000,chief_accountant_US,00/00/0000,USD,06/01/2026,X
00/00/0000,1500000299US002026,BKPFF,1500000299,KZ,07/05/2026,07/06/2026,US00,07/08/2026,14:27:00,0.00000,0000,0.00,00/00/0000,2026,RFBU,USD,0.00000000000000,0.00000,0.00000,0.00000,M,0.00000000000000,0.00000,204,06,000,00/00/0000,00:00:00,00/00/0000,0000,00/00/0000,FBDC_C014,0.00000,00/00/0000,chief_accountant_US,00/00/0000,USD,06/01/2026,X
00/00/0000,1500000300US002026,BKPFF,1500000300,KZ,07/08/2026,07/09/2026,US00,07/10/2026,15:14:00,0.00000,0000,0.00,00/00/0000,2026,RFBU,USD,0.00000000000000,0.00000,0.00000,0.00000,M,0.00000000000000,0.00000,204,06,000,00/00/0000,00:00:00,00/00/0000,0000,00/00/0000,FBDC_C014,0.00000,00/00/0000,chief_accountant_US,00/00/0000,USD,06/01/2026,X
00/00/0000,1500000301US002026,BKPFF,1500000301,KZ,07/09/2026,07/10/2026,US00,07/10/2026,14:46:00,0.00000,0000,0.00,00/00/0000,2026,RFBU,USD,0.00000000000000,0.00000,0.00000,0.00000,M,0.00000000000000,0.00000,204,06,000,00/00/0000,00:00:00,00/00/0000,0000,00/00/0000,FBDC_C014,0.00000,00/00/0000,chief_accountant_US,00/00/0000,USD,06/01/2026,X
00/00/0000,1500000302US002026,BKPFF,1500000302,KZ,07/09/2026,07/10/2026,US00,07/13/2026,14:36:00,0.00000,0000,0.00,00/00/0000,2026,RFBU,USD,0.00000000000000,0.00000,0.00000,0.00000,M,0.00000000000000,0.00000,204,06,000,00/00/0000,00:00:00,00/00/0000,0000,00/00/0000,FBDC_C014,0.00000,00/00/0000,chief_accountant_US,00/00/0000,USD,06/01/2026,X
00/00/0000,1500000303US002026,BKPFF,1500000303,KZ,07/09/2026,07/10/2026,US00,07/13/2026,14:57:00,0.00000,0000,0.00,00/00/0000,2026,RFBU,USD,0.00000000000000,0.00000,0.00000,0.00000,M,0.00000000000000,0.00000,204,06,000,00/00/0000,00:00:00,00/00/0000,0000,00/00/0000,FBDC_C014,0.00000,00/00/0000,chief_accountant_US,00/00/0000,USD,06/01/2026,X
00/00/0000,1500000304US002026,BKPFF,1500000304,KZ,07/09/2026,07/10/2026,US00,07/13/2026,14:40:00,0.00000,0000,0.00,00/00/0000,2026,RFBU,USD,0.00000000000000,0.00000,0.00000,0.00000,M,0.00000000000000,0.00000,204,06,000,00/00/0000,00:00:00,00/00/0000,0000,00/00/0000,FBDC_C014,0.00000,00/00/0000,chief_accountant_US,00/00/0000,USD,06/01/2026,X
00/00/0000,1500000305US002026,BKPFF,1500000305,KZ,07/08/2026,07/09/2026,US00,07/10/2026,14:52:00,0.00000,0000,0.00,00/00/0000,2026,RFBU,USD,0.00000000000000,0.00000,0.00000,0.00000,M,0.00000000000000,0.00000,204,06,000,00/00/0000,00:00:00,00/00/0000,0000,00/00/0000,FBDC_C014,0.00000,00/00/0000,accounts_payable_clerk_mi00,00/00/0000,USD,06/01/2026,X
00/00/0000,1500000306US002026,BKPFF,1500000306,KZ,07/09/2026,07/10/2026,US00,07/10/2026,15:17:00,0.00000,0000,0.00,00/00/0000,2026,RFBU,USD,0.00000000000000,0.00000,0.00000,0.00000,M,0.00000000000000,0.00000,204,06,000,00/00/0000,00:00:00,00/00/0000,0000,00/00/0000,FBDC_C014,0.00000,00/00/0000,accounts_payable_clerk_mi00,00/00/0000,USD,06/01/2026,X
00/00/0000,1500000307US002026,BKPFF,1500000307,KZ,07/09/2026,07/10/2026,US00,07/13/2026,15:10:00,0.00000,0000,0.00,00/00/0000,2026,RFBU,USD,0.00000000000000,0.00000,0.00000,0.00000,M,0.00000000000000,0.00000,204,06,000,00/00/0000,00:00:00,00/00/0000,0000,00/00/0000,FBDC_C014,0.00000,00/00/0000,chief_accountant_US,00/00/0000,USD,06/01/2026,X
00/00/0000,1500000308US002026,BKPFF,1500000308,KZ,07/09/2026,07/10/2026,US00,07/13/2026,15:05:00,0.00000,0000,0.00,00/00/0000,2026,RFBU,USD,0.00000000000000,0.00000,0.00000,0.00000,M,0.00000000000000,0.00000,204,06,000,00/00/0000,00:00:00,00/00/0000,0000,00/00/0000,FBDC_C014,0.00000,00/00/0000,chief_accountant_US,00/00/0000,USD,06/01/2026,X
00/00/0000,1500000309US002026,BKPFF,1500000309,KZ,07/10/2026,07/11/2026,US00,07/13/2026,15:22:00,0.00000,0000,0.00,00/00/0000,2026,RFBU,USD,0.00000000000000,0.00000,0.00000,0.00000,M,0.00000000000000,0.00000,204,06,000,00/00/0000,00:00:00,00/00/0000,0000,00/00/0000,FBDC_C014,0.00000,00/00/0000,chief_accountant_US,00/00/0000,USD,06/01/2026,X
00/00/0000,1500000310US002026,BKPFF,1500000310,KZ,07/10/2026,07/11/2026,US00,07/13/2026,15:16:00,0.00000,0000,0.00,00/00/0000,2026,RFBU,USD,0.00000000000000,0.00000,0.00000,0.00000,M,0.00000000000000,0.00000,204,06,000,00/00/0000,00:00:00,00/00/0000,0000,00/00/0000,FBDC_C014,0.00000,00/00/0000,chief_accountant_US,00/00/0000,USD,06/01/2026,X
00/00/0000,1500000311US002026,BKPFF,1500000311,KZ,07/09/2026,07/10/2026,US00,07/13/2026,15:28:00,0.00000,0000,0.00,00/00/0000,2026,RFBU,USD,0.00000000000000,0.00000,0.00000,0.00000,M,0.00000000000000,0.00000,204,06,000,00/00/0000,00:00:00,00/00/0000,0000,00/00/0000,FBDC_C014,0.00000,00/00/0000,chief_accountant_US,00/00/0000,USD,06/01/2026,X
00/00/0000,1500000312US002026,BKPFF,1500000312,KZ,07/09/2026,07/10/2026,US00,07/13/2026,14:21:00,0.00000,0000,0.00,00/00/0000,2026,RFBU,USD,0.00000000000000,0.00000,0.00000,0.00000,M,0.00000000000000,0.00000,204,06,000,00/00/0000,00:00:00,00/00/0000,0000,00/00/0000,FBDC_C014,0.00000,00/00/0000,accounts_payable_clerk_mi00,00/00/0000,USD,06/01/2026,X
00/00/0000,1500000313US002026,BKPFF,1500000313,KZ,07/10/2026,07/11/2026,US00,07/14/2026,15:25:00,0.00000,0000,0.00,00/00/0000,2026,RFBU,USD,0.00000000000000,0.00000,0.00000,0.00000,M,0.00000000000000,0.00000,204,06,000,00/00/0000,00:00:00,00/00/0000,0000,00/00/0000,FBDC_C014,0.00000,00/00/0000,chief_accountant_US,00/00/0000,USD,06/01/2026,X
00/00/0000,1500000314US002026,BKPFF,1500000314,KZ,07/09/2026,07/10/2026,US00,07/13/2026,14:53:00,0.00000,0000,0.00,00/00/0000,2026,RFBU,USD,0.00000000000000,0.00000,0.00000,0.00000,M,0.00000000000000,0.00000,204,06,000,00/00/0000,00:00:00,00/00/0000,0000,00/00/0000,FBDC_C014,0.00000,00/00/0000,accounts_payable_clerk_mi00,00/00/0000,USD,06/01/2026,X
00/00/0000,1500000315US002026,BKPFF,1500000315,KZ,07/09/2026,07/10/2026,US00,07/13/2026,15:03:00,0.00000,0000,0.00,00/00/0000,2026,RFBU,USD,0.00000000000000,0.00000,0.00000,0.00000,M,0.00000000000000,0.00000,204,06,000,00/00/0000,00:00:00,00/00/0000,0000,00/00/0000,FBDC_C014,0.00000,00/00/0000,accounts_payable_clerk_mi00,00/00/0000,USD,06/01/2026,X
00/00/0000,1500000316US002026,BKPFF,1500000316,KZ,07/11/2026,07/12/2026,US00,07/15/2026,16:28:00,0.00000,0000,0.00,00/00/0000,2026,RFBU,USD,0.00000000000000,0.00000,0.00000,0.00000,M,0.00000000000000,0.00000,204,06,000,00/00/0000,00:00:00,00/00/0000,0000,00/00/0000,FBDC_C014,0.00000,00/00/0000,chief_accountant_US,00/00/0000,USD,06/01/2026,X
00/00/0000,1500000317US002026,BKPFF,1500000317,KZ,07/09/2026,07/10/2026,US00,07/13/2026,15:10:00,0.00000,0000,0.00,00/00/0000,2026,RFBU,USD,0.00000000000000,0.00000,0.00000,0.00000,M,0.00000000000000,0.00000,204,06,000,00/00/0000,00:00:00,00/00/0000,0000,00/00/0000,FBDC_C014,0.00000,00/00/0000,accounts_payable_clerk_mi00,00/00/0000,USD,06/01/2026,X
00/00/0000,1500000318US002026,BKPFF,1500000318,KZ,07/11/2026,07/12/2026,US00,07/16/2026,14:06:00,0.00000,0000,0.00,00/00/0000,2026,RFBU,USD,0.00000000000000,0.00000,0.00000,0.00000,M,0.00000000000000,0.00000,204,06,000,00/00/0000,00:00:00,00/00/0000,0000,00/00/0000,FBDC_C014,0.00000,00/00/0000,chief_accountant_US,00/00/0000,USD,06/01/2026,X
00/00/0000,1500000319US002026,BKPFF,1500000319,KZ,07/08/2026,07/09/2026,US00,07/13/2026,15:20:00,0.00000,0000,0.00,00/00/0000,2026,RFBU,USD,0.00000000000000,0.00000,0.00000,0.00000,M,0.00000000000000,0.00000,204,06,000,00/00/0000,00:00:00,00/00/0000,0000,00/00/0000,FBDC_C014,0.00000,00/00/0000,accounts_payable_clerk_mi00,00/00/0000,USD,06/01/2026,X
00/00/0000,1500000320US002026,BKPFF,1500000320,KZ,07/10/2026,07/11/2026,US00,07/13/2026,15:29:00,0.00000,0000,0.00,00/00/0000,2026,RFBU,USD,0.00000000000000,0.00000,0.00000,0.00000,M,0.00000000000000,0.00000,204,06,000,00/00/0000,00:00:00,00/00/0000,0000,00/00/0000,FBDC_C014,0.00000,00/00/0000,accounts_payable_clerk_mi00,00/00/0000,USD,06/01/2026,X
00/00/0000,1500000321US002026,BKPFF,1500000321,KZ,07/10/2026,07/11/2026,US00,07/13/2026,19:17:00,0.00000,0000,0.00,00/00/0000,2026,RFBU,USD,0.00000000000000,0.00000,0.00000,0.00000,M,0.00000000000000,0.00000,204,06,000,00/00/0000,00:00:00,00/00/0000,0000,00/00/0000,FBDC_C014,0.00000,00/00/0000,accounts_payable_clerk_mi00,00/00/0000,USD,06/01/2026,X
00/00/0000,1500000322US002026,BKPFF,1500000322,KZ,07/11/2026,07/12/2026,US00,07/15/2026,16:35:00,0.00000,0000,0.00,00/00/0000,2026,RFBU,USD,0.00000000000000,0.00000,0.00000,0.00000,M,0.00000000000000,0.00000,204,06,000,00/00/0000,00:00:00,00/00/0000,0000,00/00/0000,FBDC_C014,0.00000,00/00/0000,chief_accountant_US,00/00/0000,USD,06/01/2026,X
00/00/0000,1500000323US002026,BKPFF,1500000323,KZ,07/13/2026,07/14/2026,US00,07/14/2026,20:25:00,0.00000,0000,0.00,00/00/0000,2026,RFBU,USD,0.00000000000000,0.00000,0.00000,0.00000,M,0.00000000000000,0.00000,204,06,000,00/00/0000,00:00:00,00/00/0000,0000,00/00/0000,FBDC_C014,0.00000,00/00/0000,chief_accountant_US,00/00/0000,USD,06/01/2026,X
00/00/0000,1500000324US002026,BKPFF,1500000324,KZ,07/11/2026,07/12/2026,US00,07/15/2026,16:45:00,0.00000,0000,0.00,00/00/0000,2026,RFBU,USD,0.00000000000000,0.00000,0.00000,0.00000,M,0.00000000000000,0.00000,204,06,000,00/00/0000,00:00:00,00/00/0000,0000,00/00/0000,FBDC_C014,0.00000,00/00/0000,chief_accountant_US,00/00/0000,USD,06/01/2026,X
00/00/0000,1500000325US002026,BKPFF,1500000325,KZ,07/11/2026,07/12/2026,US00,07/15/2026,16:53:00,0.00000,0000,0.00,00/00/0000,2026,RFBU,USD,0.00000000000000,0.00000,0.00000,0.00000,M,0.00000000000000,0.00000,204,06,000,00/00/0000,00:00:00,00/00/0000,0000,00/00/0000,FBDC_C014,0.00000,00/00/0000,chief_accountant_US,00/00/0000,USD,06/01/2026,X
00/00/0000,1500000326US002026,BKPFF,1500000326,KZ,07/13/2026,07/14/2026,US00,07/15/2026,17:38:00,0.00000,0000,0.00,00/00/0000,2026,RFBU,USD,0.00000000000000,0.00000,0.00000,0.00000,M,0.00000000000000,0.00000,204,06,000,00/00/0000,00:00:00,00/00/0000,0000,00/00/0000,FBDC_C014,0.00000,00/00/0000,chief_accountant_US,00/00/0000,USD,06/01/2026,X
00/00/0000,1500000327US002026,BKPFF,1500000327,KZ,07/10/2026,07/11/2026,US00,07/14/2026,15:04:00,0.00000,0000,0.00,00/00/0000,2026,RFBU,USD,0.00000000000000,0.00000,0.00000,0.00000,M,0.00000000000000,0.00000,204,06,000,00/00/0000,00:00:00,00/00/0000,0000,00/00/0000,FBDC_C014,0.00000,00/00/0000,accounts_payable_clerk_mi00,00/00/0000,USD,06/01/2026,X
00/00/0000,1500000328US002026,BKPFF,1500000328,KZ,07/10/2026,07/11/2026,US00,07/14/2026,15:22:00,0.00000,0000,0.00,00/00/0000,2026,RFBU,USD,0.00000000000000,0.00000,0.00000,0.00000,M,0.00000000000000,0.00000,204,06,000,00/00/0000,00:00:00,00/00/0000,0000,00/00/0000,FBDC_C014,0.00000,00/00/0000,accounts_payable_clerk_mi00,00/00/0000,USD,06/01/2026,X
00/00/0000,1500000329US002026,BKPFF,1500000329,KZ,07/12/2026,07/13/2026,US00,07/15/2026,17:29:00,0.00000,0000,0.00,00/00/0000,2026,RFBU,USD,0.00000000000000,0.00000,0.00000,0.00000,M,0.00000000000000,0.00000,204,06,000,00/00/0000,00:00:00,00/00/0000,0000,00/00/0000,FBDC_C014,0.00000,00/00/0000,chief_accountant_US,00/00/0000,USD,06/01/2026,X
00/00/0000,1500000330US002026,BKPFF,1500000330,KZ,07/12/2026,07/13/2026,US00,07/15/2026,17:54:00,0.00000,0000,0.00,00/00/0000,2026,RFBU,USD,0.00000000000000,0.00000,0.00000,0.00000,M,0.00000000000000,0.00000,204,06,000,00/00/0000,00:00:00,00/00/0000,0000,00/00/0000,FBDC_C014,0.00000,00/00/0000,chief_accountant_US,00/00/0000,USD,06/01/2026,X
00/00/0000,1500000331US002026,BKPFF,1500000331,KZ,07/10/2026,07/11/2026,US00,07/14/2026,16:17:00,0.00000,0000,0.00,00/00/0000,2026,RFBU,USD,0.00000000000000,0.00000,0.00000,0.00000,M,0.00000000000000,0.00000,204,06,000,00/00/0000,00:00:00,00/00/0000,0000,00/00/0000,FBDC_C014,0.00000,00/00/0000,accounts_payable_clerk_mi00,00/00/0000,USD,06/01/2026,X
00/00/0000,1500000332US002026,BKPFF,1500000332,KZ,07/12/2026,07/13/2026,US00,07/14/2026,20:10:00,0.00000,0000,0.00,00/00/0000,2026,RFBU,USD,0.00000000000000,0.00000,0.00000,0.00000,M,0.00000000000000,0.00000,204,06,000,00/00/0000,00:00:00,00/00/0000,0000,00/00/0000,FBDC_C014,0.00000,00/00/0000,accounts_payable_clerk_mi00,00/00/0000,USD,06/01/2026,X
00/00/0000,1500000333US002026,BKPFF,1500000333,KZ,07/14/2026,07/15/2026,US00,07/15/2026,17:09:00,0.00000,0000,0.00,00/00/0000,2026,RFBU,USD,0.00000000000000,0.00000,0.00000,0.00000,M,0.00000000000000,0.00000,204,06,000,00/00/0000,00:00:00,00/00/0000,0000,00/00/0000,FBDC_C014,0.00000,00/00/0000,chief_accountant_US,00/00/0000,USD,06/01/2026,X
00/00/0000,1500000334US002026,BKPFF,1500000334,KZ,07/14/2026,07/15/2026,US00,07/15/2026,20:12:00,0.00000,0000,0.00,00/00/0000,2026,RFBU,USD,0.00000000000000,0.00000,0.00000,0.00000,M,0.00000000000000,0.00000,204,06,000,00/00/0000,00:00:00,00/00/0000,0000,00/00/0000,FBDC_C014,0.00000,00/00/0000,chief_accountant_US,00/00/0000,USD,06/01/2026,X
00/00/0000,1500000335US002026,BKPFF,1500000335,KZ,07/14/2026,07/15/2026,US00,07/16/2026,14:15:00,0.00000,0000,0.00,00/00/0000,2026,RFBU,USD,0.00000000000000,0.00000,0.00000,0.00000,M,0.00000000000000,0.00000,204,06,000,00/00/0000,00:00:00,00/00/0000,0000,00/00/0000,FBDC_C014,0.00000,00/00/0000,chief_accountant_US,00/00/0000,USD,06/01/2026,X
00/00/0000,1500000336US002026,BKPFF,1500000336,KZ,07/14/2026,07/15/2026,US00,07/16/2026,14:22:00,0.00000,0000,0.00,00/00/0000,2026,RFBU,USD,0.00000000000000,0.00000,0.00000,0.00000,M,0.00000000000000,0.00000,204,06,000,00/00/0000,00:00:00,00/00/0000,0000,00/00/0000,FBDC_C014,0.00000,00/00/0000,chief_accountant_US,00/00/0000,USD,06/01/2026,X
00/00/0000,1500000337US002026,BKPFF,1500000337,KZ,07/13/2026,07/14/2026,US00,07/16/2026,14:38:00,0.00000,0000,0.00,00/00/0000,2026,RFBU,USD,0.00000000000000,0.00000,0.00000,0.00000,M,0.00000000000000,0.00000,204,06,000,00/00/0000,00:00:00,00/00/0000,0000,00/00/0000,FBDC_C014,0.00000,00/00/0000,chief_accountant_US,00/00/0000,USD,06/01/2026,X
00/00/0000,1500000338US002026,BKPFF,1500000338,KZ,07/11/2026,07/12/2026,US00,07/15/2026,16:26:00,0.00000,0000,0.00,00/00/0000,2026,RFBU,USD,0.00000000000000,0.00000,0.00000,0.00000,M,0.00000000000000,0.00000,204,06,000,00/00/0000,00:00:00,00/00/0000,0000,00/00/0000,FBDC_C014,0.00000,00/00/0000,accounts_payable_clerk_mi00,00/00/0000,USD,06/01/2026,X
00/00/0000,1500000339US002026,BKPFF,1500000339,KZ,07/11/2026,07/12/2026,US00,07/16/2026,15:11:00,0.00000,0000,0.00,00/00/0000,2026,RFBU,USD,0.00000000000000,0.00000,0.00000,0.00000,M,0.00000000000000,0.00000,204,06,000,00/00/0000,00:00:00,00/00/0000,0000,00/00/0000,FBDC_C014,0.00000,00/00/0000,chief_accountant_US,00/00/0000,USD,06/01/2026,X
00/00/0000,1500000340US002026,BKPFF,1500000340,KZ,07/11/2026,07/12/2026,US00,07/16/2026,15:19:00,0.00000,0000,0.00,00/00/0000,2026,RFBU,USD,0.00000000000000,0.00000,0.00000,0.00000,M,0.00000000000000,0.00000,204,06,000,00/00/0000,00:00:00,00/00/0000,0000,00/00/0000,FBDC_C014,0.00000,00/00/0000,chief_accountant_US,00/00/0000,USD,06/01/2026,X
00/00/0000,1500000341US002026,BKPFF,1500000341,KZ,07/11/2026,07/12/2026,US00,07/15/2026,16:36:00,0.00000,0000,0.00,00/00/0000,2026,RFBU,USD,0.00000000000000,0.00000,0.00000,0.00000,M,0.00000000000000,0.00000,204,06,000,00/00/0000,00:00:00,00/00/0000,0000,00/00/0000,FBDC_C014,0.00000,00/00/0000,accounts_payable_clerk_mi00,00/00/0000,USD,06/01/2026,X
00/00/0000,1500000342US002026,BKPFF,1500000342,KZ,07/14/2026,07/15/2026,US00,07/16/2026,14:48:00,0.00000,0000,0.00,00/00/0000,2026,RFBU,USD,0.00000000000000,0.00000,0.00000,0.00000,M,0.00000000000000,0.00000,204,06,000,00/00/0000,00:00:00,00/00/0000,0000,00/00/0000,FBDC_C014,0.00000,00/00/0000,chief_accountant_US,00/00/0000,USD,06/01/2026,X
00/00/0000,1500000343US002026,BKPFF,1500000343,KZ,07/14/2026,07/15/2026,US00,07/17/2026,14:05:00,0.00000,0000,0.00,00/00/0000,2026,RFBU,USD,0.00000000000000,0.00000,0.00000,0.00000,M,0.00000000000000,0.00000,204,06,000,00/00/0000,00:00:00,00/00/0000,0000,00/00/0000,FBDC_C014,0.00000,00/00/0000,chief_accountant_US,00/00/0000,USD,06/01/2026,X
00/00/0000,1500000344US002026,BKPFF,1500000344,KZ,07/11/2026,07/12/2026,US00,07/15/2026,16:45:00,0.00000,0000,0.00,00/00/0000,2026,RFBU,USD,0.00000000000000,0.00000,0.00000,0.00000,M,0.00000000000000,0.00000,204,06,000,00/00/0000,00:00:00,00/00/0000,0000,00/00/0000,FBDC_C014,0.00000,00/00/0000,accounts_payable_clerk_mi00,00/00/0000,USD,06/01/2026,X
00/00/0000,1500000345US002026,BKPFF,1500000345,KZ,07/11/2026,07/12/2026,US00,07/15/2026,16:55:00,0.00000,0000,0.00,00/00/0000,2026,RFBU,USD,0.00000000000000,0.00000,0.00000,0.00000,M,0.00000000000000,0.00000,204,06,000,00/00/0000,00:00:00,00/00/0000,0000,00/00/0000,FBDC_C014,0.00000,00/00/0000,accounts_payable_clerk_mi00,00/00/0000,USD,06/01/2026,X
00/00/0000,1500000346US002026,BKPFF,1500000346,KZ,07/14/2026,07/15/2026,US00,07/16/2026,14:30:00,0.00000,0000,0.00,00/00/0000,2026,RFBU,USD,0.00000000000000,0.00000,0.00000,0.00000,M,0.00000000000000,0.00000,204,06,000,00/00/0000,00:00:00,00/00/0000,0000,00/00/0000,FBDC_C014,0.00000,00/00/0000,chief_accountant_US,00/00/0000,USD,06/01/2026,X
00/00/0000,1500000347US002026,BKPFF,1500000347,KZ,07/10/2026,07/11/2026,US00,07/15/2026,17:10:00,0.00000,0000,0.00,00/00/0000,2026,RFBU,USD,0.00000000000000,0.00000,0.00000,0.00000,M,0.00000000000000,0.00000,204,06,000,00/00/0000,00:00:00,00/00/0000,0000,00/00/0000,FBDC_C014,0.00000,00/00/0000,accounts_payable_clerk_mi00,00/00/0000,USD,06/01/2026,X
00/00/0000,1500000348US002026,BKPFF,1500000348,KZ,07/14/2026,07/15/2026,US00,07/17/2026,14:15:00,0.00000,0000,0.00,00/00/0000,2026,RFBU,USD,0.00000000000000,0.00000,0.00000,0.00000,M,0.00000000000000,0.00000,204,06,000,00/00/0000,00:00:00,00/00/0000,0000,00/00/0000,FBDC_C014,0.00000,00/00/0000,chief_accountant_US,00/00/0000,USD,06/01/2026,X
00/00/0000,1500000349US002026,BKPFF,1500000349,KZ,07/10/2026,07/11/2026,US00,07/15/2026,17:17:00,0.00000,0000,0.00,00/00/0000,2026,RFBU,USD,0.00000000000000,0.00000,0.00000,0.00000,M,0.00000000000000,0.00000,204,06,000,00/00/0000,00:00:00,00/00/0000,0000,00/00/0000,FBDC_C014,0.00000,00/00/0000,accounts_payable_clerk_mi00,00/00/0000,USD,06/01/2026,X
00/00/0000,1500000350US002026,BKPFF,1500000350,KZ,07/12/2026,07/13/2026,US00,07/15/2026,17:27:00,0.00000,0000,0.00,00/00/0000,2026,RFBU,USD,0.00000000000000,0.00000,0.00000,0.00000,M,0.00000000000000,0.00000,204,06,000,00/00/0000,00:00:00,00/00/0000,0000,00/00/0000,FBDC_C014,0.00000,00/00/0000,accounts_payable_clerk_mi00,00/00/0000,USD,06/01/2026,X
00/00/0000,1500000351US002026,BKPFF,1500000351,KZ,07/14/2026,07/15/2026,US00,07/17/2026,14:25:00,0.00000,0000,0.00,00/00/0000,2026,RFBU,USD,0.00000000000000,0.00000,0.00000,0.00000,M,0.00000000000000,0.00000,204,06,000,00/00/0000,00:00:00,00/00/0000,0000,00/00/0000,FBDC_C014,0.00000,00/00/0000,chief_accountant_US,00/00/0000,USD,06/01/2026,X
00/00/0000,1500000352US002026,BKPFF,1500000352,KZ,07/14/2026,07/15/2026,US00,07/15/2026,17:34:00,0.00000,0000,0.00,00/00/0000,2026,RFBU,USD,0.00000000000000,0.00000,0.00000,0.00000,M,0.00000000000000,0.00000,204,06,000,00/00/0000,00:00:00,00/00/0000,0000,00/00/0000,FBDC_C014,0.00000,00/00/0000,accounts_payable_clerk_mi00,00/00/0000,USD,06/01/2026,X
00/00/0000,1500000353US002026,BKPFF,1500000353,KZ,07/14/2026,07/15/2026,US00,07/16/2026,15:04:00,0.00000,0000,0.00,00/00/0000,2026,RFBU,USD,0.00000000000000,0.00000,0.00000,0.00000,M,0.00000000000000,0.00000,204,06,000,00/00/0000,00:00:00,00/00/0000,0000,00/00/0000,FBDC_C014,0.00000,00/00/0000,chief_accountant_US,00/00/0000,USD,06/01/2026,X
00/00/0000,1500000354US002026,BKPFF,1500000354,KZ,07/14/2026,07/15/2026,US00,07/15/2026,18:56:00,0.00000,0000,0.00,00/00/0000,2026,RFBU,USD,0.00000000000000,0.00000,0.00000,0.00000,M,0.00000000000000,0.00000,204,06,000,00/00/0000,00:00:00,00/00/0000,0000,00/00/0000,FBDC_C014,0.00000,00/00/0000,chief_accountant_US,00/00/0000,USD,06/01/2026,X
00/00/0000,1500000355US002026,BKPFF,1500000355,KZ,07/14/2026,07/15/2026,US00,07/15/2026,19:20:00,0.00000,0000,0.00,00/00/0000,2026,RFBU,USD,0.00000000000000,0.00000,0.00000,0.00000,M,0.00000000000000,0.00000,204,06,000,00/00/0000,00:00:00,00/00/0000,0000,00/00/0000,FBDC_C014,0.00000,00/00/0000,accounts_payable_clerk_mi00,00/00/0000,USD,06/01/2026,X
00/00/0000,1500000356US002026,BKPFF,1500000356,KZ,07/14/2026,07/15/2026,US00,07/16/2026,14:57:00,0.00000,0000,0.00,00/00/0000,2026,RFBU,USD,0.00000000000000,0.00000,0.00000,0.00000,M,0.00000000000000,0.00000,204,06,000,00/00/0000,00:00:00,00/00/0000,0000,00/00/0000,FBDC_C014,0.00000,00/00/0000,chief_accountant_US,00/00/0000,USD,06/01/2026,X
00/00/0000,1500000357US002026,BKPFF,1500000357,KZ,07/14/2026,07/15/2026,US00,07/17/2026,14:35:00,0.00000,0000,0.00,00/00/0000,2026,RFBU,USD,0.00000000000000,0.00000,0.00000,0.00000,M,0.00000000000000,0.00000,204,06,000,00/00/0000,00:00:00,00/00/0000,0000,00/00/0000,FBDC_C014,0.00000,00/00/0000,chief_accountant_US,00/00/0000,USD,06/01/2026,X
00/00/0000,1500000358US002026,BKPFF,1500000358,KZ,07/14/2026,07/15/2026,US00,07/15/2026,21:13:00,0.00000,0000,0.00,00/00/0000,2026,RFBU,USD,0.00000000000000,0.00000,0.00000,0.00000,M,0.00000000000000,0.00000,204,06,000,00/00/0000,00:00:00,00/00/0000,0000,00/00/0000,FBDC_C014,0.00000,00/00/0000,accounts_payable_clerk_mi00,00/00/0000,USD,06/01/2026,X
00/00/0000,1500000359US002026,BKPFF,1500000359,KZ,07/14/2026,07/15/2026,US00,07/15/2026,22:15:00,0.00000,0000,0.00,00/00/0000,2026,RFBU,USD,0.00000000000000,0.00000,0.00000,0.00000,M,0.00000000000000,0.00000,204,06,000,00/00/0000,00:00:00,00/00/0000,0000,00/00/0000,FBDC_C014,0.00000,00/00/0000,accounts_payable_clerk_mi00,00/00/0000,USD,06/01/2026,X
00/00/0000,1500000360US002026,BKPFF,1500000360,KZ,07/11/2026,07/12/2026,US00,07/16/2026,14:08:00,0.00000,0000,0.00,00/00/0000,2026,RFBU,USD,0.00000000000000,0.00000,0.00000,0.00000,M,0.00000000000000,0.00000,204,06,000,00/00/0000,00:00:00,00/00/0000,0000,00/00/0000,FBDC_C014,0.00000,00/00/0000,accounts_payable_clerk_mi00,00/00/0000,USD,06/01/2026,X
00/00/0000,1500000361US002026,BKPFF,1500000361,KZ,07/14/2026,07/15/2026,US00,07/16/2026,14:18:00,0.00000,0000,0.00,00/00/0000,2026,RFBU,USD,0.00000000000000,0.00000,0.00000,0.00000,M,0.00000000000000,0.00000,204,06,000,00/00/0000,00:00:00,00/00/0000,0000,00/00/0000,FBDC_C014,0.00000,00/00/0000,accounts_payable_clerk_mi00,00/00/0000,USD,06/01/2026,X
00/00/0000,1500000362US002026,BKPFF,1500000362,KZ,07/14/2026,07/15/2026,US00,07/16/2026,14:28:00,0.00000,0000,0.00,00/00/0000,2026,RFBU,USD,0.00000000000000,0.00000,0.00000,0.00000,M,0.00000000000000,0.00000,204,06,000,00/00/0000,00:00:00,00/00/0000,0000,00/00/0000,FBDC_C014,0.00000,00/00/0000,accounts_payable_clerk_mi00,00/00/0000,USD,06/01/2026,X
00/00/0000,1500000363US002026,BKPFF,1500000363,KZ,07/13/2026,07/14/2026,US00,07/16/2026,14:36:00,0.00000,0000,0.00,00/00/0000,2026,RFBU,USD,0.00000000000000,0.00000,0.00000,0.00000,M,0.00000000000000,0.00000,204,06,000,00/00/0000,00:00:00,00/00/0000,0000,00/00/0000,FBDC_C014,0.00000,00/00/0000,accounts_payable_clerk_mi00,00/00/0000,USD,06/01/2026,X
00/00/0000,1500000364US002026,BKPFF,1500000364,KZ,07/13/2026,07/14/2026,US00,07/16/2026,14:41:00,0.00000,0000,0.00,00/00/0000,2026,RFBU,USD,0.00000000000000,0.00000,0.00000,0.00000,M,0.00000000000000,0.00000,204,06,000,00/00/0000,00:00:00,00/00/0000,0000,00/00/0000,FBDC_C014,0.00000,00/00/0000,accounts_payable_clerk_mi00,00/00/0000,USD,06/01/2026,X
00/00/0000,1500000365US002026,BKPFF,1500000365,KZ,07/14/2026,07/15/2026,US00,07/16/2026,14:46:00,0.00000,0000,0.00,00/00/0000,2026,RFBU,USD,0.00000000000000,0.00000,0.00000,0.00000,M,0.00000000000000,0.00000,204,06,000,00/00/0000,00:00:00,00/00/0000,0000,00/00/0000,FBDC_C014,0.00000,00/00/0000,accounts_payable_clerk_mi00,00/00/0000,USD,06/01/2026,X
00/00/0000,1500000366US002026,BKPFF,1500000366,KZ,07/14/2026,07/15/2026,US00,07/16/2026,14:54:00,0.00000,0000,0.00,00/00/0000,2026,RFBU,USD,0.00000000000000,0.00000,0.00000,0.00000,M,0.00000000000000,0.00000,204,06,000,00/00/0000,00:00:00,00/00/0000,0000,00/00/0000,FBDC_C014,0.00000,00/00/0000,accounts_payable_clerk_mi00,00/00/0000,USD,06/01/2026,X
00/00/0000,1500000367US002026,BKPFF,1500000367,KZ,07/14/2026,07/15/2026,US00,07/16/2026,15:04:00,0.00000,0000,0.00,00/00/0000,2026,RFBU,USD,0.00000000000000,0.00000,0.00000,0.00000,M,0.00000000000000,0.00000,204,06,000,00/00/0000,00:00:00,00/00/0000,0000,00/00/0000,FBDC_C014,0.00000,00/00/0000,accounts_payable_clerk_mi00,00/00/0000,USD,06/01/2026,X
00/00/0000,1500000368US002026,BKPFF,1500000368,KZ,07/14/2026,07/15/2026,US00,07/16/2026,15:14:00,0.00000,0000,0.00,00/00/0000,2026,RFBU,USD,0.00000000000000,0.00000,0.00000,0.00000,M,0.00000000000000,0.00000,204,06,000,00/00/0000,00:00:00,00/00/0000,0000,00/00/0000,FBDC_C014,0.00000,00/00/0000,accounts_payable_clerk_mi00,00/00/0000,USD,06/01/2026,X
00/00/0000,1500000369US002026,BKPFF,1500000369,KZ,07/14/2026,07/15/2026,US00,07/16/2026,15:22:00,0.00000,0000,0.00,00/00/0000,2026,RFBU,USD,0.00000000000000,0.00000,0.00000,0.00000,M,0.00000000000000,0.00000,204,06,000,00/00/0000,00:00:00,00/00/0000,0000,00/00/0000,FBDC_C014,0.00000,00/00/0000,accounts_payable_clerk_mi00,00/00/0000,USD,06/01/2026,X
00/00/0000,1500000370US002026,BKPFF,1500000370,KZ,07/14/2026,07/15/2026,US00,07/16/2026,17:05:00,0.00000,0000,0.00,00/00/0000,2026,RFBU,USD,0.00000000000000,0.00000,0.00000,0.00000,M,0.00000000000000,0.00000,204,06,000,00/00/0000,00:00:00,00/00/0000,0000,00/00/0000,FBDC_C014,0.00000,00/00/0000,accounts_payable_clerk_mi00,00/00/0000,USD,06/01/2026,X
00/00/0000,1500000371US002026,BKPFF,1500000371,KZ,07/14/2026,07/15/2026,US00,07/16/2026,19:12:00,0.00000,0000,0.00,00/00/0000,2026,RFBU,USD,0.00000000000000,0.00000,0.00000,0.00000,M,0.00000000000000,0.00000,204,06,000,00/00/0000,00:00:00,00/00/0000,0000,00/00/0000,FBDC_C014,0.00000,00/00/0000,accounts_payable_clerk_mi00,00/00/0000,USD,06/01/2026,X
00/00/0000,1500000372US002026,BKPFF,1500000372,KZ,07/14/2026,07/15/2026,US00,07/16/2026,22:24:00,0.00000,0000,0.00,00/00/0000,2026,RFBU,USD,0.00000000000000,0.00000,0.00000,0.00000,M,0.00000000000000,0.00000,204,06,000,00/00/0000,00:00:00,00/00/0000,0000,00/00/0000,FBDC_C014,0.00000,00/00/0000,accounts_payable_clerk_mi00,00/00/0000,USD,06/01/2026,X
00/00/0000,1500000373US002026,BKPFF,1500000373,KZ,07/14/2026,07/15/2026,US00,07/17/2026,14:10:00,0.00000,0000,0.00,00/00/0000,2026,RFBU,USD,0.00000000000000,0.00000,0.00000,0.00000,M,0.00000000000000,0.00000,204,06,000,00/00/0000,00:00:00,00/00/0000,0000,00/00/0000,FBDC_C014,0.00000,00/00/0000,accounts_payable_clerk_mi00,00/00/0000,USD,06/01/2026,X
00/00/0000,1500000374US002026,BKPFF,1500000374,KZ,07/14/2026,07/15/2026,US00,07/17/2026,14:18:00,0.00000,0000,0.00,00/00/0000,2026,RFBU,USD,0.00000000000000,0.00000,0.00000,0.00000,M,0.00000000000000,0.00000,204,06,000,00/00/0000,00:00:00,00/00/0000,0000,00/00/0000,FBDC_C014,0.00000,00/00/0000,accounts_payable_clerk_mi00,00/00/0000,USD,06/01/2026,X
00/00/0000,1500000375US002026,BKPFF,1500000375,KZ,07/14/2026,07/15/2026,US00,07/17/2026,14:28:00,0.00000,0000,0.00,00/00/0000,2026,RFBU,USD,0.00000000000000,0.00000,0.00000,0.00000,M,0.00000000000000,0.00000,204,06,000,00/00/0000,00:00:00,00/00/0000,0000,00/00/0000,FBDC_C014,0.00000,00/00/0000,accounts_payable_clerk_mi00,00/00/0000,USD,06/01/2026,X
00/00/0000,1500000376US002026,BKPFF,1500000376,KZ,07/14/2026,07/15/2026,US00,07/17/2026,14:35:00,0.00000,0000,0.00,00/00/0000,2026,RFBU,USD,0.00000000000000,0.00000,0.00000,0.00000,M,0.00000000000000,0.00000,204,06,000,00/00/0000,00:00:00,00/00/0000,0000,00/00/0000,FBDC_C014,0.00000,00/00/0000,accounts_payable_clerk_mi00,00/00/0000,USD,06/01/2026,X
00/00/0000,1500000377US002026,BKPFF,1500000377,KZ,07/14/2026,07/15/2026,US00,07/17/2026,15:11:00,0.00000,0000,0.00,00/00/0000,2026,RFBU,USD,0.00000000000000,0.00000,0.00000,0.00000,M,0.00000000000000,0.00000,204,06,000,00/00/0000,00:00:00,00/00/0000,0000,00/00/0000,FBDC_C014,0.00000,00/00/0000,accounts_payable_clerk_mi00,00/00/0000,USD,06/01/2026,X
