ABSGR,AEDAT,ANGDT,BEDAT,BNDDT,BSART,BSTYP,BUKRS,BWBDT,DPAMT,DPDAT,DPPCT,EBELN,EKGRP,EKORG,ERNAM,GWLDT,IHRAN,KALSM,KDATB,KDATE,KNUMV,KTWRT,LANDS,LASTCHANGEDATETIME,LIFNR,LPONR,MANDT,PINCR,PROCSTAT,RETPC,RLWRT,SPRAS,STAFO,STATU,STCEG_L,UPINC,WAERS,WKURS,ZBD1P,ZBD1T,ZBD2P,ZBD2T,ZBD3T,ZTERM
00,06/01/2026,00/00/0000,06/01/2026,00/00/0000,NB,F,US00,00/00/0000,0.00,00/00/0000,0.00,4500000275,N00,US00,buyer_mi00,00/00/0000,00/00/0000,RM0000,00/00/0000,00/00/0000,1000000294,0.00,US,"20,260,601,110,113.0000000",0000107800,00010,204,00010,02,0.00,0.00,E,SAP,9,US,00001,USD,1.00000,0.000,0,0.000,0,0,0001
00,06/01/2026,00/00/0000,06/01/2026,00/00/0000,NB,F,US00,00/00/0000,0.00,00/00/0000,0.00,4500000276,N00,US00,buyer_mi00,00/00/0000,00/00/0000,RM0000,00/00/0000,00/00/0000,1000000295,0.00,US,"20,260,601,113,959.0000000",0000101800,00010,204,00010,02,0.00,0.00,E,SAP,9,US,00001,USD,1.00000,0.000,0,0.000,0,0,0001
00,06/01/2026,00/00/0000,06/01/2026,00/00/0000,NB,F,US00,00/00/0000,0.00,00/00/0000,0.00,4500000277,N00,US00,buyer_mi00,00/00/0000,00/00/0000,RM0000,00/00/0000,00/00/0000,1000000296,0.00,US,"20,260,601,111,452.0000000",0000112800,00010,204,00010,02,0.00,0.00,E,SAP,9,US,00001,USD,1.00000,0.000,0,0.000,0,0,0001
00,06/01/2026,00/00/0000,06/01/2026,00/00/0000,NB,F,US00,00/00/0000,0.00,00/00/0000,0.00,4500000278,N00,US00,buyer_mi00,00/00/0000,00/00/0000,RM0000,00/00/0000,00/00/0000,1000000297,0.00,US,"20,260,601,112,352.0000000",0001003070,00010,204,00010,02,0.00,0.00,E,SAP,9,US,00001,USD,1.00000,0.000,0,0.000,0,0,0001
00,06/01/2026,00/00/0000,06/01/2026,00/00/0000,NB,F,US00,00/00/0000,0.00,00/00/0000,0.00,4500000279,N00,US00,buyer_mi00,00/00/0000,00/00/0000,RM0000,00/00/0000,00/00/0000,1000000298,0.00,US,"20,260,601,125,304.0000000",0000107800,00010,204,00010,02,0.00,0.00,E,SAP,9,US,00001,USD,1.00000,0.000,0,0.000,0,0,0001
00,06/01/2026,00/00/0000,06/01/2026,00/00/0000,NB,F,US00,00/00/0000,0.00,00/00/0000,0.00,4500000280,N00,US00,buyer_mi00,00/00/0000,00/00/0000,RM0000,00/00/0000,00/00/0000,1000000299,0.00,US,"20,260,601,150,951.0000000",0000112800,00010,204,00010,02,0.00,0.00,E,SAP,9,US,00001,USD,1.00000,0.000,0,0.000,0,0,0001
00,06/02/2026,00/00/0000,06/02/2026,00/00/0000,NB,F,US00,00/00/0000,0.00,00/00/0000,0.00,4500000281,N00,US00,buyer_mi00,00/00/0000,00/00/0000,RM0000,00/00/0000,00/00/0000,1000000300,0.00,US,"20,260,602,080,800.0000000",0000103800,00010,204,00010,02,0.00,0.00,E,SAP,9,US,00001,USD,1.00000,0.000,0,0.000,0,0,0001
00,06/01/2026,00/00/0000,06/01/2026,00/00/0000,NB,F,US00,00/00/0000,0.00,00/00/0000,0.00,4500000282,N00,US00,buyer_mi00,00/00/0000,00/00/0000,RM0000,00/00/0000,00/00/0000,1000000301,0.00,US,"20,260,601,163,933.0000000",0000107800,00010,204,00010,02,0.00,0.00,E,SAP,9,US,00001,USD,1.00000,0.000,0,0.000,0,0,0001
00,06/02/2026,00/00/0000,06/02/2026,00/00/0000,NB,F,US00,00/00/0000,0.00,00/00/0000,0.00,4500000283,N00,US00,buyer_mi00,00/00/0000,00/00/0000,RM0000,00/00/0000,00/00/0000,1000000302,0.00,US,"20,260,602,081,900.0000000",0000109800,00010,204,00010,02,0.00,0.00,E,SAP,9,US,00001,USD,1.00000,0.000,0,0.000,0,0,0001
00,06/02/2026,00/00/0000,06/02/2026,00/00/0000,NB,F,US00,00/00/0000,0.00,00/00/0000,0.00,4500000284,N00,US00,buyer_mi00,00/00/0000,00/00/0000,RM0000,00/00/0000,00/00/0000,1000000303,0.00,US,"20,260,602,102,000.0000000",0000101800,00010,204,00010,02,0.00,0.00,E,SAP,9,US,00001,USD,1.00000,0.000,0,0.000,0,0,0001
00,06/02/2026,00/00/0000,06/02/2026,00/00/0000,NB,F,US00,00/00/0000,0.00,00/00/0000,0.00,4500000285,N00,US00,buyer_mi00,00/00/0000,00/00/0000,RM0000,00/00/0000,00/00/0000,1000000304,0.00,US,"20,260,602,111,508.0000000",0000103800,00010,204,00010,02,0.00,0.00,E,SAP,9,US,00001,USD,1.00000,0.000,0,0.000,0,0,0001
00,06/02/2026,00/00/0000,06/02/2026,00/00/0000,NB,F,US00,00/00/0000,0.00,00/00/0000,0.00,4500000286,N00,US00,buyer_mi00,00/00/0000,00/00/0000,RM0000,00/00/0000,00/00/0000,1000000305,0.00,US,"20,260,602,103,318.0000000",0000110800,00010,204,00010,02,0.00,0.00,E,SAP,9,US,00001,USD,1.00000,0.000,0,0.000,0,0,0001
00,06/02/2026,00/00/0000,06/02/2026,00/00/0000,NB,F,US00,00/00/0000,0.00,00/00/0000,0.00,4500000287,N00,US00,buyer_mi00,00/00/0000,00/00/0000,RM0000,00/00/0000,00/00/0000,1000000306,0.00,US,"20,260,602,110,608.0000000",0000112800,00010,204,00010,02,0.00,0.00,E,SAP,9,US,00001,USD,1.00000,0.000,0,0.000,0,0,0001
00,06/02/2026,00/00/0000,06/02/2026,00/00/0000,NB,F,US00,00/00/0000,0.00,00/00/0000,0.00,4500000288,N00,US00,buyer_mi00,00/00/0000,00/00/0000,RM0000,00/00/0000,00/00/0000,1000000307,0.00,US,"20,260,602,171,609.0000000",0000110800,00010,204,00010,02,0.00,0.00,E,SAP,9,US,00001,USD,1.00000,0.000,0,0.000,0,0,0001
00,06/03/2026,00/00/0000,06/03/2026,00/00/0000,NB,F,US00,00/00/0000,0.00,00/00/0000,0.00,4500000289,N00,US00,buyer_mi00,00/00/0000,00/00/0000,RM0000,00/00/0000,00/00/0000,1000000308,0.00,US,"20,260,603,081,200.0000000",0001003070,00010,204,00010,02,0.00,0.00,E,SAP,9,US,00001,USD,1.00000,0.000,0,0.000,0,0,0001
00,06/02/2026,00/00/0000,06/02/2026,00/00/0000,NB,F,US00,00/00/0000,0.00,00/00/0000,0.00,4500000290,N00,US00,buyer_mi00,00/00/0000,00/00/0000,RM0000,00/00/0000,00/00/0000,1000000309,0.00,US,"20,260,602,161,748.0000000",0000101800,00010,204,00010,02,0.00,0.00,E,SAP,9,US,00001,USD,1.00000,0.000,0,0.000,0,0,0001
00,06/03/2026,00/00/0000,06/03/2026,00/00/0000,NB,F,US00,00/00/0000,0.00,00/00/0000,0.00,4500000291,N00,US00,buyer_mi00,00/00/0000,00/00/0000,RM0000,00/00/0000,00/00/0000,1000000310,0.00,US,"20,260,603,082,600.0000000",0000107800,00010,204,00010,02,0.00,0.00,E,SAP,9,US,00001,USD,1.00000,0.000,0,0.000,0,0,0001
00,06/03/2026,00/00/0000,06/03/2026,00/00/0000,NB,F,US00,00/00/0000,0.00,00/00/0000,0.00,4500000292,N00,US00,buyer_mi00,00/00/0000,00/00/0000,RM0000,00/00/0000,00/00/0000,1000000311,0.00,US,"20,260,603,083,900.0000000",0000107800,00010,204,00010,02,0.00,0.00,E,SAP,9,US,00001,USD,1.00000,0.000,0,0.000,0,0,0001
00,06/03/2026,00/00/0000,06/03/2026,00/00/0000,NB,F,US00,00/00/0000,0.00,00/00/0000,0.00,4500000293,N00,US00,buyer_mi00,00/00/0000,00/00/0000,RM0000,00/00/0000,00/00/0000,1000000312,0.00,US,"20,260,603,091,500.0000000",0000103800,00010,204,00010,02,0.00,0.00,E,SAP,9,US,00001,USD,1.00000,0.000,0,0.000,0,0,0001
00,06/03/2026,00/00/0000,06/03/2026,00/00/0000,NB,F,US00,00/00/0000,0.00,00/00/0000,0.00,4500000294,N00,US00,buyer_mi00,00/00/0000,00/00/0000,RM0000,00/00/0000,00/00/0000,1000000313,0.00,US,"20,260,603,113,600.0000000",0000106800,00010,204,00010,02,0.00,0.00,E,SAP,9,US,00001,USD,1.00000,0.000,0,0.000,0,0,0001
00,06/03/2026,00/00/0000,06/03/2026,00/00/0000,NB,F,US00,00/00/0000,0.00,00/00/0000,0.00,4500000295,N00,US00,buyer_mi00,00/00/0000,00/00/0000,RM0000,00/00/0000,00/00/0000,1000000314,0.00,US,"20,260,603,105,554.0000000",0000107800,00010,204,00010,02,0.00,0.00,E,SAP,9,US,00001,USD,1.00000,0.000,0,0.000,0,0,0001
00,06/03/2026,00/00/0000,06/03/2026,00/00/0000,NB,F,US00,00/00/0000,0.00,00/00/0000,0.00,4500000296,N00,US00,buyer_mi00,00/00/0000,00/00/0000,RM0000,00/00/0000,00/00/0000,1000000315,0.00,US,"20,260,603,123,200.0000000",0000107800,00010,204,00010,02,0.00,0.00,E,SAP,9,US,00001,USD,1.00000,0.000,0,0.000,0,0,0001
00,06/03/2026,00/00/0000,06/03/2026,00/00/0000,NB,F,US00,00/00/0000,0.00,00/00/0000,0.00,4500000297,N00,US00,buyer_mi00,00/00/0000,00/00/0000,RM0000,00/00/0000,00/00/0000,1000000316,0.00,US,"20,260,603,110,854.0000000",0001003070,00010,204,00010,02,0.00,0.00,E,SAP,9,US,00001,USD,1.00000,0.000,0,0.000,0,0,0001
00,06/03/2026,00/00/0000,06/03/2026,00/00/0000,NB,F,US00,00/00/0000,0.00,00/00/0000,0.00,4500000298,N00,US00,buyer_mi00,00/00/0000,00/00/0000,RM0000,00/00/0000,00/00/0000,1000000317,0.00,US,"20,260,603,133,520.0000000",0000109800,00010,204,00010,02,0.00,0.00,E,SAP,9,US,00001,USD,1.00000,0.000,0,0.000,0,0,0001
00,06/03/2026,00/00/0000,06/03/2026,00/00/0000,NB,F,US00,00/00/0000,0.00,00/00/0000,0.00,4500000299,N00,US00,buyer_mi00,00/00/0000,00/00/0000,RM0000,00/00/0000,00/00/0000,1000000318,0.00,US,"20,260,603,135,748.0000000",0000103800,00010,204,00010,02,0.00,0.00,E,SAP,9,US,00001,USD,1.00000,0.000,0,0.000,0,0,0001
00,06/03/2026,00/00/0000,06/03/2026,00/00/0000,NB,F,US00,00/00/0000,0.00,00/00/0000,0.00,4500000300,N00,US00,buyer_mi00,00/00/0000,00/00/0000,RM0000,00/00/0000,00/00/0000,1000000319,0.00,US,"20,260,603,142,300.0000000",0000110800,00010,204,00010,02,0.00,0.00,E,SAP,9,US,00001,USD,1.00000,0.000,0,0.000,0,0,0001
00,06/03/2026,00/00/0000,06/03/2026,00/00/0000,NB,F,US00,00/00/0000,0.00,00/00/0000,0.00,4500000301,N00,US00,buyer_mi00,00/00/0000,00/00/0000,RM0000,00/00/0000,00/00/0000,1000000320,0.00,US,"20,260,603,154,305.0000000",0000101800,00010,204,00010,02,0.00,0.00,E,SAP,9,US,00001,USD,1.00000,0.000,0,0.000,0,0,0001
00,06/03/2026,00/00/0000,06/03/2026,00/00/0000,NB,F,US00,00/00/0000,0.00,00/00/0000,0.00,4500000302,N00,US00,buyer_mi00,00/00/0000,00/00/0000,RM0000,00/00/0000,00/00/0000,1000000321,0.00,US,"20,260,603,160,305.0000000",0000101800,00010,204,00010,02,0.00,0.00,E,SAP,9,US,00001,USD,1.00000,0.000,0,0.000,0,0,0001
00,06/04/2026,00/00/0000,06/04/2026,00/00/0000,NB,F,US00,00/00/0000,0.00,00/00/0000,0.00,4500000303,N00,US00,buyer_mi00,00/00/0000,00/00/0000,RM0000,00/00/0000,00/00/0000,1000000322,0.00,US,"20,260,604,081,300.0000000",0000101800,00010,204,00010,02,0.00,0.00,E,SAP,9,US,00001,USD,1.00000,0.000,0,0.000,0,0,0001
00,06/04/2026,00/00/0000,06/04/2026,00/00/0000,NB,F,US00,00/00/0000,0.00,00/00/0000,0.00,4500000304,N00,US00,buyer_mi00,00/00/0000,00/00/0000,RM0000,00/00/0000,00/00/0000,1000000323,0.00,US,"20,260,604,093,600.0000000",0000107800,00010,204,00010,02,0.00,0.00,E,SAP,9,US,00001,USD,1.00000,0.000,0,0.000,0,0,0001
00,06/04/2026,00/00/0000,06/04/2026,00/00/0000,NB,F,US00,00/00/0000,0.00,00/00/0000,0.00,4500000305,N00,US00,buyer_mi00,00/00/0000,00/00/0000,RM0000,00/00/0000,00/00/0000,1000000324,0.00,US,"20,260,604,114,100.0000000",0000101800,00010,204,00010,02,0.00,0.00,E,SAP,9,US,00001,USD,1.00000,0.000,0,0.000,0,0,0001
00,06/04/2026,00/00/0000,06/04/2026,00/00/0000,NB,F,US00,00/00/0000,0.00,00/00/0000,0.00,4500000306,N00,US00,buyer_mi00,00/00/0000,00/00/0000,RM0000,00/00/0000,00/00/0000,1000000325,0.00,US,"20,260,604,115,200.0000000",0001003070,00010,204,00010,02,0.00,0.00,E,SAP,9,US,00001,USD,1.00000,0.000,0,0.000,0,0,0001
00,06/04/2026,00/00/0000,06/04/2026,00/00/0000,NB,F,US00,00/00/0000,0.00,00/00/0000,0.00,4500000307,N00,US00,buyer_mi00,00/00/0000,00/00/0000,RM0000,00/00/0000,00/00/0000,1000000326,0.00,US,"20,260,604,125,700.0000000",0000102800,00010,204,00010,02,0.00,0.00,E,SAP,9,US,00001,USD,1.00000,0.000,0,0.000,0,0,0001
00,06/04/2026,00/00/0000,06/04/2026,00/00/0000,NB,F,US00,00/00/0000,0.00,00/00/0000,0.00,4500000308,N00,US00,buyer_mi00,00/00/0000,00/00/0000,RM0000,00/00/0000,00/00/0000,1000000327,0.00,US,"20,260,604,133,632.0000000",0000112800,00010,204,00010,02,0.00,0.00,E,SAP,9,US,00001,USD,1.00000,0.000,0,0.000,0,0,0001
00,06/04/2026,00/00/0000,06/04/2026,00/00/0000,NB,F,US00,00/00/0000,0.00,00/00/0000,0.00,4500000309,N00,US00,buyer_mi00,00/00/0000,00/00/0000,RM0000,00/00/0000,00/00/0000,1000000328,0.00,US,"20,260,604,144,651.0000000",0001003070,00010,204,00010,02,0.00,0.00,E,SAP,9,US,00001,USD,1.00000,0.000,0,0.000,0,0,0001
00,06/04/2026,00/00/0000,06/04/2026,00/00/0000,NB,F,US00,00/00/0000,0.00,00/00/0000,0.00,4500000310,N00,US00,buyer_mi00,00/00/0000,00/00/0000,RM0000,00/00/0000,00/00/0000,1000000329,0.00,US,"20,260,604,151,353.0000000",0000103800,00010,204,00010,02,0.00,0.00,E,SAP,9,US,00001,USD,1.00000,0.000,0,0.000,0,0,0001
00,06/05/2026,00/00/0000,06/05/2026,00/00/0000,NB,F,US00,00/00/0000,0.00,00/00/0000,0.00,4500000311,N00,US00,buyer_mi00,00/00/0000,00/00/0000,RM0000,00/00/0000,00/00/0000,1000000330,0.00,US,"20,260,605,082,000.0000000",0000101800,00010,204,00010,02,0.00,0.00,E,SAP,9,US,00001,USD,1.00000,0.000,0,0.000,0,0,0001
00,06/05/2026,00/00/0000,06/05/2026,00/00/0000,NB,F,US00,00/00/0000,0.00,00/00/0000,0.00,4500000312,N00,US00,buyer_mi00,00/00/0000,00/00/0000,RM0000,00/00/0000,00/00/0000,1000000331,0.00,US,"20,260,605,081,300.0000000",0000109800,00010,204,00010,02,0.00,0.00,E,SAP,9,US,00001,USD,1.00000,0.000,0,0.000,0,0,0001
00,06/05/2026,00/00/0000,06/05/2026,00/00/0000,NB,F,US00,00/00/0000,0.00,00/00/0000,0.00,4500000313,N00,US00,buyer_mi00,00/00/0000,00/00/0000,RM0000,00/00/0000,00/00/0000,1000000332,0.00,US,"20,260,605,083,300.0000000",0000109800,00010,204,00010,02,0.00,0.00,E,SAP,9,US,00001,USD,1.00000,0.000,0,0.000,0,0,0001
00,06/05/2026,00/00/0000,06/05/2026,00/00/0000,NB,F,US00,00/00/0000,0.00,00/00/0000,0.00,4500000314,N00,US00,buyer_mi00,00/00/0000,00/00/0000,RM0000,00/00/0000,00/00/0000,1000000333,0.00,US,"20,260,605,084,000.0000000",0000110800,00010,204,00010,02,0.00,0.00,E,SAP,9,US,00001,USD,1.00000,0.000,0,0.000,0,0,0001
00,06/05/2026,00/00/0000,06/05/2026,00/00/0000,NB,F,US00,00/00/0000,0.00,00/00/0000,0.00,4500000315,N00,US00,buyer_mi00,00/00/0000,00/00/0000,RM0000,00/00/0000,00/00/0000,1000000334,0.00,US,"20,260,605,113,037.0000000",0000101800,00010,204,00010,02,0.00,0.00,E,SAP,9,US,00001,USD,1.00000,0.000,0,0.000,0,0,0001
00,06/05/2026,00/00/0000,06/05/2026,00/00/0000,NB,F,US00,00/00/0000,0.00,00/00/0000,0.00,4500000316,N00,US00,buyer_mi00,00/00/0000,00/00/0000,RM0000,00/00/0000,00/00/0000,1000000335,0.00,US,"20,260,605,110,037.0000000",0000108800,00010,204,00010,02,0.00,0.00,E,SAP,9,US,00001,USD,1.00000,0.000,0,0.000,0,0,0001
00,06/05/2026,00/00/0000,06/05/2026,00/00/0000,NB,F,US00,00/00/0000,0.00,00/00/0000,0.00,4500000317,N00,US00,buyer_mi00,00/00/0000,00/00/0000,RM0000,00/00/0000,00/00/0000,1000000336,0.00,US,"20,260,605,112,337.0000000",0001003070,00010,204,00010,02,0.00,0.00,E,SAP,9,US,00001,USD,1.00000,0.000,0,0.000,0,0,0001
00,06/05/2026,00/00/0000,06/05/2026,00/00/0000,NB,F,US00,00/00/0000,0.00,00/00/0000,0.00,4500000318,N00,US00,buyer_mi00,00/00/0000,00/00/0000,RM0000,00/00/0000,00/00/0000,1000000337,0.00,US,"20,260,605,110,823.0000000",0000110800,00010,204,00010,02,0.00,0.00,E,SAP,9,US,00001,USD,1.00000,0.000,0,0.000,0,0,0001
00,06/05/2026,00/00/0000,06/05/2026,00/00/0000,NB,F,US00,00/00/0000,0.00,00/00/0000,0.00,4500000319,N00,US00,buyer_mi00,00/00/0000,00/00/0000,RM0000,00/00/0000,00/00/0000,1000000338,0.00,US,"20,260,605,114,337.0000000",0000101800,00010,204,00010,02,0.00,0.00,E,SAP,9,US,00001,USD,1.00000,0.000,0,0.000,0,0,0001
00,06/08/2026,00/00/0000,06/08/2026,00/00/0000,NB,F,US00,00/00/0000,0.00,00/00/0000,0.00,4500000320,N00,US00,buyer_mi00,00/00/0000,00/00/0000,RM0000,00/00/0000,00/00/0000,1000000339,0.00,US,"20,260,608,081,400.0000000",0000108800,00010,204,00010,02,0.00,0.00,E,SAP,9,US,00001,USD,1.00000,0.000,0,0.000,0,0,0001
00,06/08/2026,00/00/0000,06/08/2026,00/00/0000,NB,F,US00,00/00/0000,0.00,00/00/0000,0.00,4500000321,N00,US00,buyer_mi00,00/00/0000,00/00/0000,RM0000,00/00/0000,00/00/0000,1000000340,0.00,US,"20,260,608,082,200.0000000",0000105800,00010,204,00010,02,0.00,0.00,E,SAP,9,US,00001,USD,1.00000,0.000,0,0.000,0,0,0001
00,06/08/2026,00/00/0000,06/08/2026,00/00/0000,NB,F,US00,00/00/0000,0.00,00/00/0000,0.00,4500000322,N00,US00,buyer_mi00,00/00/0000,00/00/0000,RM0000,00/00/0000,00/00/0000,1000000341,0.00,US,"20,260,608,083,100.0000000",0000101800,00010,204,00010,02,0.00,0.00,E,SAP,9,US,00001,USD,1.00000,0.000,0,0.000,0,0,0001
00,06/08/2026,00/00/0000,06/08/2026,00/00/0000,NB,F,US00,00/00/0000,0.00,00/00/0000,0.00,4500000323,N00,US00,buyer_mi00,00/00/0000,00/00/0000,RM0000,00/00/0000,00/00/0000,1000000342,0.00,US,"20,260,608,101,500.0000000",0000103800,00010,204,00010,02,0.00,0.00,E,SAP,9,US,00001,USD,1.00000,0.000,0,0.000,0,0,0001
00,06/08/2026,00/00/0000,06/08/2026,00/00/0000,NB,F,US00,00/00/0000,0.00,00/00/0000,0.00,4500000324,N00,US00,buyer_mi00,00/00/0000,00/00/0000,RM0000,00/00/0000,00/00/0000,1000000343,0.00,US,"20,260,608,093,400.0000000",0000107800,00010,204,00010,02,0.00,0.00,E,SAP,9,US,00001,USD,1.00000,0.000,0,0.000,0,0,0001
00,06/08/2026,00/00/0000,06/08/2026,00/00/0000,NB,F,US00,00/00/0000,0.00,00/00/0000,0.00,4500000325,N00,US00,buyer_mi00,00/00/0000,00/00/0000,RM0000,00/00/0000,00/00/0000,1000000344,0.00,US,"20,260,608,113,231.0000000",0000108800,00010,204,00010,02,0.00,0.00,E,SAP,9,US,00001,USD,1.00000,0.000,0,0.000,0,0,0001
00,06/08/2026,00/00/0000,06/08/2026,00/00/0000,NB,F,US00,00/00/0000,0.00,00/00/0000,0.00,4500000326,N00,US00,buyer_mi00,00/00/0000,00/00/0000,RM0000,00/00/0000,00/00/0000,1000000345,0.00,US,"20,260,608,115,031.0000000",0000112800,00010,204,00010,02,0.00,0.00,E,SAP,9,US,00001,USD,1.00000,0.000,0,0.000,0,0,0001
00,06/08/2026,00/00/0000,06/08/2026,00/00/0000,NB,F,US00,00/00/0000,0.00,00/00/0000,0.00,4500000327,N00,US00,buyer_mi00,00/00/0000,00/00/0000,RM0000,00/00/0000,00/00/0000,1000000346,0.00,US,"20,260,608,125,800.0000000",0000107800,00010,204,00010,02,0.00,0.00,E,SAP,9,US,00001,USD,1.00000,0.000,0,0.000,0,0,0001
00,06/08/2026,00/00/0000,06/08/2026,00/00/0000,NB,F,US00,00/00/0000,0.00,00/00/0000,0.00,4500000328,N00,US00,buyer_mi00,00/00/0000,00/00/0000,RM0000,00/00/0000,00/00/0000,1000000347,0.00,US,"20,260,608,135,854.0000000",0000112800,00010,204,00010,02,0.00,0.00,E,SAP,9,US,00001,USD,1.00000,0.000,0,0.000,0,0,0001
00,06/08/2026,00/00/0000,06/08/2026,00/00/0000,NB,F,US00,00/00/0000,0.00,00/00/0000,0.00,4500000329,N00,US00,buyer_mi00,00/00/0000,00/00/0000,RM0000,00/00/0000,00/00/0000,1000000348,0.00,US,"20,260,608,153,400.0000000",0000108800,00010,204,00010,02,0.00,0.00,E,SAP,9,US,00001,USD,1.00000,0.000,0,0.000,0,0,0001
00,06/08/2026,00/00/0000,06/08/2026,00/00/0000,NB,F,US00,00/00/0000,0.00,00/00/0000,0.00,4500000330,N00,US00,buyer_mi00,00/00/0000,00/00/0000,RM0000,00/00/0000,00/00/0000,1000000349,0.00,US,"20,260,608,150,305.0000000",0000109800,00010,204,00010,02,0.00,0.00,E,SAP,9,US,00001,USD,1.00000,0.000,0,0.000,0,0,0001
00,06/08/2026,00/00/0000,06/08/2026,00/00/0000,NB,F,US00,00/00/0000,0.00,00/00/0000,0.00,4500000331,N00,US00,buyer_mi00,00/00/0000,00/00/0000,RM0000,00/00/0000,00/00/0000,1000000350,0.00,US,"20,260,608,145,405.0000000",0000101800,00010,204,00010,02,0.00,0.00,E,SAP,9,US,00001,USD,1.00000,0.000,0,0.000,0,0,0001
00,06/09/2026,00/00/0000,06/09/2026,00/00/0000,NB,F,US00,00/00/0000,0.00,00/00/0000,0.00,4500000332,N00,US00,buyer_mi00,00/00/0000,00/00/0000,RM0000,00/00/0000,00/00/0000,1000000351,0.00,US,"20,260,609,081,000.0000000",0000112800,00010,204,00010,02,0.00,0.00,E,SAP,9,US,00001,USD,1.00000,0.000,0,0.000,0,0,0001
00,06/09/2026,00/00/0000,06/09/2026,00/00/0000,NB,F,US00,00/00/0000,0.00,00/00/0000,0.00,4500000333,N00,US00,buyer_mi00,00/00/0000,00/00/0000,RM0000,00/00/0000,00/00/0000,1000000352,0.00,US,"20,260,609,082,200.0000000",0000101800,00010,204,00010,02,0.00,0.00,E,SAP,9,US,00001,USD,1.00000,0.000,0,0.000,0,0,0001
00,06/09/2026,00/00/0000,06/09/2026,00/00/0000,NB,F,US00,00/00/0000,0.00,00/00/0000,0.00,4500000334,N00,US00,buyer_mi00,00/00/0000,00/00/0000,RM0000,00/00/0000,00/00/0000,1000000353,0.00,US,"20,260,609,104,700.0000000",0000110800,00010,204,00010,02,0.00,0.00,E,SAP,9,US,00001,USD,1.00000,0.000,0,0.000,0,0,0001
00,06/09/2026,00/00/0000,06/09/2026,00/00/0000,NB,F,US00,00/00/0000,0.00,00/00/0000,0.00,4500000335,N00,US00,buyer_mi00,00/00/0000,00/00/0000,RM0000,00/00/0000,00/00/0000,1000000354,0.00,US,"20,260,609,112,134.0000000",0000107800,00010,204,00010,02,0.00,0.00,E,SAP,9,US,00001,USD,1.00000,0.000,0,0.000,0,0,0001
00,06/09/2026,00/00/0000,06/09/2026,00/00/0000,NB,F,US00,00/00/0000,0.00,00/00/0000,0.00,4500000336,N00,US00,buyer_mi00,00/00/0000,00/00/0000,RM0000,00/00/0000,00/00/0000,1000000355,0.00,US,"20,260,609,132,000.0000000",0000108800,00010,204,00010,02,0.00,0.00,E,SAP,9,US,00001,USD,1.00000,0.000,0,0.000,0,0,0001
00,06/09/2026,00/00/0000,06/09/2026,00/00/0000,NB,F,US00,00/00/0000,0.00,00/00/0000,0.00,4500000337,N00,US00,buyer_mi00,00/00/0000,00/00/0000,RM0000,00/00/0000,00/00/0000,1000000356,0.00,US,"20,260,609,113,834.0000000",0000103800,00010,204,00010,02,0.00,0.00,E,SAP,9,US,00001,USD,1.00000,0.000,0,0.000,0,0,0001
00,06/09/2026,00/00/0000,06/09/2026,00/00/0000,NB,F,US00,00/00/0000,0.00,00/00/0000,0.00,4500000338,N00,US00,buyer_mi00,00/00/0000,00/00/0000,RM0000,00/00/0000,00/00/0000,1000000357,0.00,US,"20,260,609,164,616.0000000",0000101800,00010,204,00010,02,0.00,0.00,E,SAP,9,US,00001,USD,1.00000,0.000,0,0.000,0,0,0001
00,06/10/2026,00/00/0000,06/10/2026,00/00/0000,NB,F,US00,00/00/0000,0.00,00/00/0000,0.00,4500000339,N00,US00,buyer_mi00,00/00/0000,00/00/0000,RM0000,00/00/0000,00/00/0000,1000000358,0.00,US,"20,260,610,081,200.0000000",0000107800,00010,204,00010,02,0.00,0.00,E,SAP,9,US,00001,USD,1.00000,0.000,0,0.000,0,0,0001
00,06/09/2026,00/00/0000,06/09/2026,00/00/0000,NB,F,US00,00/00/0000,0.00,00/00/0000,0.00,4500000340,N00,US00,buyer_mi00,00/00/0000,00/00/0000,RM0000,00/00/0000,00/00/0000,1000000359,0.00,US,"20,260,609,163,716.0000000",0000101800,00010,204,00010,02,0.00,0.00,E,SAP,9,US,00001,USD,1.00000,0.000,0,0.000,0,0,0001
00,06/09/2026,00/00/0000,06/09/2026,00/00/0000,NB,F,US00,00/00/0000,0.00,00/00/0000,0.00,4500000341,N00,US00,buyer_mi00,00/00/0000,00/00/0000,RM0000,00/00/0000,00/00/0000,1000000360,0.00,US,"20,260,609,162,816.0000000",0000101800,00010,204,00010,02,0.00,0.00,E,SAP,9,US,00001,USD,1.00000,0.000,0,0.000,0,0,0001
00,06/10/2026,00/00/0000,06/10/2026,00/00/0000,NB,F,US00,00/00/0000,0.00,00/00/0000,0.00,4500000342,N00,US00,buyer_mi00,00/00/0000,00/00/0000,RM0000,00/00/0000,00/00/0000,1000000361,0.00,US,"20,260,610,082,300.0000000",0000107800,00010,204,00010,02,0.00,0.00,E,SAP,9,US,00001,USD,1.00000,0.000,0,0.000,0,0,0001
00,06/10/2026,00/00/0000,06/10/2026,00/00/0000,NB,F,US00,00/00/0000,0.00,00/00/0000,0.00,4500000343,N00,US00,buyer_mi00,00/00/0000,00/00/0000,RM0000,00/00/0000,00/00/0000,1000000362,0.00,US,"20,260,610,083,200.0000000",0000108800,00010,204,00010,02,0.00,0.00,E,SAP,9,US,00001,USD,1.00000,0.000,0,0.000,0,0,0001
00,06/10/2026,00/00/0000,06/10/2026,00/00/0000,NB,F,US00,00/00/0000,0.00,00/00/0000,0.00,4500000344,N00,US00,buyer_mi00,00/00/0000,00/00/0000,RM0000,00/00/0000,00/00/0000,1000000363,0.00,US,"20,260,610,112,300.0000000",0000112800,00010,204,00010,02,0.00,0.00,E,SAP,9,US,00001,USD,1.00000,0.000,0,0.000,0,0,0001
00,06/10/2026,00/00/0000,06/10/2026,00/00/0000,NB,F,US00,00/00/0000,0.00,00/00/0000,0.00,4500000345,N00,US00,buyer_mi00,00/00/0000,00/00/0000,RM0000,00/00/0000,00/00/0000,1000000364,0.00,US,"20,260,610,100,345.0000000",0000110800,00010,204,00010,02,0.00,0.00,E,SAP,9,US,00001,USD,1.00000,0.000,0,0.000,0,0,0001
00,06/10/2026,00/00/0000,06/10/2026,00/00/0000,NB,F,US00,00/00/0000,0.00,00/00/0000,0.00,4500000346,N00,US00,buyer_mi00,00/00/0000,00/00/0000,RM0000,00/00/0000,00/00/0000,1000000365,0.00,US,"20,260,610,114,219.0000000",0000101800,00010,204,00010,02,0.00,0.00,E,SAP,9,US,00001,USD,1.00000,0.000,0,0.000,0,0,0001
00,06/10/2026,00/00/0000,06/10/2026,00/00/0000,NB,F,US00,00/00/0000,0.00,00/00/0000,0.00,4500000347,N00,US00,buyer_mi00,00/00/0000,00/00/0000,RM0000,00/00/0000,00/00/0000,1000000366,0.00,US,"20,260,610,102,310.0000000",0000107800,00010,204,00010,02,0.00,0.00,E,SAP,9,US,00001,USD,1.00000,0.000,0,0.000,0,0,0001
00,06/10/2026,00/00/0000,06/10/2026,00/00/0000,NB,F,US00,00/00/0000,0.00,00/00/0000,0.00,4500000348,N00,US00,buyer_mi00,00/00/0000,00/00/0000,RM0000,00/00/0000,00/00/0000,1000000367,0.00,US,"20,260,610,124,300.0000000",0001003070,00010,204,00010,02,0.00,0.00,E,SAP,9,US,00001,USD,1.00000,0.000,0,0.000,0,0,0001
00,06/10/2026,00/00/0000,06/10/2026,00/00/0000,NB,F,US00,00/00/0000,0.00,00/00/0000,0.00,4500000349,N00,US00,buyer_mi00,00/00/0000,00/00/0000,RM0000,00/00/0000,00/00/0000,1000000368,0.00,US,"20,260,610,145,927.0000000",0000108800,00010,204,00010,02,0.00,0.00,E,SAP,9,US,00001,USD,1.00000,0.000,0,0.000,0,0,0001
00,06/10/2026,00/00/0000,06/10/2026,00/00/0000,NB,F,US00,00/00/0000,0.00,00/00/0000,0.00,4500000350,N00,US00,buyer_mi00,00/00/0000,00/00/0000,RM0000,00/00/0000,00/00/0000,1000000369,0.00,US,"20,260,610,151,211.0000000",0001003070,00010,204,00010,02,0.00,0.00,E,SAP,9,US,00001,USD,1.00000,0.000,0,0.000,0,0,0001
00,06/11/2026,00/00/0000,06/11/2026,00/00/0000,NB,F,US00,00/00/0000,0.00,00/00/0000,0.00,4500000351,N00,US00,buyer_mi00,00/00/0000,00/00/0000,RM0000,00/00/0000,00/00/0000,1000000370,0.00,US,"20,260,611,080,900.0000000",0000101800,00010,204,00010,02,0.00,0.00,E,SAP,9,US,00001,USD,1.00000,0.000,0,0.000,0,0,0001
00,06/11/2026,00/00/0000,06/11/2026,00/00/0000,NB,F,US00,00/00/0000,0.00,00/00/0000,0.00,4500000352,N00,US00,buyer_mi00,00/00/0000,00/00/0000,RM0000,00/00/0000,00/00/0000,1000000371,0.00,US,"20,260,611,082,300.0000000",0000110800,00010,204,00010,02,0.00,0.00,E,SAP,9,US,00001,USD,1.00000,0.000,0,0.000,0,0,0001
00,06/11/2026,00/00/0000,06/11/2026,00/00/0000,NB,F,US00,00/00/0000,0.00,00/00/0000,0.00,4500000353,N00,US00,buyer_mi00,00/00/0000,00/00/0000,RM0000,00/00/0000,00/00/0000,1000000372,0.00,US,"20,260,611,083,600.0000000",0000112800,00010,204,00010,02,0.00,0.00,E,SAP,9,US,00001,USD,1.00000,0.000,0,0.000,0,0,0001
00,06/11/2026,00/00/0000,06/11/2026,00/00/0000,NB,F,US00,00/00/0000,0.00,00/00/0000,0.00,4500000354,N00,US00,buyer_mi00,00/00/0000,00/00/0000,RM0000,00/00/0000,00/00/0000,1000000373,0.00,US,"20,260,611,084,600.0000000",0000110800,00010,204,00010,02,0.00,0.00,E,SAP,9,US,00001,USD,1.00000,0.000,0,0.000,0,0,0001
00,06/11/2026,00/00/0000,06/11/2026,00/00/0000,NB,F,US00,00/00/0000,0.00,00/00/0000,0.00,4500000356,N00,US00,buyer_mi00,00/00/0000,00/00/0000,RM0000,00/00/0000,00/00/0000,1000000375,0.00,US,"20,260,611,112,222.0000000",0000103800,00010,204,00010,02,0.00,0.00,E,SAP,9,US,00001,USD,1.00000,0.000,0,0.000,0,0,0001
00,06/11/2026,00/00/0000,06/11/2026,00/00/0000,NB,F,US00,00/00/0000,0.00,00/00/0000,0.00,4500000357,N00,US00,buyer_mi00,00/00/0000,00/00/0000,RM0000,00/00/0000,00/00/0000,1000000376,0.00,US,"20,260,611,131,400.0000000",0000101800,00010,204,00010,02,0.00,0.00,E,SAP,9,US,00001,USD,1.00000,0.000,0,0.000,0,0,0001
00,06/11/2026,00/00/0000,06/11/2026,00/00/0000,NB,F,US00,00/00/0000,0.00,00/00/0000,0.00,4500000358,N00,US00,buyer_mi00,00/00/0000,00/00/0000,RM0000,00/00/0000,00/00/0000,1000000377,0.00,US,"20,260,611,132,800.0000000",0000109800,00010,204,00010,02,0.00,0.00,E,SAP,9,US,00001,USD,1.00000,0.000,0,0.000,0,0,0001
00,06/11/2026,00/00/0000,06/11/2026,00/00/0000,NB,F,US00,00/00/0000,0.00,00/00/0000,0.00,4500000359,N00,US00,buyer_mi00,00/00/0000,00/00/0000,RM0000,00/00/0000,00/00/0000,1000000378,0.00,US,"20,260,611,134,000.0000000",0000110800,00010,204,00010,02,0.00,0.00,E,SAP,9,US,00001,USD,1.00000,0.000,0,0.000,0,0,0001
00,06/11/2026,00/00/0000,06/11/2026,00/00/0000,NB,F,US00,00/00/0000,0.00,00/00/0000,0.00,4500000360,N00,US00,buyer_mi00,00/00/0000,00/00/0000,RM0000,00/00/0000,00/00/0000,1000000379,0.00,US,"20,260,611,153,447.0000000",0000108800,00010,204,00010,02,0.00,0.00,E,SAP,9,US,00001,USD,1.00000,0.000,0,0.000,0,0,0001
00,06/11/2026,00/00/0000,06/11/2026,00/00/0000,NB,F,US00,00/00/0000,0.00,00/00/0000,0.00,4500000361,N00,US00,buyer_mi00,00/00/0000,00/00/0000,RM0000,00/00/0000,00/00/0000,1000000380,0.00,US,"20,260,611,152,647.0000000",0000110800,00010,204,00010,02,0.00,0.00,E,SAP,9,US,00001,USD,1.00000,0.000,0,0.000,0,0,0001
00,06/11/2026,00/00/0000,06/11/2026,00/00/0000,NB,F,US00,00/00/0000,0.00,00/00/0000,0.00,4500000362,N00,US00,buyer_mi00,00/00/0000,00/00/0000,RM0000,00/00/0000,00/00/0000,1000000381,0.00,US,"20,260,611,172,538.0000000",0000108800,00010,204,00010,02,0.00,0.00,E,SAP,9,US,00001,USD,1.00000,0.000,0,0.000,0,0,0001
00,06/12/2026,00/00/0000,06/12/2026,00/00/0000,NB,F,US00,00/00/0000,0.00,00/00/0000,0.00,4500000363,N00,US00,buyer_mi00,00/00/0000,00/00/0000,RM0000,00/00/0000,00/00/0000,1000000382,0.00,US,"20,260,612,080,800.0000000",0000109800,00010,204,00010,02,0.00,0.00,E,SAP,9,US,00001,USD,1.00000,0.000,0,0.000,0,0,0001
00,06/12/2026,00/00/0000,06/12/2026,00/00/0000,NB,F,US00,00/00/0000,0.00,00/00/0000,0.00,4500000364,N00,US00,buyer_mi00,00/00/0000,00/00/0000,RM0000,00/00/0000,00/00/0000,1000000383,0.00,US,"20,260,612,082,100.0000000",0000109800,00010,204,00010,02,0.00,0.00,E,SAP,9,US,00001,USD,1.00000,0.000,0,0.000,0,0,0001
00,06/15/2026,00/00/0000,06/15/2026,00/00/0000,NB,F,US00,00/00/0000,0.00,00/00/0000,0.00,4500000365,N00,US00,buyer_mi00,00/00/0000,00/00/0000,RM0000,00/00/0000,00/00/0000,1000000384,0.00,US,"20,260,615,105,640.0000000",0000107800,00010,204,00010,02,0.00,0.00,E,SAP,9,US,00001,USD,1.00000,0.000,0,0.000,0,0,0001
00,06/15/2026,00/00/0000,06/15/2026,00/00/0000,NB,F,US00,00/00/0000,0.00,00/00/0000,0.00,4500000366,N00,US00,buyer_mi00,00/00/0000,00/00/0000,RM0000,00/00/0000,00/00/0000,1000000385,0.00,US,"20,260,615,110,940.0000000",0000108800,00010,204,00010,02,0.00,0.00,E,SAP,9,US,00001,USD,1.00000,0.000,0,0.000,0,0,0001
00,06/15/2026,00/00/0000,06/15/2026,00/00/0000,NB,F,US00,00/00/0000,0.00,00/00/0000,0.00,4500000367,N00,US00,buyer_mi00,00/00/0000,00/00/0000,RM0000,00/00/0000,00/00/0000,1000000386,0.00,US,"20,260,615,130,800.0000000",0000105800,00010,204,00010,02,0.00,0.00,E,SAP,9,US,00001,USD,1.00000,0.000,0,0.000,0,0,0001
00,06/15/2026,00/00/0000,06/15/2026,00/00/0000,NB,F,US00,00/00/0000,0.00,00/00/0000,0.00,4500000368,N00,US00,buyer_mi00,00/00/0000,00/00/0000,RM0000,00/00/0000,00/00/0000,1000000387,0.00,US,"20,260,615,132,100.0000000",0000105800,00010,204,00010,02,0.00,0.00,E,SAP,9,US,00001,USD,1.00000,0.000,0,0.000,0,0,0001
00,06/15/2026,00/00/0000,06/15/2026,00/00/0000,NB,F,US00,00/00/0000,0.00,00/00/0000,0.00,4500000369,N00,US00,buyer_mi00,00/00/0000,00/00/0000,RM0000,00/00/0000,00/00/0000,1000000388,0.00,US,"20,260,615,141,412.0000000",0000106800,00010,204,00010,02,0.00,0.00,E,SAP,9,US,00001,USD,1.00000,0.000,0,0.000,0,0,0001
00,06/15/2026,00/00/0000,06/15/2026,00/00/0000,NB,F,US00,00/00/0000,0.00,00/00/0000,0.00,4500000370,N00,US00,buyer_mi00,00/00/0000,00/00/0000,RM0000,00/00/0000,00/00/0000,1000000389,0.00,US,"20,260,615,154,432.0000000",0000101800,00010,204,00010,02,0.00,0.00,E,SAP,9,US,00001,USD,1.00000,0.000,0,0.000,0,0,0001
00,06/16/2026,00/00/0000,06/16/2026,00/00/0000,NB,F,US00,00/00/0000,0.00,00/00/0000,0.00,4500000371,N00,US00,buyer_mi00,00/00/0000,00/00/0000,RM0000,00/00/0000,00/00/0000,1000000390,0.00,US,"20,260,616,081,200.0000000",0000112800,00010,204,00010,02,0.00,0.00,E,SAP,9,US,00001,USD,1.00000,0.000,0,0.000,0,0,0001
00,06/16/2026,00/00/0000,06/16/2026,00/00/0000,NB,F,US00,00/00/0000,0.00,00/00/0000,0.00,4500000372,N00,US00,buyer_mi00,00/00/0000,00/00/0000,RM0000,00/00/0000,00/00/0000,1000000391,0.00,US,"20,260,616,082,000.0000000",0000101800,00010,204,00010,02,0.00,0.00,E,SAP,9,US,00001,USD,1.00000,0.000,0,0.000,0,0,0001
00,06/16/2026,00/00/0000,06/16/2026,00/00/0000,NB,F,US00,00/00/0000,0.00,00/00/0000,0.00,4500000373,N00,US00,buyer_mi00,00/00/0000,00/00/0000,RM0000,00/00/0000,00/00/0000,1000000392,0.00,US,"20,260,616,092,900.0000000",0000108800,00010,204,00010,02,0.00,0.00,E,SAP,9,US,00001,USD,1.00000,0.000,0,0.000,0,0,0001
00,06/16/2026,00/00/0000,06/16/2026,00/00/0000,NB,F,US00,00/00/0000,0.00,00/00/0000,0.00,4500000374,N00,US00,buyer_mi00,00/00/0000,00/00/0000,RM0000,00/00/0000,00/00/0000,1000000393,0.00,US,"20,260,616,100,400.0000000",0000107800,00010,204,00010,02,0.00,0.00,E,SAP,9,US,00001,USD,1.00000,0.000,0,0.000,0,0,0001
00,06/16/2026,00/00/0000,06/16/2026,00/00/0000,NB,F,US00,00/00/0000,0.00,00/00/0000,0.00,4500000375,N00,US00,buyer_mi00,00/00/0000,00/00/0000,RM0000,00/00/0000,00/00/0000,1000000394,0.00,US,"20,260,616,104,018.0000000",0000112800,00010,204,00010,02,0.00,0.00,E,SAP,9,US,00001,USD,1.00000,0.000,0,0.000,0,0,0001
00,06/16/2026,00/00/0000,06/16/2026,00/00/0000,NB,F,US00,00/00/0000,0.00,00/00/0000,0.00,4500000376,N00,US00,buyer_mi00,00/00/0000,00/00/0000,RM0000,00/00/0000,00/00/0000,1000000395,0.00,US,"20,260,616,103,218.0000000",0000103800,00010,204,00010,02,0.00,0.00,E,SAP,9,US,00001,USD,1.00000,0.000,0,0.000,0,0,0001
00,06/16/2026,00/00/0000,06/16/2026,00/00/0000,NB,F,US00,00/00/0000,0.00,00/00/0000,0.00,4500000377,N00,US00,buyer_mi00,00/00/0000,00/00/0000,RM0000,00/00/0000,00/00/0000,1000000396,0.00,US,"20,260,616,115,637.0000000",0000112800,00010,204,00010,02,0.00,0.00,E,SAP,9,US,00001,USD,1.00000,0.000,0,0.000,0,0,0001
00,06/16/2026,00/00/0000,06/16/2026,00/00/0000,NB,F,US00,00/00/0000,0.00,00/00/0000,0.00,4500000378,N00,US00,buyer_mi00,00/00/0000,00/00/0000,RM0000,00/00/0000,00/00/0000,1000000397,0.00,US,"20,260,616,145,943.0000000",0000109800,00010,204,00010,02,0.00,0.00,E,SAP,9,US,00001,USD,1.00000,0.000,0,0.000,0,0,0001
00,06/16/2026,00/00/0000,06/16/2026,00/00/0000,NB,F,US00,00/00/0000,0.00,00/00/0000,0.00,4500000379,N00,US00,buyer_mi00,00/00/0000,00/00/0000,RM0000,00/00/0000,00/00/0000,1000000398,0.00,US,"20,260,616,165,138.0000000",0000112800,00010,204,00010,02,0.00,0.00,E,SAP,9,US,00001,USD,1.00000,0.000,0,0.000,0,0,0001
00,06/17/2026,00/00/0000,06/17/2026,00/00/0000,NB,F,US00,00/00/0000,0.00,00/00/0000,0.00,4500000380,N00,US00,buyer_mi00,00/00/0000,00/00/0000,RM0000,00/00/0000,00/00/0000,1000000399,0.00,US,"20,260,617,081,300.0000000",0000101800,00010,204,00010,02,0.00,0.00,E,SAP,9,US,00001,USD,1.00000,0.000,0,0.000,0,0,0001
00,06/17/2026,00/00/0000,06/17/2026,00/00/0000,NB,F,US00,00/00/0000,0.00,00/00/0000,0.00,4500000381,N00,US00,buyer_mi00,00/00/0000,00/00/0000,RM0000,00/00/0000,00/00/0000,1000000400,0.00,US,"20,260,617,082,800.0000000",0000110800,00010,204,00010,02,0.00,0.00,E,SAP,9,US,00001,USD,1.00000,0.000,0,0.000,0,0,0001
00,06/17/2026,00/00/0000,06/17/2026,00/00/0000,NB,F,US00,00/00/0000,0.00,00/00/0000,0.00,4500000382,N00,US00,buyer_mi00,00/00/0000,00/00/0000,RM0000,00/00/0000,00/00/0000,1000000401,0.00,US,"20,260,617,083,700.0000000",0000110800,00010,204,00010,02,0.00,0.00,E,SAP,9,US,00001,USD,1.00000,0.000,0,0.000,0,0,0001
00,06/17/2026,00/00/0000,06/17/2026,00/00/0000,NB,F,US00,00/00/0000,0.00,00/00/0000,0.00,4500000383,N00,US00,buyer_mi00,00/00/0000,00/00/0000,RM0000,00/00/0000,00/00/0000,1000000402,0.00,US,"20,260,617,084,600.0000000",0000109800,00010,204,00010,02,0.00,0.00,E,SAP,9,US,00001,USD,1.00000,0.000,0,0.000,0,0,0001
00,06/17/2026,00/00/0000,06/17/2026,00/00/0000,NB,F,US00,00/00/0000,0.00,00/00/0000,0.00,4500000384,N00,US00,buyer_mi00,00/00/0000,00/00/0000,RM0000,00/00/0000,00/00/0000,1000000403,0.00,US,"20,260,617,100,900.0000000",0000102800,00010,204,00010,02,0.00,0.00,E,SAP,9,US,00001,USD,1.00000,0.000,0,0.000,0,0,0001
00,06/17/2026,00/00/0000,06/17/2026,00/00/0000,NB,F,US00,00/00/0000,0.00,00/00/0000,0.00,4500000385,N00,US00,buyer_mi00,00/00/0000,00/00/0000,RM0000,00/00/0000,00/00/0000,1000000404,0.00,US,"20,260,617,113,023.0000000",0000108800,00010,204,00010,02,0.00,0.00,E,SAP,9,US,00001,USD,1.00000,0.000,0,0.000,0,0,0001
00,06/17/2026,00/00/0000,06/17/2026,00/00/0000,NB,F,US00,00/00/0000,0.00,00/00/0000,0.00,4500000386,N00,US00,buyer_mi00,00/00/0000,00/00/0000,RM0000,00/00/0000,00/00/0000,1000000405,0.00,US,"20,260,617,104,936.0000000",0000106800,00010,204,00010,02,0.00,0.00,E,SAP,9,US,00001,USD,1.00000,0.000,0,0.000,0,0,0001
00,06/17/2026,00/00/0000,06/17/2026,00/00/0000,NB,F,US00,00/00/0000,0.00,00/00/0000,0.00,4500000387,N00,US00,buyer_mi00,00/00/0000,00/00/0000,RM0000,00/00/0000,00/00/0000,1000000406,0.00,US,"20,260,617,130,300.0000000",0000101800,00010,204,00010,02,0.00,0.00,E,SAP,9,US,00001,USD,1.00000,0.000,0,0.000,0,0,0001
00,06/17/2026,00/00/0000,06/17/2026,00/00/0000,NB,F,US00,00/00/0000,0.00,00/00/0000,0.00,4500000388,N00,US00,buyer_mi00,00/00/0000,00/00/0000,RM0000,00/00/0000,00/00/0000,1000000407,0.00,US,"20,260,617,131,200.0000000",0000106800,00010,204,00010,02,0.00,0.00,E,SAP,9,US,00001,USD,1.00000,0.000,0,0.000,0,0,0001
00,06/17/2026,00/00/0000,06/17/2026,00/00/0000,NB,F,US00,00/00/0000,0.00,00/00/0000,0.00,4500000389,N00,US00,buyer_mi00,00/00/0000,00/00/0000,RM0000,00/00/0000,00/00/0000,1000000408,0.00,US,"20,260,617,115,134.0000000",0000110800,00010,204,00010,02,0.00,0.00,E,SAP,9,US,00001,USD,1.00000,0.000,0,0.000,0,0,0001
00,06/17/2026,00/00/0000,06/17/2026,00/00/0000,NB,F,US00,00/00/0000,0.00,00/00/0000,0.00,4500000390,N00,US00,buyer_mi00,00/00/0000,00/00/0000,RM0000,00/00/0000,00/00/0000,1000000409,0.00,US,"20,260,617,132,443.0000000",0000108800,00010,204,00010,02,0.00,0.00,E,SAP,9,US,00001,USD,1.00000,0.000,0,0.000,0,0,0001
00,06/17/2026,00/00/0000,06/17/2026,00/00/0000,NB,F,US00,00/00/0000,0.00,00/00/0000,0.00,4500000391,N00,US00,buyer_mi00,00/00/0000,00/00/0000,RM0000,00/00/0000,00/00/0000,1000000410,0.00,US,"20,260,617,145,100.0000000",0000105800,00010,204,00010,02,0.00,0.00,E,SAP,9,US,00001,USD,1.00000,0.000,0,0.000,0,0,0001
00,06/17/2026,00/00/0000,06/17/2026,00/00/0000,NB,F,US00,00/00/0000,0.00,00/00/0000,0.00,4500000392,N00,US00,buyer_mi00,00/00/0000,00/00/0000,RM0000,00/00/0000,00/00/0000,1000000411,0.00,US,"20,260,617,164,303.0000000",0000103800,00010,204,00010,02,0.00,0.00,E,SAP,9,US,00001,USD,1.00000,0.000,0,0.000,0,0,0001
00,06/18/2026,00/00/0000,06/18/2026,00/00/0000,NB,F,US00,00/00/0000,0.00,00/00/0000,0.00,4500000393,N00,US00,buyer_mi00,00/00/0000,00/00/0000,RM0000,00/00/0000,00/00/0000,1000000412,0.00,US,"20,260,618,080,900.0000000",0000109800,00010,204,00010,02,0.00,0.00,E,SAP,9,US,00001,USD,1.00000,0.000,0,0.000,0,0,0001
00,06/17/2026,00/00/0000,06/17/2026,00/00/0000,NB,F,US00,00/00/0000,0.00,00/00/0000,0.00,4500000394,N00,US00,buyer_mi00,00/00/0000,00/00/0000,RM0000,00/00/0000,00/00/0000,1000000413,0.00,US,"20,260,617,161,905.0000000",0000105800,00010,204,00010,02,0.00,0.00,E,SAP,9,US,00001,USD,1.00000,0.000,0,0.000,0,0,0001
00,06/18/2026,00/00/0000,06/18/2026,00/00/0000,NB,F,US00,00/00/0000,0.00,00/00/0000,0.00,4500000395,N00,US00,buyer_mi00,00/00/0000,00/00/0000,RM0000,00/00/0000,00/00/0000,1000000414,0.00,US,"20,260,618,092,840.0000000",0000103800,00010,204,00010,02,0.00,0.00,E,SAP,9,US,00001,USD,1.00000,0.000,0,0.000,0,0,0001
00,06/18/2026,00/00/0000,06/18/2026,00/00/0000,NB,F,US00,00/00/0000,0.00,00/00/0000,0.00,4500000396,N00,US00,buyer_mi00,00/00/0000,00/00/0000,RM0000,00/00/0000,00/00/0000,1000000415,0.00,US,"20,260,618,114,545.0000000",0000109800,00010,204,00010,02,0.00,0.00,E,SAP,9,US,00001,USD,1.00000,0.000,0,0.000,0,0,0001
00,06/18/2026,00/00/0000,06/18/2026,00/00/0000,NB,F,US00,00/00/0000,0.00,00/00/0000,0.00,4500000397,N00,US00,buyer_mi00,00/00/0000,00/00/0000,RM0000,00/00/0000,00/00/0000,1000000416,0.00,US,"20,260,618,132,500.0000000",0000112800,00010,204,00010,02,0.00,0.00,E,SAP,9,US,00001,USD,1.00000,0.000,0,0.000,0,0,0001
00,06/18/2026,00/00/0000,06/18/2026,00/00/0000,NB,F,US00,00/00/0000,0.00,00/00/0000,0.00,4500000398,N00,US00,buyer_mi00,00/00/0000,00/00/0000,RM0000,00/00/0000,00/00/0000,1000000417,0.00,US,"20,260,618,134,723.0000000",0000109800,00010,204,00010,02,0.00,0.00,E,SAP,9,US,00001,USD,1.00000,0.000,0,0.000,0,0,0001
00,06/19/2026,00/00/0000,06/19/2026,00/00/0000,NB,F,US00,00/00/0000,0.00,00/00/0000,0.00,4500000399,N00,US00,buyer_mi00,00/00/0000,00/00/0000,RM0000,00/00/0000,00/00/0000,1000000418,0.00,US,"20,260,619,080,800.0000000",0000112800,00010,204,00010,02,0.00,0.00,E,SAP,9,US,00001,USD,1.00000,0.000,0,0.000,0,0,0001
00,06/19/2026,00/00/0000,06/19/2026,00/00/0000,NB,F,US00,00/00/0000,0.00,00/00/0000,0.00,4500000400,N00,US00,buyer_mi00,00/00/0000,00/00/0000,RM0000,00/00/0000,00/00/0000,1000000419,0.00,US,"20,260,619,081,600.0000000",0000107800,00010,204,00010,02,0.00,0.00,E,SAP,9,US,00001,USD,1.00000,0.000,0,0.000,0,0,0001
00,06/19/2026,00/00/0000,06/19/2026,00/00/0000,NB,F,US00,00/00/0000,0.00,00/00/0000,0.00,4500000401,N00,US00,buyer_mi00,00/00/0000,00/00/0000,RM0000,00/00/0000,00/00/0000,1000000420,0.00,US,"20,260,619,082,700.0000000",0000103800,00010,204,00010,02,0.00,0.00,E,SAP,9,US,00001,USD,1.00000,0.000,0,0.000,0,0,0001
00,06/19/2026,00/00/0000,06/19/2026,00/00/0000,NB,F,US00,00/00/0000,0.00,00/00/0000,0.00,4500000402,N00,US00,buyer_mi00,00/00/0000,00/00/0000,RM0000,00/00/0000,00/00/0000,1000000421,0.00,US,"20,260,619,084,200.0000000",0000101800,00010,204,00010,02,0.00,0.00,E,SAP,9,US,00001,USD,1.00000,0.000,0,0.000,0,0,0001
00,06/19/2026,00/00/0000,06/19/2026,00/00/0000,NB,F,US00,00/00/0000,0.00,00/00/0000,0.00,4500000403,N00,US00,buyer_mi00,00/00/0000,00/00/0000,RM0000,00/00/0000,00/00/0000,1000000422,0.00,US,"20,260,619,085,100.0000000",0000108800,00010,204,00010,02,0.00,0.00,E,SAP,9,US,00001,USD,1.00000,0.000,0,0.000,0,0,0001
00,06/19/2026,00/00/0000,06/19/2026,00/00/0000,NB,F,US00,00/00/0000,0.00,00/00/0000,0.00,4500000404,N00,US00,buyer_mi00,00/00/0000,00/00/0000,RM0000,00/00/0000,00/00/0000,1000000423,0.00,US,"20,260,619,103,100.0000000",0000108800,00010,204,00010,02,0.00,0.00,E,SAP,9,US,00001,USD,1.00000,0.000,0,0.000,0,0,0001
00,06/19/2026,00/00/0000,06/19/2026,00/00/0000,NB,F,US00,00/00/0000,0.00,00/00/0000,0.00,4500000405,N00,US00,buyer_mi00,00/00/0000,00/00/0000,RM0000,00/00/0000,00/00/0000,1000000424,0.00,US,"20,260,619,104,800.0000000",0000101800,00010,204,00010,02,0.00,0.00,E,SAP,9,US,00001,USD,1.00000,0.000,0,0.000,0,0,0001
00,06/19/2026,00/00/0000,06/19/2026,00/00/0000,NB,F,US00,00/00/0000,0.00,00/00/0000,0.00,4500000406,N00,US00,buyer_mi00,00/00/0000,00/00/0000,RM0000,00/00/0000,00/00/0000,1000000425,0.00,US,"20,260,619,115,254.0000000",0000107800,00010,204,00010,02,0.00,0.00,E,SAP,9,US,00001,USD,1.00000,0.000,0,0.000,0,0,0001
00,06/19/2026,00/00/0000,06/19/2026,00/00/0000,NB,F,US00,00/00/0000,0.00,00/00/0000,0.00,4500000407,N00,US00,buyer_mi00,00/00/0000,00/00/0000,RM0000,00/00/0000,00/00/0000,1000000426,0.00,US,"20,260,619,124,800.0000000",0000108800,00010,204,00010,02,0.00,0.00,E,SAP,9,US,00001,USD,1.00000,0.000,0,0.000,0,0,0001
00,06/19/2026,00/00/0000,06/19/2026,00/00/0000,NB,F,US00,00/00/0000,0.00,00/00/0000,0.00,4500000408,N00,US00,buyer_mi00,00/00/0000,00/00/0000,RM0000,00/00/0000,00/00/0000,1000000427,0.00,US,"20,260,619,110,052.0000000",0000106800,00010,204,00010,02,0.00,0.00,E,SAP,9,US,00001,USD,1.00000,0.000,0,0.000,0,0,0001
00,06/19/2026,00/00/0000,06/19/2026,00/00/0000,NB,F,US00,00/00/0000,0.00,00/00/0000,0.00,4500000409,N00,US00,buyer_mi00,00/00/0000,00/00/0000,RM0000,00/00/0000,00/00/0000,1000000428,0.00,US,"20,260,619,125,700.0000000",0000110800,00010,204,00010,02,0.00,0.00,E,SAP,9,US,00001,USD,1.00000,0.000,0,0.000,0,0,0001
00,06/19/2026,00/00/0000,06/19/2026,00/00/0000,NB,F,US00,00/00/0000,0.00,00/00/0000,0.00,4500000410,N00,US00,buyer_mi00,00/00/0000,00/00/0000,RM0000,00/00/0000,00/00/0000,1000000429,0.00,US,"20,260,619,153,123.0000000",0000101800,00010,204,00010,02,0.00,0.00,E,SAP,9,US,00001,USD,1.00000,0.000,0,0.000,0,0,0001
00,06/19/2026,00/00/0000,06/19/2026,00/00/0000,NB,F,US00,00/00/0000,0.00,00/00/0000,0.00,4500000411,N00,US00,buyer_mi00,00/00/0000,00/00/0000,RM0000,00/00/0000,00/00/0000,1000000430,0.00,US,"20,260,619,165,446.0000000",0000101800,00010,204,00010,02,0.00,0.00,E,SAP,9,US,00001,USD,1.00000,0.000,0,0.000,0,0,0001
00,06/22/2026,00/00/0000,06/22/2026,00/00/0000,NB,F,US00,00/00/0000,0.00,00/00/0000,0.00,4500000412,N00,US00,buyer_mi00,00/00/0000,00/00/0000,RM0000,00/00/0000,00/00/0000,1000000431,0.00,US,"20,260,622,081,200.0000000",0000101800,00010,204,00010,02,0.00,0.00,E,SAP,9,US,00001,USD,1.00000,0.000,0,0.000,0,0,0001
00,06/19/2026,00/00/0000,06/19/2026,00/00/0000,NB,F,US00,00/00/0000,0.00,00/00/0000,0.00,4500000413,N00,US00,buyer_mi00,00/00/0000,00/00/0000,RM0000,00/00/0000,00/00/0000,1000000432,0.00,US,"20,260,619,171,001.0000000",0000108800,00010,204,00010,02,0.00,0.00,E,SAP,9,US,00001,USD,1.00000,0.000,0,0.000,0,0,0001
00,06/22/2026,00/00/0000,06/22/2026,00/00/0000,NB,F,US00,00/00/0000,0.00,00/00/0000,0.00,4500000414,N00,US00,buyer_mi00,00/00/0000,00/00/0000,RM0000,00/00/0000,00/00/0000,1000000433,0.00,US,"20,260,622,092,400.0000000",0000112800,00010,204,00010,02,0.00,0.00,E,SAP,9,US,00001,USD,1.00000,0.000,0,0.000,0,0,0001
00,06/22/2026,00/00/0000,06/22/2026,00/00/0000,NB,F,US00,00/00/0000,0.00,00/00/0000,0.00,4500000415,N00,US00,buyer_mi00,00/00/0000,00/00/0000,RM0000,00/00/0000,00/00/0000,1000000434,0.00,US,"20,260,622,110,100.0000000",0000106800,00010,204,00010,02,0.00,0.00,E,SAP,9,US,00001,USD,1.00000,0.000,0,0.000,0,0,0001
00,06/22/2026,00/00/0000,06/22/2026,00/00/0000,NB,F,US00,00/00/0000,0.00,00/00/0000,0.00,4500000416,N00,US00,buyer_mi00,00/00/0000,00/00/0000,RM0000,00/00/0000,00/00/0000,1000000435,0.00,US,"20,260,622,114,904.0000000",0000105800,00010,204,00010,02,0.00,0.00,E,SAP,9,US,00001,USD,1.00000,0.000,0,0.000,0,0,0001
00,06/22/2026,00/00/0000,06/22/2026,00/00/0000,NB,F,US00,00/00/0000,0.00,00/00/0000,0.00,4500000417,N00,US00,buyer_mi00,00/00/0000,00/00/0000,RM0000,00/00/0000,00/00/0000,1000000436,0.00,US,"20,260,622,130,300.0000000",0000101800,00010,204,00010,02,0.00,0.00,E,SAP,9,US,00001,USD,1.00000,0.000,0,0.000,0,0,0001
00,06/22/2026,00/00/0000,06/22/2026,00/00/0000,NB,F,US00,00/00/0000,0.00,00/00/0000,0.00,4500000418,N00,US00,buyer_mi00,00/00/0000,00/00/0000,RM0000,00/00/0000,00/00/0000,1000000437,0.00,US,"20,260,622,131,800.0000000",0000112800,00010,204,00010,02,0.00,0.00,E,SAP,9,US,00001,USD,1.00000,0.000,0,0.000,0,0,0001
00,06/22/2026,00/00/0000,06/22/2026,00/00/0000,NB,F,US00,00/00/0000,0.00,00/00/0000,0.00,4500000419,N00,US00,buyer_mi00,00/00/0000,00/00/0000,RM0000,00/00/0000,00/00/0000,1000000438,0.00,US,"20,260,622,134,825.0000000",0000107800,00010,204,00010,02,0.00,0.00,E,SAP,9,US,00001,USD,1.00000,0.000,0,0.000,0,0,0001
00,06/22/2026,00/00/0000,06/22/2026,00/00/0000,NB,F,US00,00/00/0000,0.00,00/00/0000,0.00,4500000420,N00,US00,buyer_mi00,00/00/0000,00/00/0000,RM0000,00/00/0000,00/00/0000,1000000439,0.00,US,"20,260,622,161,651.0000000",0000107800,00010,204,00010,02,0.00,0.00,E,SAP,9,US,00001,USD,1.00000,0.000,0,0.000,0,0,0001
00,06/22/2026,00/00/0000,06/22/2026,00/00/0000,NB,F,US00,00/00/0000,0.00,00/00/0000,0.00,4500000421,N00,US00,buyer_mi00,00/00/0000,00/00/0000,RM0000,00/00/0000,00/00/0000,1000000440,0.00,US,"20,260,622,164,734.0000000",0000108800,00010,204,00010,02,0.00,0.00,E,SAP,9,US,00001,USD,1.00000,0.000,0,0.000,0,0,0001
00,06/23/2026,00/00/0000,06/23/2026,00/00/0000,NB,F,US00,00/00/0000,0.00,00/00/0000,0.00,4500000422,N00,US00,buyer_mi00,00/00/0000,00/00/0000,RM0000,00/00/0000,00/00/0000,1000000441,0.00,US,"20,260,623,080,900.0000000",0000106800,00010,204,00010,02,0.00,0.00,E,SAP,9,US,00001,USD,1.00000,0.000,0,0.000,0,0,0001
00,06/23/2026,00/00/0000,06/23/2026,00/00/0000,NB,F,US00,00/00/0000,0.00,00/00/0000,0.00,4500000423,N00,US00,buyer_mi00,00/00/0000,00/00/0000,RM0000,00/00/0000,00/00/0000,1000000442,0.00,US,"20,260,623,082,000.0000000",0000107800,00010,204,00010,02,0.00,0.00,E,SAP,9,US,00001,USD,1.00000,0.000,0,0.000,0,0,0001
00,06/23/2026,00/00/0000,06/23/2026,00/00/0000,NB,F,US00,00/00/0000,0.00,00/00/0000,0.00,4500000424,N00,US00,buyer_mi00,00/00/0000,00/00/0000,RM0000,00/00/0000,00/00/0000,1000000443,0.00,US,"20,260,623,105,042.0000000",0000109800,00010,204,00010,02,0.00,0.00,E,SAP,9,US,00001,USD,1.00000,0.000,0,0.000,0,0,0001
00,06/23/2026,00/00/0000,06/23/2026,00/00/0000,NB,F,US00,00/00/0000,0.00,00/00/0000,0.00,4500000425,N00,US00,buyer_mi00,00/00/0000,00/00/0000,RM0000,00/00/0000,00/00/0000,1000000444,0.00,US,"20,260,623,112,000.0000000",0000108800,00010,204,00010,02,0.00,0.00,E,SAP,9,US,00001,USD,1.00000,0.000,0,0.000,0,0,0001
00,06/23/2026,00/00/0000,06/23/2026,00/00/0000,NB,F,US00,00/00/0000,0.00,00/00/0000,0.00,4500000426,N00,US00,buyer_mi00,00/00/0000,00/00/0000,RM0000,00/00/0000,00/00/0000,1000000445,0.00,US,"20,260,623,115,617.0000000",0000107800,00010,204,00010,02,0.00,0.00,E,SAP,9,US,00001,USD,1.00000,0.000,0,0.000,0,0,0001
00,06/23/2026,00/00/0000,06/23/2026,00/00/0000,NB,F,US00,00/00/0000,0.00,00/00/0000,0.00,4500000427,N00,US00,buyer_mi00,00/00/0000,00/00/0000,RM0000,00/00/0000,00/00/0000,1000000446,0.00,US,"20,260,623,131,100.0000000",0000112800,00010,204,00010,02,0.00,0.00,E,SAP,9,US,00001,USD,1.00000,0.000,0,0.000,0,0,0001
00,06/23/2026,00/00/0000,06/23/2026,00/00/0000,NB,F,US00,00/00/0000,0.00,00/00/0000,0.00,4500000428,N00,US00,buyer_mi00,00/00/0000,00/00/0000,RM0000,00/00/0000,00/00/0000,1000000447,0.00,US,"20,260,623,151,113.0000000",0000107800,00010,204,00010,02,0.00,0.00,E,SAP,9,US,00001,USD,1.00000,0.000,0,0.000,0,0,0001
00,06/23/2026,00/00/0000,06/23/2026,00/00/0000,NB,F,US00,00/00/0000,0.00,00/00/0000,0.00,4500000429,N00,US00,buyer_mi00,00/00/0000,00/00/0000,RM0000,00/00/0000,00/00/0000,1000000448,0.00,US,"20,260,623,152,213.0000000",0000107800,00010,204,00010,02,0.00,0.00,E,SAP,9,US,00001,USD,1.00000,0.000,0,0.000,0,0,0001
00,06/23/2026,00/00/0000,06/23/2026,00/00/0000,NB,F,US00,00/00/0000,0.00,00/00/0000,0.00,4500000430,N00,US00,buyer_mi00,00/00/0000,00/00/0000,RM0000,00/00/0000,00/00/0000,1000000449,0.00,US,"20,260,623,161,718.0000000",0000101800,00010,204,00010,02,0.00,0.00,E,SAP,9,US,00001,USD,1.00000,0.000,0,0.000,0,0,0001
00,06/23/2026,00/00/0000,06/23/2026,00/00/0000,NB,F,US00,00/00/0000,0.00,00/00/0000,0.00,4500000431,N00,US00,buyer_mi00,00/00/0000,00/00/0000,RM0000,00/00/0000,00/00/0000,1000000450,0.00,US,"20,260,623,171,437.0000000",0000110800,00010,204,00010,02,0.00,0.00,E,SAP,9,US,00001,USD,1.00000,0.000,0,0.000,0,0,0001
00,06/23/2026,00/00/0000,06/23/2026,00/00/0000,NB,F,US00,00/00/0000,0.00,00/00/0000,0.00,4500000432,N00,US00,buyer_mi00,00/00/0000,00/00/0000,RM0000,00/00/0000,00/00/0000,1000000451,0.00,US,"20,260,623,172,337.0000000",0000108800,00010,204,00010,02,0.00,0.00,E,SAP,9,US,00001,USD,1.00000,0.000,0,0.000,0,0,0001
00,06/24/2026,00/00/0000,06/24/2026,00/00/0000,NB,F,US00,00/00/0000,0.00,00/00/0000,0.00,4500000433,N00,US00,buyer_mi00,00/00/0000,00/00/0000,RM0000,00/00/0000,00/00/0000,1000000452,0.00,US,"20,260,624,081,100.0000000",0000108800,00010,204,00010,02,0.00,0.00,E,SAP,9,US,00001,USD,1.00000,0.000,0,0.000,0,0,0001
00,06/24/2026,00/00/0000,06/24/2026,00/00/0000,NB,F,US00,00/00/0000,0.00,00/00/0000,0.00,4500000434,N00,US00,buyer_mi00,00/00/0000,00/00/0000,RM0000,00/00/0000,00/00/0000,1000000453,0.00,US,"20,260,624,082,700.0000000",0000106800,00010,204,00010,02,0.00,0.00,E,SAP,9,US,00001,USD,1.00000,0.000,0,0.000,0,0,0001
00,06/24/2026,00/00/0000,06/24/2026,00/00/0000,NB,F,US00,00/00/0000,0.00,00/00/0000,0.00,4500000435,N00,US00,buyer_mi00,00/00/0000,00/00/0000,RM0000,00/00/0000,00/00/0000,1000000454,0.00,US,"20,260,624,100,034.0000000",0000103800,00010,204,00010,02,0.00,0.00,E,SAP,9,US,00001,USD,1.00000,0.000,0,0.000,0,0,0001
00,06/24/2026,00/00/0000,06/24/2026,00/00/0000,NB,F,US00,00/00/0000,0.00,00/00/0000,0.00,4500000436,N00,US00,buyer_mi00,00/00/0000,00/00/0000,RM0000,00/00/0000,00/00/0000,1000000455,0.00,US,"20,260,624,101,750.0000000",0000103800,00010,204,00010,02,0.00,0.00,E,SAP,9,US,00001,USD,1.00000,0.000,0,0.000,0,0,0001
00,06/24/2026,00/00/0000,06/24/2026,00/00/0000,NB,F,US00,00/00/0000,0.00,00/00/0000,0.00,4500000437,N00,US00,buyer_mi00,00/00/0000,00/00/0000,RM0000,00/00/0000,00/00/0000,1000000456,0.00,US,"20,260,624,105,728.0000000",0000112800,00010,204,00010,02,0.00,0.00,E,SAP,9,US,00001,USD,1.00000,0.000,0,0.000,0,0,0001
00,06/24/2026,00/00/0000,06/24/2026,00/00/0000,NB,F,US00,00/00/0000,0.00,00/00/0000,0.00,4500000438,N00,US00,buyer_mi00,00/00/0000,00/00/0000,RM0000,00/00/0000,00/00/0000,1000000457,0.00,US,"20,260,624,111,128.0000000",0001003070,00010,204,00010,02,0.00,0.00,E,SAP,9,US,00001,USD,1.00000,0.000,0,0.000,0,0,0001
00,06/24/2026,00/00/0000,06/24/2026,00/00/0000,NB,F,US00,00/00/0000,0.00,00/00/0000,0.00,4500000439,N00,US00,buyer_mi00,00/00/0000,00/00/0000,RM0000,00/00/0000,00/00/0000,1000000458,0.00,US,"20,260,624,130,800.0000000",0000110800,00010,204,00010,02,0.00,0.00,E,SAP,9,US,00001,USD,1.00000,0.000,0,0.000,0,0,0001
00,06/24/2026,00/00/0000,06/24/2026,00/00/0000,NB,F,US00,00/00/0000,0.00,00/00/0000,0.00,4500000440,N00,US00,buyer_mi00,00/00/0000,00/00/0000,RM0000,00/00/0000,00/00/0000,1000000459,0.00,US,"20,260,624,153,056.0000000",0000101800,00010,204,00010,02,0.00,0.00,E,SAP,9,US,00001,USD,1.00000,0.000,0,0.000,0,0,0001
00,06/25/2026,00/00/0000,06/25/2026,00/00/0000,NB,F,US00,00/00/0000,0.00,00/00/0000,0.00,4500000441,N00,US00,buyer_mi00,00/00/0000,00/00/0000,RM0000,00/00/0000,00/00/0000,1000000460,0.00,US,"20,260,625,080,900.0000000",0000108800,00010,204,00010,02,0.00,0.00,E,SAP,9,US,00001,USD,1.00000,0.000,0,0.000,0,0,0001
00,06/25/2026,00/00/0000,06/25/2026,00/00/0000,NB,F,US00,00/00/0000,0.00,00/00/0000,0.00,4500000442,N00,US00,buyer_mi00,00/00/0000,00/00/0000,RM0000,00/00/0000,00/00/0000,1000000461,0.00,US,"20,260,625,082,400.0000000",0000112800,00010,204,00010,02,0.00,0.00,E,SAP,9,US,00001,USD,1.00000,0.000,0,0.000,0,0,0001
00,06/25/2026,00/00/0000,06/25/2026,00/00/0000,NB,F,US00,00/00/0000,0.00,00/00/0000,0.00,4500000443,N00,US00,buyer_mi00,00/00/0000,00/00/0000,RM0000,00/00/0000,00/00/0000,1000000462,0.00,US,"20,260,625,111,200.0000000",0000110800,00010,204,00010,02,0.00,0.00,E,SAP,9,US,00001,USD,1.00000,0.000,0,0.000,0,0,0001
00,06/25/2026,00/00/0000,06/25/2026,00/00/0000,NB,F,US00,00/00/0000,0.00,00/00/0000,0.00,4500000444,N00,US00,buyer_mi00,00/00/0000,00/00/0000,RM0000,00/00/0000,00/00/0000,1000000463,0.00,US,"20,260,625,112,100.0000000",0001003070,00010,204,00010,02,0.00,0.00,E,SAP,9,US,00001,USD,1.00000,0.000,0,0.000,0,0,0001
00,06/25/2026,00/00/0000,06/25/2026,00/00/0000,NB,F,US00,00/00/0000,0.00,00/00/0000,0.00,4500000445,N00,US00,buyer_mi00,00/00/0000,00/00/0000,RM0000,00/00/0000,00/00/0000,1000000464,0.00,US,"20,260,625,112,900.0000000",0000110800,00010,204,00010,02,0.00,0.00,E,SAP,9,US,00001,USD,1.00000,0.000,0,0.000,0,0,0001
00,06/25/2026,00/00/0000,06/25/2026,00/00/0000,NB,F,US00,00/00/0000,0.00,00/00/0000,0.00,4500000446,N00,US00,buyer_mi00,00/00/0000,00/00/0000,RM0000,00/00/0000,00/00/0000,1000000465,0.00,US,"20,260,625,114,300.0000000",0000101800,00010,204,00010,02,0.00,0.00,E,SAP,9,US,00001,USD,1.00000,0.000,0,0.000,0,0,0001
00,06/25/2026,00/00/0000,06/25/2026,00/00/0000,NB,F,US00,00/00/0000,0.00,00/00/0000,0.00,4500000447,N00,US00,buyer_mi00,00/00/0000,00/00/0000,RM0000,00/00/0000,00/00/0000,1000000466,0.00,US,"20,260,625,115,500.0000000",0000109800,00010,204,00010,02,0.00,0.00,E,SAP,9,US,00001,USD,1.00000,0.000,0,0.000,0,0,0001
00,06/25/2026,00/00/0000,06/25/2026,00/00/0000,NB,F,US00,00/00/0000,0.00,00/00/0000,0.00,4500000448,N00,US00,buyer_mi00,00/00/0000,00/00/0000,RM0000,00/00/0000,00/00/0000,1000000467,0.00,US,"20,260,625,130,500.0000000",0000112800,00010,204,00010,02,0.00,0.00,E,SAP,9,US,00001,USD,1.00000,0.000,0,0.000,0,0,0001
00,06/25/2026,00/00/0000,06/25/2026,00/00/0000,NB,F,US00,00/00/0000,0.00,00/00/0000,0.00,4500000449,N00,US00,buyer_mi00,00/00/0000,00/00/0000,RM0000,00/00/0000,00/00/0000,1000000468,0.00,US,"20,260,625,131,800.0000000",0000107800,00010,204,00010,02,0.00,0.00,E,SAP,9,US,00001,USD,1.00000,0.000,0,0.000,0,0,0001
00,06/25/2026,00/00/0000,06/25/2026,00/00/0000,NB,F,US00,00/00/0000,0.00,00/00/0000,0.00,4500000450,N00,US00,buyer_mi00,00/00/0000,00/00/0000,RM0000,00/00/0000,00/00/0000,1000000469,0.00,US,"20,260,625,134,459.0000000",0000106800,00010,204,00010,02,0.00,0.00,E,SAP,9,US,00001,USD,1.00000,0.000,0,0.000,0,0,0001
00,06/25/2026,00/00/0000,06/25/2026,00/00/0000,NB,F,US00,00/00/0000,0.00,00/00/0000,0.00,4500000451,N00,US00,buyer_mi00,00/00/0000,00/00/0000,RM0000,00/00/0000,00/00/0000,1000000470,0.00,US,"20,260,625,155,646.0000000",0000107800,00010,204,00010,02,0.00,0.00,E,SAP,9,US,00001,USD,1.00000,0.000,0,0.000,0,0,0001
00,06/25/2026,00/00/0000,06/25/2026,00/00/0000,NB,F,US00,00/00/0000,0.00,00/00/0000,0.00,4500000452,N00,US00,buyer_mi00,00/00/0000,00/00/0000,RM0000,00/00/0000,00/00/0000,1000000471,0.00,US,"20,260,625,163,855.0000000",0000107800,00010,204,00010,02,0.00,0.00,E,SAP,9,US,00001,USD,1.00000,0.000,0,0.000,0,0,0001
00,06/25/2026,00/00/0000,06/25/2026,00/00/0000,NB,F,US00,00/00/0000,0.00,00/00/0000,0.00,4500000453,N00,US00,buyer_mi00,00/00/0000,00/00/0000,RM0000,00/00/0000,00/00/0000,1000000472,0.00,US,"20,260,625,165,924.0000000",0000107800,00010,204,00010,02,0.00,0.00,E,SAP,9,US,00001,USD,1.00000,0.000,0,0.000,0,0,0001
00,06/26/2026,00/00/0000,06/26/2026,00/00/0000,NB,F,US00,00/00/0000,0.00,00/00/0000,0.00,4500000454,N00,US00,buyer_mi00,00/00/0000,00/00/0000,RM0000,00/00/0000,00/00/0000,1000000473,0.00,US,"20,260,626,093,700.0000000",0000110800,00010,204,00010,02,0.00,0.00,E,SAP,9,US,00001,USD,1.00000,0.000,0,0.000,0,0,0001
00,06/26/2026,00/00/0000,06/26/2026,00/00/0000,NB,F,US00,00/00/0000,0.00,00/00/0000,0.00,4500000455,N00,US00,buyer_mi00,00/00/0000,00/00/0000,RM0000,00/00/0000,00/00/0000,1000000474,0.00,US,"20,260,626,112,735.0000000",0000110800,00010,204,00010,02,0.00,0.00,E,SAP,9,US,00001,USD,1.00000,0.000,0,0.000,0,0,0001
00,06/26/2026,00/00/0000,06/26/2026,00/00/0000,NB,F,US00,00/00/0000,0.00,00/00/0000,0.00,4500000456,N00,US00,buyer_mi00,00/00/0000,00/00/0000,RM0000,00/00/0000,00/00/0000,1000000475,0.00,US,"20,260,626,114,102.0000000",0000110800,00010,204,00010,02,0.00,0.00,E,SAP,9,US,00001,USD,1.00000,0.000,0,0.000,0,0,0001
00,06/26/2026,00/00/0000,06/26/2026,00/00/0000,NB,F,US00,00/00/0000,0.00,00/00/0000,0.00,4500000457,N00,US00,buyer_mi00,00/00/0000,00/00/0000,RM0000,00/00/0000,00/00/0000,1000000476,0.00,US,"20,260,626,124,300.0000000",0000101800,00010,204,00010,02,0.00,0.00,E,SAP,9,US,00001,USD,1.00000,0.000,0,0.000,0,0,0001
00,06/26/2026,00/00/0000,06/26/2026,00/00/0000,NB,F,US00,00/00/0000,0.00,00/00/0000,0.00,4500000458,N00,US00,buyer_mi00,00/00/0000,00/00/0000,RM0000,00/00/0000,00/00/0000,1000000477,0.00,US,"20,260,626,132,521.0000000",0000106800,00010,204,00010,02,0.00,0.00,E,SAP,9,US,00001,USD,1.00000,0.000,0,0.000,0,0,0001
00,06/26/2026,00/00/0000,06/26/2026,00/00/0000,NB,F,US00,00/00/0000,0.00,00/00/0000,0.00,4500000459,N00,US00,buyer_mi00,00/00/0000,00/00/0000,RM0000,00/00/0000,00/00/0000,1000000478,0.00,US,"20,260,626,161,540.0000000",0001003070,00010,204,00010,02,0.00,0.00,E,SAP,9,US,00001,USD,1.00000,0.000,0,0.000,0,0,0001
00,06/29/2026,00/00/0000,06/29/2026,00/00/0000,NB,F,US00,00/00/0000,0.00,00/00/0000,0.00,4500000460,N00,US00,buyer_mi00,00/00/0000,00/00/0000,RM0000,00/00/0000,00/00/0000,1000000479,0.00,US,"20,260,629,080,900.0000000",0000108800,00010,204,00010,02,0.00,0.00,E,SAP,9,US,00001,USD,1.00000,0.000,0,0.000,0,0,0001
00,06/29/2026,00/00/0000,06/29/2026,00/00/0000,NB,F,US00,00/00/0000,0.00,00/00/0000,0.00,4500000461,N00,US00,buyer_mi00,00/00/0000,00/00/0000,RM0000,00/00/0000,00/00/0000,1000000480,0.00,US,"20,260,629,081,600.0000000",0000108800,00010,204,00010,02,0.00,0.00,E,SAP,9,US,00001,USD,1.00000,0.000,0,0.000,0,0,0001
00,06/29/2026,00/00/0000,06/29/2026,00/00/0000,NB,F,US00,00/00/0000,0.00,00/00/0000,0.00,4500000462,N00,US00,buyer_mi00,00/00/0000,00/00/0000,RM0000,00/00/0000,00/00/0000,1000000481,0.00,US,"20,260,629,082,400.0000000",0000108800,00010,204,00010,02,0.00,0.00,E,SAP,9,US,00001,USD,1.00000,0.000,0,0.000,0,0,0001
00,06/29/2026,00/00/0000,06/29/2026,00/00/0000,NB,F,US00,00/00/0000,0.00,00/00/0000,0.00,4500000463,N00,US00,buyer_mi00,00/00/0000,00/00/0000,RM0000,00/00/0000,00/00/0000,1000000482,0.00,US,"20,260,629,083,500.0000000",0000107800,00010,204,00010,02,0.00,0.00,E,SAP,9,US,00001,USD,1.00000,0.000,0,0.000,0,0,0001
00,06/29/2026,00/00/0000,06/29/2026,00/00/0000,NB,F,US00,00/00/0000,0.00,00/00/0000,0.00,4500000464,N00,US00,buyer_mi00,00/00/0000,00/00/0000,RM0000,00/00/0000,00/00/0000,1000000483,0.00,US,"20,260,629,103,824.0000000",0000108800,00010,204,00010,02,0.00,0.00,E,SAP,9,US,00001,USD,1.00000,0.000,0,0.000,0,0,0001
00,06/29/2026,00/00/0000,06/29/2026,00/00/0000,NB,F,US00,00/00/0000,0.00,00/00/0000,0.00,4500000465,N00,US00,buyer_mi00,00/00/0000,00/00/0000,RM0000,00/00/0000,00/00/0000,1000000484,0.00,US,"20,260,629,110,800.0000000",0001003070,00010,204,00010,02,0.00,0.00,E,SAP,9,US,00001,USD,1.00000,0.000,0,0.000,0,0,0001
00,06/29/2026,00/00/0000,06/29/2026,00/00/0000,NB,F,US00,00/00/0000,0.00,00/00/0000,0.00,4500000466,N00,US00,buyer_mi00,00/00/0000,00/00/0000,RM0000,00/00/0000,00/00/0000,1000000485,0.00,US,"20,260,629,113,654.0000000",0000101800,00010,204,00010,02,0.00,0.00,E,SAP,9,US,00001,USD,1.00000,0.000,0,0.000,0,0,0001
00,06/29/2026,00/00/0000,06/29/2026,00/00/0000,NB,F,US00,00/00/0000,0.00,00/00/0000,0.00,4500000467,N00,US00,buyer_mi00,00/00/0000,00/00/0000,RM0000,00/00/0000,00/00/0000,1000000486,0.00,US,"20,260,629,132,100.0000000",0000108800,00010,204,00010,02,0.00,0.00,E,SAP,9,US,00001,USD,1.00000,0.000,0,0.000,0,0,0001
00,06/29/2026,00/00/0000,06/29/2026,00/00/0000,NB,F,US00,00/00/0000,0.00,00/00/0000,0.00,4500000468,N00,US00,buyer_mi00,00/00/0000,00/00/0000,RM0000,00/00/0000,00/00/0000,1000000487,0.00,US,"20,260,629,144,348.0000000",0000108800,00010,204,00010,02,0.00,0.00,E,SAP,9,US,00001,USD,1.00000,0.000,0,0.000,0,0,0001
00,06/29/2026,00/00/0000,06/29/2026,00/00/0000,NB,F,US00,00/00/0000,0.00,00/00/0000,0.00,4500000469,N00,US00,buyer_mi00,00/00/0000,00/00/0000,RM0000,00/00/0000,00/00/0000,1000000488,0.00,US,"20,260,629,152,824.0000000",0000103800,00010,204,00010,02,0.00,0.00,E,SAP,9,US,00001,USD,1.00000,0.000,0,0.000,0,0,0001
00,06/30/2026,00/00/0000,06/30/2026,00/00/0000,NB,F,US00,00/00/0000,0.00,00/00/0000,0.00,4500000470,N00,US00,buyer_mi00,00/00/0000,00/00/0000,RM0000,00/00/0000,00/00/0000,1000000489,0.00,US,"20,260,630,081,500.0000000",0000103800,00010,204,00010,02,0.00,0.00,E,SAP,9,US,00001,USD,1.00000,0.000,0,0.000,0,0,0001
00,06/30/2026,00/00/0000,06/30/2026,00/00/0000,NB,F,US00,00/00/0000,0.00,00/00/0000,0.00,4500000471,N00,US00,buyer_mi00,00/00/0000,00/00/0000,RM0000,00/00/0000,00/00/0000,1000000490,0.00,US,"20,260,630,082,700.0000000",0000101800,00010,204,00010,02,0.00,0.00,E,SAP,9,US,00001,USD,1.00000,0.000,0,0.000,0,0,0001
00,06/30/2026,00/00/0000,06/30/2026,00/00/0000,NB,F,US00,00/00/0000,0.00,00/00/0000,0.00,4500000472,N00,US00,buyer_mi00,00/00/0000,00/00/0000,RM0000,00/00/0000,00/00/0000,1000000491,0.00,US,"20,260,630,083,900.0000000",0000108800,00010,204,00010,02,0.00,0.00,E,SAP,9,US,00001,USD,1.00000,0.000,0,0.000,0,0,0001
00,06/30/2026,00/00/0000,06/30/2026,00/00/0000,NB,F,US00,00/00/0000,0.00,00/00/0000,0.00,4500000473,N00,US00,buyer_mi00,00/00/0000,00/00/0000,RM0000,00/00/0000,00/00/0000,1000000492,0.00,US,"20,260,630,085,000.0000000",0000106800,00010,204,00010,02,0.00,0.00,E,SAP,9,US,00001,USD,1.00000,0.000,0,0.000,0,0,0001
00,06/30/2026,00/00/0000,06/30/2026,00/00/0000,NB,F,US00,00/00/0000,0.00,00/00/0000,0.00,4500000474,N00,US00,buyer_mi00,00/00/0000,00/00/0000,RM0000,00/00/0000,00/00/0000,1000000493,0.00,US,"20,260,630,111,746.0000000",0000108800,00010,204,00010,02,0.00,0.00,E,SAP,9,US,00001,USD,1.00000,0.000,0,0.000,0,0,0001
00,06/30/2026,00/00/0000,06/30/2026,00/00/0000,NB,F,US00,00/00/0000,0.00,00/00/0000,0.00,4500000475,N00,US00,buyer_mi00,00/00/0000,00/00/0000,RM0000,00/00/0000,00/00/0000,1000000494,0.00,US,"20,260,630,112,846.0000000",0000105800,00010,204,00010,02,0.00,0.00,E,SAP,9,US,00001,USD,1.00000,0.000,0,0.000,0,0,0001
00,06/30/2026,00/00/0000,06/30/2026,00/00/0000,NB,F,US00,00/00/0000,0.00,00/00/0000,0.00,4500000476,N00,US00,buyer_mi00,00/00/0000,00/00/0000,RM0000,00/00/0000,00/00/0000,1000000495,0.00,US,"20,260,630,131,200.0000000",0000108800,00010,204,00010,02,0.00,0.00,E,SAP,9,US,00001,USD,1.00000,0.000,0,0.000,0,0,0001
00,06/30/2026,00/00/0000,06/30/2026,00/00/0000,NB,F,US00,00/00/0000,0.00,00/00/0000,0.00,4500000477,N00,US00,buyer_mi00,00/00/0000,00/00/0000,RM0000,00/00/0000,00/00/0000,1000000496,0.00,US,"20,260,630,132,400.0000000",0000108800,00010,204,00010,02,0.00,0.00,E,SAP,9,US,00001,USD,1.00000,0.000,0,0.000,0,0,0001
00,06/30/2026,00/00/0000,06/30/2026,00/00/0000,NB,F,US00,00/00/0000,0.00,00/00/0000,0.00,4500000478,N00,US00,buyer_mi00,00/00/0000,00/00/0000,RM0000,00/00/0000,00/00/0000,1000000497,0.00,US,"20,260,630,133,500.0000000",0000101800,00010,204,00010,02,0.00,0.00,E,SAP,9,US,00001,USD,1.00000,0.000,0,0.000,0,0,0001
00,06/30/2026,00/00/0000,06/30/2026,00/00/0000,NB,F,US00,00/00/0000,0.00,00/00/0000,0.00,4500000479,N00,US00,buyer_mi00,00/00/0000,00/00/0000,RM0000,00/00/0000,00/00/0000,1000000498,0.00,US,"20,260,630,160,516.0000000",0000101800,00010,204,00010,02,0.00,0.00,E,SAP,9,US,00001,USD,1.00000,0.000,0,0.000,0,0,0001
00,06/30/2026,00/00/0000,06/30/2026,00/00/0000,NB,F,US00,00/00/0000,0.00,00/00/0000,0.00,4500000480,N00,US00,buyer_mi00,00/00/0000,00/00/0000,RM0000,00/00/0000,00/00/0000,1000000499,0.00,US,"20,260,630,161,516.0000000",0000112800,00010,204,00010,02,0.00,0.00,E,SAP,9,US,00001,USD,1.00000,0.000,0,0.000,0,0,0001
00,06/30/2026,00/00/0000,06/30/2026,00/00/0000,NB,F,US00,00/00/0000,0.00,00/00/0000,0.00,4500000481,N00,US00,buyer_mi00,00/00/0000,00/00/0000,RM0000,00/00/0000,00/00/0000,1000000500,0.00,US,"20,260,630,164,138.0000000",0000108800,00010,204,00010,02,0.00,0.00,E,SAP,9,US,00001,USD,1.00000,0.000,0,0.000,0,0,0001
00,07/01/2026,00/00/0000,07/01/2026,00/00/0000,NB,F,US00,00/00/0000,0.00,00/00/0000,0.00,4500000482,N00,US00,buyer_mi00,00/00/0000,00/00/0000,RM0000,00/00/0000,00/00/0000,1000000501,0.00,US,"20,260,701,081,400.0000000",0000101800,00010,204,00010,02,0.00,0.00,E,SAP,9,US,00001,USD,1.00000,0.000,0,0.000,0,0,0001
00,07/01/2026,00/00/0000,07/01/2026,00/00/0000,NB,F,US00,00/00/0000,0.00,00/00/0000,0.00,4500000483,N00,US00,buyer_mi00,00/00/0000,00/00/0000,RM0000,00/00/0000,00/00/0000,1000000502,0.00,US,"20,260,701,091,500.0000000",0000101800,00010,204,00010,02,0.00,0.00,E,SAP,9,US,00001,USD,1.00000,0.000,0,0.000,0,0,0001
00,07/01/2026,00/00/0000,07/01/2026,00/00/0000,NB,F,US00,00/00/0000,0.00,00/00/0000,0.00,4500000484,N00,US00,buyer_mi00,00/00/0000,00/00/0000,RM0000,00/00/0000,00/00/0000,1000000503,0.00,US,"20,260,701,111,200.0000000",0000103800,00010,204,00010,02,0.00,0.00,E,SAP,9,US,00001,USD,1.00000,0.000,0,0.000,0,0,0001
