ABDAT,ABFTZ,ABMNG,ADRNR,AEDAT,AGDAT,ARSNR,ARSPS,BPRME,BPUMN,BPUMZ,BRTWR,BSTYP,BUKRS,EBELN,EBELP,EFFWR,ELIKZ,EMATN,ETFZ1,ETFZ2,GEWEI,INFNR,KTMNG,KTPNR,LMEIN,MAHN1,MAHN2,MAHN3,MAHNZ,MANDT,MATKL,MATNR,MEINS,MENGE,MWSKZ,NAVNW,NETPR,NETWR,NTGEW,PEINH,PLIFZ,PRDAT,PRSDR,PSTYP,REPOS,SPINF,STAFO,TXDAT,TXDAT_FROM,TXJCD,TXZ01,UEBTO,UMREN,UMREZ,UNIQUEID,UNTTO,WEBAZ,WEPOS,WERKS,ZWERT
00/00/0000,0.000,0.000,0000130027,06/01/2026,00/00/0000,0000000000,0000,EA,1,1,"1,847.42",F,US00,4500000275,00010,"1,847.42",X,RHMT1800,0,0,OZ,5300000020,0.000,00000,EA,0,0,0,0,204,SFTY,RHMT1800,EA,71.000,XI,0.00,26.02,"1,847.42",10.000,1,1,06/01/2026,X,0,X,C,SAP,00/00/0000,00/00/0000,FL0000000,Road Helmet,0.0,1,1,450000027500010,0.0,0,X,MI00,0.00
00/00/0000,0.000,0.000,0000130029,06/01/2026,00/00/0000,0000000000,0000,EA,1,1,770.07,F,US00,4500000276,00010,770.07,X,KPAD1800,0,0,OZ,5300000019,0.000,00000,EA,0,0,0,0,204,SFTY,KPAD1800,EA,19.000,XI,0.00,40.53,770.07,16.000,1,1,06/01/2026,X,0,X,C,SAP,00/00/0000,00/00/0000,FL0000000,Knee Pads,0.0,1,1,450000027600010,0.0,0,X,MI00,0.00
00/00/0000,0.000,0.000,0000130031,06/01/2026,00/00/0000,0000000000,0000,EA,1,1,768.18,F,US00,4500000277,00010,768.18,X,FAID1800,0,0,OZ,5300000031,0.000,00000,EA,0,0,0,0,204,UTIL,FAID1800,EA,31.000,XI,0.00,24.78,768.18,12.000,1,1,06/01/2026,X,0,X,C,SAP,00/00/0000,00/00/0000,FL0000000,First Aid Kit,0.0,1,1,450000027700010,0.0,0,X,MI00,0.00
00/00/0000,0.000,0.000,0000130033,06/01/2026,00/00/0000,0000000000,0000,EA,1,1,"2,825.46",F,US00,4500000278,00010,"2,825.46",X,CHSP1800,0,0,OZ,5300000011,0.000,00000,EA,0,0,0,0,204,UTIL,CHSP1800,EA,99.000,XI,0.00,28.54,"2,825.46",0.000,1,6,06/01/2026,X,0,X,C,SAP,00/00/0000,00/00/0000,FL0000000,Chain Lock Security Pro 800,0.0,1,1,450000027800010,0.0,0,X,MI00,0.00
00/00/0000,0.000,0.000,0000130035,06/01/2026,00/00/0000,0000000000,0000,EA,1,1,"2,467.90",F,US00,4500000279,00010,"2,467.90",X,BOTL1800,0,0,OZ,5300000014,0.000,00000,EA,0,0,0,0,204,UTIL,BOTL1800,EA,230.000,XI,0.00,10.73,"2,467.90",1.000,1,1,06/01/2026,X,0,X,C,SAP,00/00/0000,00/00/0000,FL0000000,Water Bottle,0.0,1,1,450000027900010,0.0,0,X,MI00,0.00
00/00/0000,0.000,0.000,0000130037,06/01/2026,00/00/0000,0000000000,0000,EA,1,1,"1,029.60",F,US00,4500000280,00010,"1,029.60",X,FAID1800,0,0,OZ,5300000031,0.000,00000,EA,0,0,0,0,204,UTIL,FAID1800,EA,40.000,XI,0.00,25.74,"1,029.60",12.000,1,1,06/01/2026,X,0,X,C,SAP,00/00/0000,00/00/0000,FL0000000,First Aid Kit,0.0,1,1,450000028000010,0.0,0,X,MI00,0.00
00/00/0000,0.000,0.000,0000130039,06/02/2026,00/00/0000,0000000000,0000,EA,1,1,"1,926.03",F,US00,4500000281,00010,"1,926.03",X,CHLK1800,0,0,OZ,5300000012,0.000,00000,EA,0,0,0,0,204,UTIL,CHLK1800,EA,57.000,XI,0.00,33.79,"1,926.03",0.000,1,6,06/02/2026,X,0,X,C,SAP,00/00/0000,00/00/0000,FL0000000,Chain Lock 800,0.0,1,1,450000028100010,0.0,0,X,MI00,0.00
00/00/0000,0.000,0.000,0000130041,06/01/2026,00/00/0000,0000000000,0000,EA,1,1,"2,425.20",F,US00,4500000282,00010,"2,425.20",X,BOTL1800,0,0,OZ,5300000014,0.000,00000,EA,0,0,0,0,204,UTIL,BOTL1800,EA,215.000,XI,0.00,11.28,"2,425.20",1.000,1,1,06/01/2026,X,0,X,C,SAP,00/00/0000,00/00/0000,FL0000000,Water Bottle,0.0,1,1,450000028200010,0.0,0,X,MI00,0.00
00/00/0000,0.000,0.000,0000130043,06/02/2026,00/00/0000,0000000000,0000,EA,1,1,"1,933.20",F,US00,4500000283,00010,"1,933.20",X,SHRT1800,0,0,OZ,5300000026,0.000,00000,EA,0,0,0,0,204,UTIL,SHRT1800,EA,135.000,XI,0.00,14.32,"1,933.20",16.000,1,1,06/02/2026,X,0,X,C,SAP,00/00/0000,00/00/0000,FL0000000,T-shirt,0.0,1,1,450000028300010,0.0,0,X,MI00,0.00
00/00/0000,0.000,0.000,0000130045,06/02/2026,00/00/0000,0000000000,0000,EA,1,1,947.34,F,US00,4500000284,00010,947.34,X,FAID1800,0,0,OZ,5300000018,0.000,00000,EA,0,0,0,0,204,UTIL,FAID1800,EA,38.000,XI,0.00,24.93,947.34,12.000,1,1,06/02/2026,X,0,X,C,SAP,00/00/0000,00/00/0000,FL0000000,First Aid Kit,0.0,1,1,450000028400010,0.0,0,X,MI00,0.00
00/00/0000,0.000,0.000,0000130047,06/02/2026,00/00/0000,0000000000,0000,EA,1,1,"2,087.42",F,US00,4500000285,00010,"2,087.42",X,CHLK1800,0,0,OZ,5300000012,0.000,00000,EA,0,0,0,0,204,UTIL,CHLK1800,EA,61.000,XI,0.00,34.22,"2,087.42",0.000,1,6,06/02/2026,X,0,X,C,SAP,00/00/0000,00/00/0000,FL0000000,Chain Lock 800,0.0,1,1,450000028500010,0.0,0,X,MI00,0.00
00/00/0000,0.000,0.000,0000130049,06/02/2026,00/00/0000,0000000000,0000,EA,1,1,"1,814.80",F,US00,4500000286,00010,"1,814.80",X,SHRT1800,0,0,OZ,5300000016,0.000,00000,EA,0,0,0,0,204,UTIL,SHRT1800,EA,130.000,XI,0.00,13.96,"1,814.80",16.000,1,1,06/02/2026,X,0,X,C,SAP,00/00/0000,00/00/0000,FL0000000,T-shirt,0.0,1,1,450000028600010,0.0,0,X,MI00,0.00
00/00/0000,0.000,0.000,0000130051,06/02/2026,00/00/0000,0000000000,0000,EA,1,1,"2,687.52",F,US00,4500000287,00010,"2,687.52",X,RKIT1800,0,0,OZ,5300000013,0.000,00000,EA,0,0,0,0,204,UTIL,RKIT1800,EA,176.000,XI,0.00,15.27,"2,687.52",12.000,1,1,06/02/2026,X,0,X,C,SAP,00/00/0000,00/00/0000,FL0000000,Repair Kit,0.0,1,1,450000028700010,0.0,0,X,MI00,0.00
00/00/0000,0.000,0.000,0000130053,06/02/2026,00/00/0000,0000000000,0000,EA,1,1,"2,481.75",F,US00,4500000288,00010,"2,481.75",X,BOTL1800,0,0,OZ,5300000034,0.000,00000,EA,0,0,0,0,204,UTIL,BOTL1800,EA,225.000,XI,0.00,11.03,"2,481.75",1.000,1,1,06/02/2026,X,0,X,C,SAP,00/00/0000,00/00/0000,FL0000000,Water Bottle,0.0,1,1,450000028800010,0.0,0,X,MI00,0.00
00/00/0000,0.000,0.000,0000130055,06/03/2026,00/00/0000,0000000000,0000,EA,1,1,"2,151.04",F,US00,4500000289,00010,"2,151.04",X,CHLK1800,0,0,OZ,5300000029,0.000,00000,EA,0,0,0,0,204,UTIL,CHLK1800,EA,64.000,XI,0.00,33.61,"2,151.04",0.000,1,6,06/03/2026,X,0,X,C,SAP,00/00/0000,00/00/0000,FL0000000,Chain Lock 800,0.0,1,1,450000028900010,0.0,0,X,MI00,0.00
00/00/0000,0.000,0.000,0000130057,06/02/2026,00/00/0000,0000000000,0000,EA,1,1,770.45,F,US00,4500000290,00010,770.45,X,EPAD1800,0,0,OZ,5300000028,0.000,00000,EA,0,0,0,0,204,SFTY,EPAD1800,EA,19.000,XI,0.00,40.55,770.45,32.000,1,1,06/02/2026,X,0,X,C,SAP,00/00/0000,00/00/0000,FL0000000,Elbow Pads,0.0,1,1,450000029000010,0.0,0,X,MI00,0.00
00/00/0000,0.000,0.000,0000130059,06/03/2026,00/00/0000,0000000000,0000,EA,1,1,"2,399.40",F,US00,4500000291,00010,"2,399.40",X,BOTL1800,0,0,OZ,5300000014,0.000,00000,EA,0,0,0,0,204,UTIL,BOTL1800,EA,215.000,XI,0.00,11.16,"2,399.40",1.000,1,1,06/03/2026,X,0,X,C,SAP,00/00/0000,00/00/0000,FL0000000,Water Bottle,0.0,1,1,450000029100010,0.0,0,X,MI00,0.00
00/00/0000,0.000,0.000,0000130061,06/03/2026,00/00/0000,0000000000,0000,EA,1,1,"2,195.55",F,US00,4500000292,00010,"2,195.55",X,BOTL1800,0,0,OZ,5300000014,0.000,00000,EA,0,0,0,0,204,UTIL,BOTL1800,EA,205.000,XI,0.00,10.71,"2,195.55",1.000,1,1,06/03/2026,X,0,X,C,SAP,00/00/0000,00/00/0000,FL0000000,Water Bottle,0.0,1,1,450000029200010,0.0,0,X,MI00,0.00
00/00/0000,0.000,0.000,0000130063,06/03/2026,00/00/0000,0000000000,0000,EA,1,1,847.35,F,US00,4500000293,00010,847.35,X,KPAD1800,0,0,OZ,5300000025,0.000,00000,EA,0,0,0,0,204,SFTY,KPAD1800,EA,21.000,XI,0.00,40.35,847.35,16.000,1,1,06/03/2026,X,0,X,C,SAP,00/00/0000,00/00/0000,FL0000000,Knee Pads,0.0,1,1,450000029300010,0.0,0,X,MI00,0.00
00/00/0000,0.000,0.000,0000130065,06/03/2026,00/00/0000,0000000000,0000,EA,1,1,"2,210.20",F,US00,4500000294,00010,"2,210.20",X,CAGE1800,0,0,OZ,5300000015,0.000,00000,EA,0,0,0,0,204,UTIL,CAGE1800,EA,215.000,XI,0.00,10.28,"2,210.20",8.000,1,1,06/03/2026,X,0,X,C,SAP,00/00/0000,00/00/0000,FL0000000,Water Bottle Cage,0.0,1,1,450000029400010,0.0,0,X,MI00,0.00
00/00/0000,0.000,0.000,0000130067,06/03/2026,00/00/0000,0000000000,0000,EA,1,1,"2,459.60",F,US00,4500000295,00010,"2,459.60",X,BOTL1800,0,0,OZ,5300000014,0.000,00000,EA,0,0,0,0,204,UTIL,BOTL1800,EA,220.000,XI,0.00,11.18,"2,459.60",1.000,1,1,06/03/2026,X,0,X,C,SAP,00/00/0000,00/00/0000,FL0000000,Water Bottle,0.0,1,1,450000029500010,0.0,0,X,MI00,0.00
00/00/0000,0.000,0.000,0000130069,06/03/2026,00/00/0000,0000000000,0000,EA,1,1,"2,172.30",F,US00,4500000296,00010,"2,172.30",X,BOTL1800,0,0,OZ,5300000014,0.000,00000,EA,0,0,0,0,204,UTIL,BOTL1800,EA,195.000,XI,0.00,11.14,"2,172.30",1.000,1,1,06/03/2026,X,0,X,C,SAP,00/00/0000,00/00/0000,FL0000000,Water Bottle,0.0,1,1,450000029600010,0.0,0,X,MI00,0.00
00/00/0000,0.000,0.000,0000130071,06/03/2026,00/00/0000,0000000000,0000,EA,1,1,"2,609.65",F,US00,4500000297,00010,"2,609.65",X,CHSP1800,0,0,OZ,5300000011,0.000,00000,EA,0,0,0,0,204,UTIL,CHSP1800,EA,95.000,XI,0.00,27.47,"2,609.65",0.000,1,6,06/03/2026,X,0,X,C,SAP,00/00/0000,00/00/0000,FL0000000,Chain Lock Security Pro 800,0.0,1,1,450000029700010,0.0,0,X,MI00,0.00
00/00/0000,0.000,0.000,0000130073,06/03/2026,00/00/0000,0000000000,0000,EA,1,1,"2,956.10",F,US00,4500000298,00010,"2,956.10",X,SHRT1800,0,0,OZ,5300000026,0.000,00000,EA,0,0,0,0,204,UTIL,SHRT1800,EA,205.000,XI,0.00,14.42,"2,956.10",16.000,1,1,06/03/2026,X,0,X,C,SAP,00/00/0000,00/00/0000,FL0000000,T-shirt,0.0,1,1,450000029800010,0.0,0,X,MI00,0.00
00/00/0000,0.000,0.000,0000130075,06/03/2026,00/00/0000,0000000000,0000,EA,1,1,"4,323.24",F,US00,4500000299,00010,"4,323.24",X,KPAD1800,0,0,OZ,5300000025,0.000,00000,EA,0,0,0,0,204,SFTY,KPAD1800,EA,108.000,XI,0.00,40.03,"4,323.24",16.000,1,1,06/03/2026,X,0,X,C,SAP,00/00/0000,00/00/0000,FL0000000,Knee Pads,0.0,1,1,450000029900010,0.0,0,X,MI00,0.00
00/00/0000,0.000,0.000,0000130077,06/03/2026,00/00/0000,0000000000,0000,EA,1,1,"2,125.50",F,US00,4500000300,00010,"2,125.50",X,SHRT1800,0,0,OZ,5300000016,0.000,00000,EA,0,0,0,0,204,UTIL,SHRT1800,EA,150.000,XI,0.00,14.17,"2,125.50",16.000,1,1,06/03/2026,X,0,X,C,SAP,00/00/0000,00/00/0000,FL0000000,T-shirt,0.0,1,1,450000030000010,0.0,0,X,MI00,0.00
00/00/0000,0.000,0.000,0000130079,06/03/2026,00/00/0000,0000000000,0000,EA,1,1,768.49,F,US00,4500000301,00010,768.49,X,FAID1800,0,0,OZ,5300000018,0.000,00000,EA,0,0,0,0,204,UTIL,FAID1800,EA,31.000,XI,0.00,24.79,768.49,12.000,1,1,06/03/2026,X,0,X,C,SAP,00/00/0000,00/00/0000,FL0000000,First Aid Kit,0.0,1,1,450000030100010,0.0,0,X,MI00,0.00
00/00/0000,0.000,0.000,0000130082,06/03/2026,00/00/0000,0000000000,0000,EA,1,1,869.88,F,US00,4500000302,00010,869.88,X,RHMT1800,0,0,OZ,5300000024,0.000,00000,EA,0,0,0,0,204,SFTY,RHMT1800,EA,33.000,XI,0.00,26.36,869.88,10.000,1,1,06/03/2026,X,0,X,C,SAP,00/00/0000,00/00/0000,FL0000000,Road Helmet,0.0,1,1,450000030200010,0.0,0,X,MI00,0.00
00/00/0000,0.000,0.000,0000130083,06/04/2026,00/00/0000,0000000000,0000,EA,1,1,768.60,F,US00,4500000303,00010,768.60,X,RHMT1800,0,0,OZ,5300000024,0.000,00000,EA,0,0,0,0,204,SFTY,RHMT1800,EA,30.000,XI,0.00,25.62,768.60,10.000,1,1,06/04/2026,X,0,X,C,SAP,00/00/0000,00/00/0000,FL0000000,Road Helmet,0.0,1,1,450000030300010,0.0,0,X,MI00,0.00
00/00/0000,0.000,0.000,0000130085,06/04/2026,00/00/0000,0000000000,0000,EA,1,1,737.52,F,US00,4500000304,00010,737.52,X,RHMT1800,0,0,OZ,5300000020,0.000,00000,EA,0,0,0,0,204,SFTY,RHMT1800,EA,28.000,XI,0.00,26.34,737.52,10.000,1,1,06/04/2026,X,0,X,C,SAP,00/00/0000,00/00/0000,FL0000000,Road Helmet,0.0,1,1,450000030400010,0.0,0,X,MI00,0.00
00/00/0000,0.000,0.000,0000130087,06/04/2026,00/00/0000,0000000000,0000,EA,1,1,802.60,F,US00,4500000305,00010,802.60,X,KPAD1800,0,0,OZ,5300000019,0.000,00000,EA,0,0,0,0,204,SFTY,KPAD1800,EA,20.000,XI,0.00,40.13,802.60,16.000,1,1,06/04/2026,X,0,X,C,SAP,00/00/0000,00/00/0000,FL0000000,Knee Pads,0.0,1,1,450000030500010,0.0,0,X,MI00,0.00
00/00/0000,0.000,0.000,0000130089,06/04/2026,00/00/0000,0000000000,0000,EA,1,1,"4,073.37",F,US00,4500000306,00010,"4,073.37",X,CHSP1800,0,0,OZ,5300000011,0.000,00000,EA,0,0,0,0,204,UTIL,CHSP1800,EA,147.000,XI,0.00,27.71,"4,073.37",0.000,1,6,06/04/2026,X,0,X,C,SAP,00/00/0000,00/00/0000,FL0000000,Chain Lock Security Pro 800,0.0,1,1,450000030600010,0.0,0,X,MI00,0.00
00/00/0000,0.000,0.000,0000130091,06/04/2026,00/00/0000,0000000000,0000,EA,1,1,"2,530.88",F,US00,4500000307,00010,"2,530.88",X,CHSP1800,0,0,OZ,5300000027,0.000,00000,EA,0,0,0,0,204,UTIL,CHSP1800,EA,88.000,XI,0.00,28.76,"2,530.88",0.000,1,6,06/04/2026,X,0,X,C,SAP,00/00/0000,00/00/0000,FL0000000,Chain Lock Security Pro 800,0.0,1,1,450000030700010,0.0,0,X,MI00,0.00
00/00/0000,0.000,0.000,0000130093,06/04/2026,00/00/0000,0000000000,0000,EA,1,1,"1,910.00",F,US00,4500000308,00010,"1,910.00",X,RKIT1800,0,0,OZ,5300000013,0.000,00000,EA,0,0,0,0,204,UTIL,RKIT1800,EA,125.000,XI,0.00,15.28,"1,910.00",12.000,1,1,06/04/2026,X,0,X,C,SAP,00/00/0000,00/00/0000,FL0000000,Repair Kit,0.0,1,1,450000030800010,0.0,0,X,MI00,0.00
00/00/0000,0.000,0.000,0000130095,06/04/2026,00/00/0000,0000000000,0000,EA,1,1,"2,965.68",F,US00,4500000309,00010,"2,965.68",X,CHSP1800,0,0,OZ,5300000011,0.000,00000,EA,0,0,0,0,204,UTIL,CHSP1800,EA,108.000,XI,0.00,27.46,"2,965.68",0.000,1,6,06/04/2026,X,0,X,C,SAP,00/00/0000,00/00/0000,FL0000000,Chain Lock Security Pro 800,0.0,1,1,450000030900010,0.0,0,X,MI00,0.00
00/00/0000,0.000,0.000,0000130097,06/04/2026,00/00/0000,0000000000,0000,EA,1,1,883.52,F,US00,4500000310,00010,883.52,X,EPAD1800,0,0,OZ,5300000017,0.000,00000,EA,0,0,0,0,204,SFTY,EPAD1800,EA,22.000,XI,0.00,40.16,883.52,32.000,1,1,06/04/2026,X,0,X,C,SAP,00/00/0000,00/00/0000,FL0000000,Elbow Pads,0.0,1,1,450000031000010,0.0,0,X,MI00,0.00
00/00/0000,0.000,0.000,0000130099,06/05/2026,00/00/0000,0000000000,0000,EA,1,1,818.09,F,US00,4500000311,00010,818.09,X,OHMT1800,0,0,OZ,5300000022,0.000,00000,EA,0,0,0,0,204,SFTY,OHMT1800,EA,31.000,XI,0.00,26.39,818.09,15.000,1,1,06/05/2026,X,0,X,C,SAP,00/00/0000,00/00/0000,FL0000000,Off Road Helmet,0.0,1,1,450000031100010,0.0,0,X,MI00,0.00
00/00/0000,0.000,0.000,0000130101,06/05/2026,00/00/0000,0000000000,0000,EA,1,1,"1,394.00",F,US00,4500000312,00010,"1,394.00",X,SHRT1800,0,0,OZ,5300000026,0.000,00000,EA,0,0,0,0,204,UTIL,SHRT1800,EA,100.000,XI,0.00,13.94,"1,394.00",16.000,1,1,06/05/2026,X,0,X,C,SAP,00/00/0000,00/00/0000,FL0000000,T-shirt,0.0,1,1,450000031200010,0.0,0,X,MI00,0.00
00/00/0000,0.000,0.000,0000130103,06/05/2026,00/00/0000,0000000000,0000,EA,1,1,"2,129.70",F,US00,4500000313,00010,"2,129.70",X,SHRT1800,0,0,OZ,5300000026,0.000,00000,EA,0,0,0,0,204,UTIL,SHRT1800,EA,155.000,XI,0.00,13.74,"2,129.70",16.000,1,1,06/05/2026,X,0,X,C,SAP,00/00/0000,00/00/0000,FL0000000,T-shirt,0.0,1,1,450000031300010,0.0,0,X,MI00,0.00
00/00/0000,0.000,0.000,0000130105,06/05/2026,00/00/0000,0000000000,0000,EA,1,1,"2,629.65",F,US00,4500000314,00010,"2,629.65",X,BOTL1800,0,0,OZ,5300000034,0.000,00000,EA,0,0,0,0,204,UTIL,BOTL1800,EA,235.000,XI,0.00,11.19,"2,629.65",1.000,1,1,06/05/2026,X,0,X,C,SAP,00/00/0000,00/00/0000,FL0000000,Water Bottle,0.0,1,1,450000031400010,0.0,0,X,MI00,0.00
00/00/0000,0.000,0.000,0000130107,06/05/2026,00/00/0000,0000000000,0000,EA,1,1,"1,582.75",F,US00,4500000315,00010,"1,582.75",X,FAID1800,0,0,OZ,5300000018,0.000,00000,EA,0,0,0,0,204,UTIL,FAID1800,EA,65.000,XI,0.00,24.35,"1,582.75",12.000,1,1,06/05/2026,X,0,X,C,SAP,00/00/0000,00/00/0000,FL0000000,First Aid Kit,0.0,1,1,450000031500010,0.0,0,X,MI00,0.00
00/00/0000,0.000,0.000,0000130109,06/05/2026,00/00/0000,0000000000,0000,EA,1,1,"1,558.43",F,US00,4500000316,00010,"1,558.43",X,RKIT1800,0,0,OZ,5300000030,0.000,00000,EA,0,0,0,0,204,UTIL,RKIT1800,EA,101.000,XI,0.00,15.43,"1,558.43",12.000,1,1,06/05/2026,X,0,X,C,SAP,00/00/0000,00/00/0000,FL0000000,Repair Kit,0.0,1,1,450000031600010,0.0,0,X,MI00,0.00
00/00/0000,0.000,0.000,0000130111,06/05/2026,00/00/0000,0000000000,0000,EA,1,1,"1,953.39",F,US00,4500000317,00010,"1,953.39",X,CHLK1800,0,0,OZ,5300000029,0.000,00000,EA,0,0,0,0,204,UTIL,CHLK1800,EA,57.000,XI,0.00,34.27,"1,953.39",0.000,1,6,06/05/2026,X,0,X,C,SAP,00/00/0000,00/00/0000,FL0000000,Chain Lock 800,0.0,1,1,450000031700010,0.0,0,X,MI00,0.00
00/00/0000,0.000,0.000,0000130113,06/05/2026,00/00/0000,0000000000,0000,EA,1,1,"1,514.70",F,US00,4500000318,00010,"1,514.70",X,SHRT1800,0,0,OZ,5300000016,0.000,00000,EA,0,0,0,0,204,UTIL,SHRT1800,EA,110.000,XI,0.00,13.77,"1,514.70",16.000,1,1,06/05/2026,X,0,X,C,SAP,00/00/0000,00/00/0000,FL0000000,T-shirt,0.0,1,1,450000031800010,0.0,0,X,MI00,0.00
00/00/0000,0.000,0.000,0000130115,06/05/2026,00/00/0000,0000000000,0000,EA,1,1,805.07,F,US00,4500000319,00010,805.07,X,OHMT1800,0,0,OZ,5300000022,0.000,00000,EA,0,0,0,0,204,SFTY,OHMT1800,EA,31.000,XI,0.00,25.97,805.07,15.000,1,1,06/05/2026,X,0,X,C,SAP,00/00/0000,00/00/0000,FL0000000,Off Road Helmet,0.0,1,1,450000031900010,0.0,0,X,MI00,0.00
00/00/0000,0.000,0.000,0000130117,06/08/2026,00/00/0000,0000000000,0000,EA,1,1,"1,227.24",F,US00,4500000320,00010,"1,227.24",X,RKIT1800,0,0,OZ,5300000030,0.000,00000,EA,0,0,0,0,204,UTIL,RKIT1800,EA,84.000,XI,0.00,14.61,"1,227.24",12.000,1,1,06/08/2026,X,0,X,C,SAP,00/00/0000,00/00/0000,FL0000000,Repair Kit,0.0,1,1,450000032000010,0.0,0,X,MI00,0.00
00/00/0000,0.000,0.000,0000130119,06/08/2026,00/00/0000,0000000000,0000,EA,1,1,"3,238.56",F,US00,4500000321,00010,"3,238.56",X,CHSP1800,0,0,OZ,5300000033,0.000,00000,EA,0,0,0,0,204,UTIL,CHSP1800,EA,117.000,XI,0.00,27.68,"3,238.56",0.000,1,6,06/08/2026,X,0,X,C,SAP,00/00/0000,00/00/0000,FL0000000,Chain Lock Security Pro 800,0.0,1,1,450000032100010,0.0,0,X,MI00,0.00
00/00/0000,0.000,0.000,0000130121,06/08/2026,00/00/0000,0000000000,0000,EA,1,1,725.20,F,US00,4500000322,00010,725.20,X,OHMT1800,0,0,OZ,5300000022,0.000,00000,EA,0,0,0,0,204,SFTY,OHMT1800,EA,28.000,XI,0.00,25.90,725.20,15.000,1,1,06/08/2026,X,0,X,C,SAP,00/00/0000,00/00/0000,FL0000000,Off Road Helmet,0.0,1,1,450000032200010,0.0,0,X,MI00,0.00
00/00/0000,0.000,0.000,0000130123,06/08/2026,00/00/0000,0000000000,0000,EA,1,1,702.90,F,US00,4500000323,00010,702.90,X,EPAD1800,0,0,OZ,5300000017,0.000,00000,EA,0,0,0,0,204,SFTY,EPAD1800,EA,18.000,XI,0.00,39.05,702.90,32.000,1,1,06/08/2026,X,0,X,C,SAP,00/00/0000,00/00/0000,FL0000000,Elbow Pads,0.0,1,1,450000032300010,0.0,0,X,MI00,0.00
00/00/0000,0.000,0.000,0000130125,06/08/2026,00/00/0000,0000000000,0000,EA,1,1,441.75,F,US00,4500000324,00010,441.75,X,PUMP1800,0,0,OZ,5300000023,0.000,00000,EA,0,0,0,0,204,UTIL,PUMP1800,EA,19.000,XI,0.00,23.25,441.75,10.000,1,1,06/08/2026,X,0,X,C,SAP,00/00/0000,00/00/0000,FL0000000,Air Pump,0.0,1,1,450000032400010,0.0,0,X,MI00,0.00
00/00/0000,0.000,0.000,0000130127,06/08/2026,00/00/0000,0000000000,0000,EA,1,1,"1,244.76",F,US00,4500000325,00010,"1,244.76",X,RKIT1800,0,0,OZ,5300000030,0.000,00000,EA,0,0,0,0,204,UTIL,RKIT1800,EA,82.000,XI,0.00,15.18,"1,244.76",12.000,1,1,06/08/2026,X,0,X,C,SAP,00/00/0000,00/00/0000,FL0000000,Repair Kit,0.0,1,1,450000032500010,0.0,0,X,MI00,0.00
00/00/0000,0.000,0.000,0000130129,06/08/2026,00/00/0000,0000000000,0000,EA,1,1,"1,348.50",F,US00,4500000326,00010,"1,348.50",X,RKIT1800,0,0,OZ,5300000013,0.000,00000,EA,0,0,0,0,204,UTIL,RKIT1800,EA,87.000,XI,0.00,15.50,"1,348.50",12.000,1,1,06/08/2026,X,0,X,C,SAP,00/00/0000,00/00/0000,FL0000000,Repair Kit,0.0,1,1,450000032600010,0.0,0,X,MI00,0.00
00/00/0000,0.000,0.000,0000130131,06/08/2026,00/00/0000,0000000000,0000,EA,1,1,"2,734.20",F,US00,4500000327,00010,"2,734.20",X,BOTL1800,0,0,OZ,5300000014,0.000,00000,EA,0,0,0,0,204,UTIL,BOTL1800,EA,245.000,XI,0.00,11.16,"2,734.20",1.000,1,1,06/08/2026,X,0,X,C,SAP,00/00/0000,00/00/0000,FL0000000,Water Bottle,0.0,1,1,450000032700010,0.0,0,X,MI00,0.00
00/00/0000,0.000,0.000,0000130133,06/08/2026,00/00/0000,0000000000,0000,EA,1,1,"1,236.96",F,US00,4500000328,00010,"1,236.96",X,FAID1800,0,0,OZ,5300000031,0.000,00000,EA,0,0,0,0,204,UTIL,FAID1800,EA,48.000,XI,0.00,25.77,"1,236.96",12.000,1,1,06/08/2026,X,0,X,C,SAP,00/00/0000,00/00/0000,FL0000000,First Aid Kit,0.0,1,1,450000032800010,0.0,0,X,MI00,0.00
00/00/0000,0.000,0.000,0000130135,06/08/2026,00/00/0000,0000000000,0000,EA,1,1,"1,711.05",F,US00,4500000329,00010,"1,711.05",X,CAGE1800,0,0,OZ,5300000021,0.000,00000,EA,0,0,0,0,204,UTIL,CAGE1800,EA,165.000,XI,0.00,10.37,"1,711.05",8.000,1,1,06/08/2026,X,0,X,C,SAP,00/00/0000,00/00/0000,FL0000000,Water Bottle Cage,0.0,1,1,450000032900010,0.0,0,X,MI00,0.00
00/00/0000,0.000,0.000,0000130137,06/08/2026,00/00/0000,0000000000,0000,EA,1,1,"1,641.60",F,US00,4500000330,00010,"1,641.60",X,SHRT1800,0,0,OZ,5300000026,0.000,00000,EA,0,0,0,0,204,UTIL,SHRT1800,EA,120.000,XI,0.00,13.68,"1,641.60",16.000,1,1,06/08/2026,X,0,X,C,SAP,00/00/0000,00/00/0000,FL0000000,T-shirt,0.0,1,1,450000033000010,0.0,0,X,MI00,0.00
00/00/0000,0.000,0.000,0000130139,06/08/2026,00/00/0000,0000000000,0000,EA,1,1,868.78,F,US00,4500000331,00010,868.78,X,EPAD1800,0,0,OZ,5300000028,0.000,00000,EA,0,0,0,0,204,SFTY,EPAD1800,EA,22.000,XI,0.00,39.49,868.78,32.000,1,1,06/08/2026,X,0,X,C,SAP,00/00/0000,00/00/0000,FL0000000,Elbow Pads,0.0,1,1,450000033100010,0.0,0,X,MI00,0.00
00/00/0000,0.000,0.000,0000130141,06/09/2026,00/00/0000,0000000000,0000,EA,1,1,"1,169.22",F,US00,4500000332,00010,"1,169.22",X,RKIT1800,0,0,OZ,5300000013,0.000,00000,EA,0,0,0,0,204,UTIL,RKIT1800,EA,78.000,XI,0.00,14.99,"1,169.22",12.000,1,1,06/09/2026,X,0,X,C,SAP,00/00/0000,00/00/0000,FL0000000,Repair Kit,0.0,1,1,450000033200010,0.0,0,X,MI00,0.00
00/00/0000,0.000,0.000,0000130143,06/09/2026,00/00/0000,0000000000,0000,EA,1,1,884.68,F,US00,4500000333,00010,884.68,X,RHMT1800,0,0,OZ,5300000024,0.000,00000,EA,0,0,0,0,204,SFTY,RHMT1800,EA,34.000,XI,0.00,26.02,884.68,10.000,1,1,06/09/2026,X,0,X,C,SAP,00/00/0000,00/00/0000,FL0000000,Road Helmet,0.0,1,1,450000033300010,0.0,0,X,MI00,0.00
00/00/0000,0.000,0.000,0000130145,06/09/2026,00/00/0000,0000000000,0000,EA,1,1,"1,786.20",F,US00,4500000334,00010,"1,786.20",X,SHRT1800,0,0,OZ,5300000016,0.000,00000,EA,0,0,0,0,204,UTIL,SHRT1800,EA,130.000,XI,0.00,13.74,"1,786.20",16.000,1,1,06/09/2026,X,0,X,C,SAP,00/00/0000,00/00/0000,FL0000000,T-shirt,0.0,1,1,450000033400010,0.0,0,X,MI00,0.00
00/00/0000,0.000,0.000,0000130148,06/09/2026,00/00/0000,0000000000,0000,EA,1,1,814.37,F,US00,4500000335,00010,814.37,X,OHMT1800,0,0,OZ,5300000036,0.000,00000,EA,0,0,0,0,204,SFTY,OHMT1800,EA,31.000,XI,0.00,26.27,814.37,15.000,1,1,06/09/2026,X,0,X,C,SAP,00/00/0000,00/00/0000,FL0000000,Off Road Helmet,0.0,1,1,450000033500010,0.0,0,X,MI00,0.00
00/00/0000,0.000,0.000,0000130149,06/09/2026,00/00/0000,0000000000,0000,EA,1,1,635.60,F,US00,4500000336,00010,635.60,X,PUMP1800,0,0,OZ,5300000032,0.000,00000,EA,0,0,0,0,204,UTIL,PUMP1800,EA,28.000,XI,0.00,22.70,635.60,10.000,1,1,06/09/2026,X,0,X,C,SAP,00/00/0000,00/00/0000,FL0000000,Air Pump,0.0,1,1,450000033600010,0.0,0,X,MI00,0.00
00/00/0000,0.000,0.000,0000130152,06/09/2026,00/00/0000,0000000000,0000,EA,1,1,817.80,F,US00,4500000337,00010,817.80,X,EPAD1800,0,0,OZ,5300000017,0.000,00000,EA,0,0,0,0,204,SFTY,EPAD1800,EA,20.000,XI,0.00,40.89,817.80,32.000,1,1,06/09/2026,X,0,X,C,SAP,00/00/0000,00/00/0000,FL0000000,Elbow Pads,0.0,1,1,450000033700010,0.0,0,X,MI00,0.00
00/00/0000,0.000,0.000,0000130153,06/09/2026,00/00/0000,0000000000,0000,EA,1,1,837.06,F,US00,4500000338,00010,837.06,X,EPAD1800,0,0,OZ,5300000028,0.000,00000,EA,0,0,0,0,204,SFTY,EPAD1800,EA,21.000,XI,0.00,39.86,837.06,32.000,1,1,06/09/2026,X,0,X,C,SAP,00/00/0000,00/00/0000,FL0000000,Elbow Pads,0.0,1,1,450000033800010,0.0,0,X,MI00,0.00
00/00/0000,0.000,0.000,0000130155,06/10/2026,00/00/0000,0000000000,0000,EA,1,1,742.98,F,US00,4500000339,00010,742.98,X,RHMT1800,0,0,OZ,5300000020,0.000,00000,EA,0,0,0,0,204,SFTY,RHMT1800,EA,29.000,XI,0.00,25.62,742.98,10.000,1,1,06/10/2026,X,0,X,C,SAP,00/00/0000,00/00/0000,FL0000000,Road Helmet,0.0,1,1,450000033900010,0.0,0,X,MI00,0.00
00/00/0000,0.000,0.000,0000130157,06/09/2026,00/00/0000,0000000000,0000,EA,1,1,762.66,F,US00,4500000340,00010,762.66,X,KPAD1800,0,0,OZ,5300000019,0.000,00000,EA,0,0,0,0,204,SFTY,KPAD1800,EA,19.000,XI,0.00,40.14,762.66,16.000,1,1,06/09/2026,X,0,X,C,SAP,00/00/0000,00/00/0000,FL0000000,Knee Pads,0.0,1,1,450000034000010,0.0,0,X,MI00,0.00
00/00/0000,0.000,0.000,0000130160,06/09/2026,00/00/0000,0000000000,0000,EA,1,1,778.36,F,US00,4500000341,00010,778.36,X,OHMT1800,0,0,OZ,5300000022,0.000,00000,EA,0,0,0,0,204,SFTY,OHMT1800,EA,29.000,XI,0.00,26.84,778.36,15.000,1,1,06/09/2026,X,0,X,C,SAP,00/00/0000,00/00/0000,FL0000000,Off Road Helmet,0.0,1,1,450000034100010,0.0,0,X,MI00,0.00
00/00/0000,0.000,0.000,0000130161,06/10/2026,00/00/0000,0000000000,0000,EA,1,1,"2,094.74",F,US00,4500000342,00010,"2,094.74",X,CHLK1800,0,0,OZ,5300000035,0.000,00000,EA,0,0,0,0,204,UTIL,CHLK1800,EA,61.000,XI,0.00,34.34,"2,094.74",0.000,1,6,06/10/2026,X,0,X,C,SAP,00/00/0000,00/00/0000,FL0000000,Chain Lock 800,0.0,1,1,450000034200010,0.0,0,X,MI00,0.00
00/00/0000,0.000,0.000,0000130164,06/10/2026,00/00/0000,0000000000,0000,EA,1,1,"1,476.10",F,US00,4500000343,00010,"1,476.10",X,CAGE1800,0,0,OZ,5300000021,0.000,00000,EA,0,0,0,0,204,UTIL,CAGE1800,EA,145.000,XI,0.00,10.18,"1,476.10",8.000,1,1,06/10/2026,X,0,X,C,SAP,00/00/0000,00/00/0000,FL0000000,Water Bottle Cage,0.0,1,1,450000034300010,0.0,0,X,MI00,0.00
00/00/0000,0.000,0.000,0000130165,06/10/2026,00/00/0000,0000000000,0000,EA,1,1,896.80,F,US00,4500000344,00010,896.80,X,RKIT1800,0,0,OZ,5300000013,0.000,00000,EA,0,0,0,0,204,UTIL,RKIT1800,EA,59.000,XI,0.00,15.20,896.80,12.000,1,1,06/10/2026,X,0,X,C,SAP,00/00/0000,00/00/0000,FL0000000,Repair Kit,0.0,1,1,450000034400010,0.0,0,X,MI00,0.00
00/00/0000,0.000,0.000,0000130167,06/10/2026,00/00/0000,0000000000,0000,EA,1,1,"1,866.60",F,US00,4500000345,00010,"1,866.60",X,BOTL1800,0,0,OZ,5300000034,0.000,00000,EA,0,0,0,0,204,UTIL,BOTL1800,EA,170.000,XI,0.00,10.98,"1,866.60",1.000,1,1,06/10/2026,X,0,X,C,SAP,00/00/0000,00/00/0000,FL0000000,Water Bottle,0.0,1,1,450000034500010,0.0,0,X,MI00,0.00
00/00/0000,0.000,0.000,0000130169,06/10/2026,00/00/0000,0000000000,0000,EA,1,1,843.57,F,US00,4500000346,00010,843.57,X,EPAD1800,0,0,OZ,5300000028,0.000,00000,EA,0,0,0,0,204,SFTY,EPAD1800,EA,21.000,XI,0.00,40.17,843.57,32.000,1,1,06/10/2026,X,0,X,C,SAP,00/00/0000,00/00/0000,FL0000000,Elbow Pads,0.0,1,1,450000034600010,0.0,0,X,MI00,0.00
00/00/0000,0.000,0.000,0000130171,06/10/2026,00/00/0000,0000000000,0000,EA,1,1,672.90,F,US00,4500000347,00010,672.90,X,PUMP1800,0,0,OZ,5300000023,0.000,00000,EA,0,0,0,0,204,UTIL,PUMP1800,EA,30.000,XI,0.00,22.43,672.90,10.000,1,1,06/10/2026,X,0,X,C,SAP,00/00/0000,00/00/0000,FL0000000,Air Pump,0.0,1,1,450000034700010,0.0,0,X,MI00,0.00
00/00/0000,0.000,0.000,0000130173,06/10/2026,00/00/0000,0000000000,0000,EA,1,1,"2,359.96",F,US00,4500000348,00010,"2,359.96",X,CHSP1800,0,0,OZ,5300000011,0.000,00000,EA,0,0,0,0,204,UTIL,CHSP1800,EA,82.000,XI,0.00,28.78,"2,359.96",0.000,1,6,06/10/2026,X,0,X,C,SAP,00/00/0000,00/00/0000,FL0000000,Chain Lock Security Pro 800,0.0,1,1,450000034800010,0.0,0,X,MI00,0.00
00/00/0000,0.000,0.000,0000130175,06/10/2026,00/00/0000,0000000000,0000,EA,1,1,"1,331.20",F,US00,4500000349,00010,"1,331.20",X,CAGE1800,0,0,OZ,5300000021,0.000,00000,EA,0,0,0,0,204,UTIL,CAGE1800,EA,130.000,XI,0.00,10.24,"1,331.20",8.000,1,1,06/10/2026,X,0,X,C,SAP,00/00/0000,00/00/0000,FL0000000,Water Bottle Cage,0.0,1,1,450000034900010,0.0,0,X,MI00,0.00
00/00/0000,0.000,0.000,0000130177,06/10/2026,00/00/0000,0000000000,0000,EA,1,1,"5,818.77",F,US00,4500000350,00010,"5,818.77",X,CHSP1800,0,0,OZ,5300000011,0.000,00000,EA,0,0,0,0,204,UTIL,CHSP1800,EA,207.000,XI,0.00,28.11,"5,818.77",0.000,1,6,06/10/2026,X,0,X,C,SAP,00/00/0000,00/00/0000,FL0000000,Chain Lock Security Pro 800,0.0,1,1,450000035000010,0.0,0,X,MI00,0.00
00/00/0000,0.000,0.000,0000130179,06/11/2026,00/00/0000,0000000000,0000,EA,1,1,775.20,F,US00,4500000351,00010,775.20,X,KPAD1800,0,0,OZ,5300000019,0.000,00000,EA,0,0,0,0,204,SFTY,KPAD1800,EA,19.000,XI,0.00,40.80,775.20,16.000,1,1,06/11/2026,X,0,X,C,SAP,00/00/0000,00/00/0000,FL0000000,Knee Pads,0.0,1,1,450000035100010,0.0,0,X,MI00,0.00
00/00/0000,0.000,0.000,0000130181,06/11/2026,00/00/0000,0000000000,0000,EA,1,1,"2,148.90",F,US00,4500000352,00010,"2,148.90",X,BOTL1800,0,0,OZ,5300000034,0.000,00000,EA,0,0,0,0,204,UTIL,BOTL1800,EA,190.000,XI,0.00,11.31,"2,148.90",1.000,1,1,06/11/2026,X,0,X,C,SAP,00/00/0000,00/00/0000,FL0000000,Water Bottle,0.0,1,1,450000035200010,0.0,0,X,MI00,0.00
00/00/0000,0.000,0.000,0000130183,06/11/2026,00/00/0000,0000000000,0000,EA,1,1,987.60,F,US00,4500000353,00010,987.60,X,FAID1800,0,0,OZ,5300000031,0.000,00000,EA,0,0,0,0,204,UTIL,FAID1800,EA,40.000,XI,0.00,24.69,987.60,12.000,1,1,06/11/2026,X,0,X,C,SAP,00/00/0000,00/00/0000,FL0000000,First Aid Kit,0.0,1,1,450000035300010,0.0,0,X,MI00,0.00
00/00/0000,0.000,0.000,0000130185,06/11/2026,00/00/0000,0000000000,0000,EA,1,1,"1,897.20",F,US00,4500000354,00010,"1,897.20",X,BOTL1800,0,0,OZ,5300000034,0.000,00000,EA,0,0,0,0,204,UTIL,BOTL1800,EA,170.000,XI,0.00,11.16,"1,897.20",1.000,1,1,06/11/2026,X,0,X,C,SAP,00/00/0000,00/00/0000,FL0000000,Water Bottle,0.0,1,1,450000035400010,0.0,0,X,MI00,0.00
00/00/0000,0.000,0.000,0000130189,06/11/2026,00/00/0000,0000000000,0000,EA,1,1,791.60,F,US00,4500000356,00010,791.60,X,KPAD1800,0,0,OZ,5300000025,0.000,00000,EA,0,0,0,0,204,SFTY,KPAD1800,EA,20.000,XI,0.00,39.58,791.60,16.000,1,1,06/11/2026,X,0,X,C,SAP,00/00/0000,00/00/0000,FL0000000,Knee Pads,0.0,1,1,450000035600010,0.0,0,X,MI00,0.00
00/00/0000,0.000,0.000,0000130191,06/11/2026,00/00/0000,0000000000,0000,EA,1,1,838.24,F,US00,4500000357,00010,838.24,X,RHMT1800,0,0,OZ,5300000024,0.000,00000,EA,0,0,0,0,204,SFTY,RHMT1800,EA,31.000,XI,0.00,27.04,838.24,10.000,1,1,06/11/2026,X,0,X,C,SAP,00/00/0000,00/00/0000,FL0000000,Road Helmet,0.0,1,1,450000035700010,0.0,0,X,MI00,0.00
00/00/0000,0.000,0.000,0000130194,06/11/2026,00/00/0000,0000000000,0000,EA,1,1,"1,428.00",F,US00,4500000358,00010,"1,428.00",X,SHRT1800,0,0,OZ,5300000026,0.000,00000,EA,0,0,0,0,204,UTIL,SHRT1800,EA,100.000,XI,0.00,14.28,"1,428.00",16.000,1,1,06/11/2026,X,0,X,C,SAP,00/00/0000,00/00/0000,FL0000000,T-shirt,0.0,1,1,450000035800010,0.0,0,X,MI00,0.00
00/00/0000,0.000,0.000,0000130195,06/11/2026,00/00/0000,0000000000,0000,EA,1,1,"2,751.20",F,US00,4500000359,00010,"2,751.20",X,SHRT1800,0,0,OZ,5300000016,0.000,00000,EA,0,0,0,0,204,UTIL,SHRT1800,EA,190.000,XI,0.00,14.48,"2,751.20",16.000,1,1,06/11/2026,X,0,X,C,SAP,00/00/0000,00/00/0000,FL0000000,T-shirt,0.0,1,1,450000035900010,0.0,0,X,MI00,0.00
00/00/0000,0.000,0.000,0000130197,06/11/2026,00/00/0000,0000000000,0000,EA,1,1,"1,262.52",F,US00,4500000360,00010,"1,262.52",X,RKIT1800,0,0,OZ,5300000030,0.000,00000,EA,0,0,0,0,204,UTIL,RKIT1800,EA,84.000,XI,0.00,15.03,"1,262.52",12.000,1,1,06/11/2026,X,0,X,C,SAP,00/00/0000,00/00/0000,FL0000000,Repair Kit,0.0,1,1,450000036000010,0.0,0,X,MI00,0.00
00/00/0000,0.000,0.000,0000130199,06/11/2026,00/00/0000,0000000000,0000,EA,1,1,"2,501.40",F,US00,4500000361,00010,"2,501.40",X,BOTL1800,0,0,OZ,5300000034,0.000,00000,EA,0,0,0,0,204,UTIL,BOTL1800,EA,220.000,XI,0.00,11.37,"2,501.40",1.000,1,1,06/11/2026,X,0,X,C,SAP,00/00/0000,00/00/0000,FL0000000,Water Bottle,0.0,1,1,450000036100010,0.0,0,X,MI00,0.00
00/00/0000,0.000,0.000,0000130201,06/11/2026,00/00/0000,0000000000,0000,EA,1,1,"1,455.36",F,US00,4500000362,00010,"1,455.36",X,RKIT1800,0,0,OZ,5300000030,0.000,00000,EA,0,0,0,0,204,UTIL,RKIT1800,EA,96.000,XI,0.00,15.16,"1,455.36",12.000,1,1,06/11/2026,X,0,X,C,SAP,00/00/0000,00/00/0000,FL0000000,Repair Kit,0.0,1,1,450000036200010,0.0,0,X,MI00,0.00
00/00/0000,0.000,0.000,0000130203,06/12/2026,00/00/0000,0000000000,0000,EA,1,1,"2,757.30",F,US00,4500000363,00010,"2,757.30",X,SHRT1800,0,0,OZ,5300000026,0.000,00000,EA,0,0,0,0,204,UTIL,SHRT1800,EA,195.000,XI,0.00,14.14,"2,757.30",16.000,1,1,06/12/2026,X,0,X,C,SAP,00/00/0000,00/00/0000,FL0000000,T-shirt,0.0,1,1,450000036300010,0.0,0,X,MI00,0.00
00/00/0000,0.000,0.000,0000130205,06/12/2026,00/00/0000,0000000000,0000,EA,1,1,"1,725.60",F,US00,4500000364,00010,"1,725.60",X,SHRT1800,0,0,OZ,5300000026,0.000,00000,EA,0,0,0,0,204,UTIL,SHRT1800,EA,120.000,XI,0.00,14.38,"1,725.60",16.000,1,1,06/12/2026,X,0,X,C,SAP,00/00/0000,00/00/0000,FL0000000,T-shirt,0.0,1,1,450000036400010,0.0,0,X,MI00,0.00
00/00/0000,0.000,0.000,0000130207,06/15/2026,00/00/0000,0000000000,0000,EA,1,1,"2,349.30",F,US00,4500000365,00010,"2,349.30",X,BOTL1800,0,0,OZ,5300000014,0.000,00000,EA,0,0,0,0,204,UTIL,BOTL1800,EA,205.000,XI,0.00,11.46,"2,349.30",1.000,1,1,06/15/2026,X,0,X,C,SAP,00/00/0000,00/00/0000,FL0000000,Water Bottle,0.0,1,1,450000036500010,0.0,0,X,MI00,0.00
00/00/0000,0.000,0.000,0000130209,06/15/2026,00/00/0000,0000000000,0000,EA,1,1,516.34,F,US00,4500000366,00010,516.34,X,PUMP1800,0,0,OZ,5300000032,0.000,00000,EA,0,0,0,0,204,UTIL,PUMP1800,EA,22.000,XI,0.00,23.47,516.34,10.000,1,1,06/15/2026,X,0,X,C,SAP,00/00/0000,00/00/0000,FL0000000,Air Pump,0.0,1,1,450000036600010,0.0,0,X,MI00,0.00
00/00/0000,0.000,0.000,0000130211,06/15/2026,00/00/0000,0000000000,0000,EA,1,1,"2,447.28",F,US00,4500000367,00010,"2,447.28",X,CHSP1800,0,0,OZ,5300000033,0.000,00000,EA,0,0,0,0,204,UTIL,CHSP1800,EA,88.000,XI,0.00,27.81,"2,447.28",0.000,1,6,06/15/2026,X,0,X,C,SAP,00/00/0000,00/00/0000,FL0000000,Chain Lock Security Pro 800,0.0,1,1,450000036700010,0.0,0,X,MI00,0.00
00/00/0000,0.000,0.000,0000130213,06/15/2026,00/00/0000,0000000000,0000,EA,1,1,"2,960.69",F,US00,4500000368,00010,"2,960.69",X,CHSP1800,0,0,OZ,5300000033,0.000,00000,EA,0,0,0,0,204,UTIL,CHSP1800,EA,107.000,XI,0.00,27.67,"2,960.69",0.000,1,6,06/15/2026,X,0,X,C,SAP,00/00/0000,00/00/0000,FL0000000,Chain Lock Security Pro 800,0.0,1,1,450000036800010,0.0,0,X,MI00,0.00
00/00/0000,0.000,0.000,0000130215,06/15/2026,00/00/0000,0000000000,0000,EA,1,1,"1,974.10",F,US00,4500000369,00010,"1,974.10",X,CAGE1800,0,0,OZ,5300000015,0.000,00000,EA,0,0,0,0,204,UTIL,CAGE1800,EA,190.000,XI,0.00,10.39,"1,974.10",8.000,1,1,06/15/2026,X,0,X,C,SAP,00/00/0000,00/00/0000,FL0000000,Water Bottle Cage,0.0,1,1,450000036900010,0.0,0,X,MI00,0.00
00/00/0000,0.000,0.000,0000130217,06/15/2026,00/00/0000,0000000000,0000,EA,1,1,"4,190.16",F,US00,4500000370,00010,"4,190.16",X,KPAD1800,0,0,OZ,5300000019,0.000,00000,EA,0,0,0,0,204,SFTY,KPAD1800,EA,104.000,XI,0.00,40.29,"4,190.16",16.000,1,1,06/15/2026,X,0,X,C,SAP,00/00/0000,00/00/0000,FL0000000,Knee Pads,0.0,1,1,450000037000010,0.0,0,X,MI00,0.00
00/00/0000,0.000,0.000,0000130219,06/16/2026,00/00/0000,0000000000,0000,EA,1,1,"1,084.44",F,US00,4500000371,00010,"1,084.44",X,FAID1800,0,0,OZ,5300000031,0.000,00000,EA,0,0,0,0,204,UTIL,FAID1800,EA,42.000,XI,0.00,25.82,"1,084.44",12.000,1,1,06/16/2026,X,0,X,C,SAP,00/00/0000,00/00/0000,FL0000000,First Aid Kit,0.0,1,1,450000037100010,0.0,0,X,MI00,0.00
00/00/0000,0.000,0.000,0000130221,06/16/2026,00/00/0000,0000000000,0000,EA,1,1,828.20,F,US00,4500000372,00010,828.20,X,EPAD1800,0,0,OZ,5300000028,0.000,00000,EA,0,0,0,0,204,SFTY,EPAD1800,EA,20.000,XI,0.00,41.41,828.20,32.000,1,1,06/16/2026,X,0,X,C,SAP,00/00/0000,00/00/0000,FL0000000,Elbow Pads,0.0,1,1,450000037200010,0.0,0,X,MI00,0.00
00/00/0000,0.000,0.000,0000130223,06/16/2026,00/00/0000,0000000000,0000,EA,1,1,"1,113.70",F,US00,4500000373,00010,"1,113.70",X,RKIT1800,0,0,OZ,5300000030,0.000,00000,EA,0,0,0,0,204,UTIL,RKIT1800,EA,74.000,XI,0.00,15.05,"1,113.70",12.000,1,1,06/16/2026,X,0,X,C,SAP,00/00/0000,00/00/0000,FL0000000,Repair Kit,0.0,1,1,450000037300010,0.0,0,X,MI00,0.00
00/00/0000,0.000,0.000,0000130225,06/16/2026,00/00/0000,0000000000,0000,EA,1,1,432.63,F,US00,4500000374,00010,432.63,X,PUMP1800,0,0,OZ,5300000023,0.000,00000,EA,0,0,0,0,204,UTIL,PUMP1800,EA,19.000,XI,0.00,22.77,432.63,10.000,1,1,06/16/2026,X,0,X,C,SAP,00/00/0000,00/00/0000,FL0000000,Air Pump,0.0,1,1,450000037400010,0.0,0,X,MI00,0.00
00/00/0000,0.000,0.000,0000130227,06/16/2026,00/00/0000,0000000000,0000,EA,1,1,"1,280.16",F,US00,4500000375,00010,"1,280.16",X,RKIT1800,0,0,OZ,5300000013,0.000,00000,EA,0,0,0,0,204,UTIL,RKIT1800,EA,84.000,XI,0.00,15.24,"1,280.16",12.000,1,1,06/16/2026,X,0,X,C,SAP,00/00/0000,00/00/0000,FL0000000,Repair Kit,0.0,1,1,450000037500010,0.0,0,X,MI00,0.00
00/00/0000,0.000,0.000,0000130229,06/16/2026,00/00/0000,0000000000,0000,EA,1,1,"1,934.01",F,US00,4500000376,00010,"1,934.01",X,CHLK1800,0,0,OZ,5300000012,0.000,00000,EA,0,0,0,0,204,UTIL,CHLK1800,EA,57.000,XI,0.00,33.93,"1,934.01",0.000,1,6,06/16/2026,X,0,X,C,SAP,00/00/0000,00/00/0000,FL0000000,Chain Lock 800,0.0,1,1,450000037600010,0.0,0,X,MI00,0.00
00/00/0000,0.000,0.000,0000130231,06/16/2026,00/00/0000,0000000000,0000,EA,1,1,"1,010.10",F,US00,4500000377,00010,"1,010.10",X,FAID1800,0,0,OZ,5300000031,0.000,00000,EA,0,0,0,0,204,UTIL,FAID1800,EA,39.000,XI,0.00,25.90,"1,010.10",12.000,1,1,06/16/2026,X,0,X,C,SAP,00/00/0000,00/00/0000,FL0000000,First Aid Kit,0.0,1,1,450000037700010,0.0,0,X,MI00,0.00
00/00/0000,0.000,0.000,0000130233,06/16/2026,00/00/0000,0000000000,0000,EA,1,1,"3,138.75",F,US00,4500000378,00010,"3,138.75",X,SHRT1800,0,0,OZ,5300000026,0.000,00000,EA,0,0,0,0,204,UTIL,SHRT1800,EA,225.000,XI,0.00,13.95,"3,138.75",16.000,1,1,06/16/2026,X,0,X,C,SAP,00/00/0000,00/00/0000,FL0000000,T-shirt,0.0,1,1,450000037800010,0.0,0,X,MI00,0.00
00/00/0000,0.000,0.000,0000130235,06/16/2026,00/00/0000,0000000000,0000,EA,1,1,"1,016.73",F,US00,4500000379,00010,"1,016.73",X,FAID1800,0,0,OZ,5300000031,0.000,00000,EA,0,0,0,0,204,UTIL,FAID1800,EA,39.000,XI,0.00,26.07,"1,016.73",12.000,1,1,06/16/2026,X,0,X,C,SAP,00/00/0000,00/00/0000,FL0000000,First Aid Kit,0.0,1,1,450000037900010,0.0,0,X,MI00,0.00
00/00/0000,0.000,0.000,0000130237,06/17/2026,00/00/0000,0000000000,0000,EA,1,1,"1,172.08",F,US00,4500000380,00010,"1,172.08",X,FAID1800,0,0,OZ,5300000018,0.000,00000,EA,0,0,0,0,204,UTIL,FAID1800,EA,46.000,XI,0.00,25.48,"1,172.08",12.000,1,1,06/17/2026,X,0,X,C,SAP,00/00/0000,00/00/0000,FL0000000,First Aid Kit,0.0,1,1,450000038000010,0.0,0,X,MI00,0.00
00/00/0000,0.000,0.000,0000130239,06/17/2026,00/00/0000,0000000000,0000,EA,1,1,"2,415.00",F,US00,4500000381,00010,"2,415.00",X,SHRT1800,0,0,OZ,5300000016,0.000,00000,EA,0,0,0,0,204,UTIL,SHRT1800,EA,175.000,XI,0.00,13.80,"2,415.00",16.000,1,1,06/17/2026,X,0,X,C,SAP,00/00/0000,00/00/0000,FL0000000,T-shirt,0.0,1,1,450000038100010,0.0,0,X,MI00,0.00
00/00/0000,0.000,0.000,0000130241,06/17/2026,00/00/0000,0000000000,0000,EA,1,1,"1,606.55",F,US00,4500000382,00010,"1,606.55",X,SHRT1800,0,0,OZ,5300000016,0.000,00000,EA,0,0,0,0,204,UTIL,SHRT1800,EA,115.000,XI,0.00,13.97,"1,606.55",16.000,1,1,06/17/2026,X,0,X,C,SAP,00/00/0000,00/00/0000,FL0000000,T-shirt,0.0,1,1,450000038200010,0.0,0,X,MI00,0.00
00/00/0000,0.000,0.000,0000130243,06/17/2026,00/00/0000,0000000000,0000,EA,1,1,"1,389.85",F,US00,4500000383,00010,"1,389.85",X,SHRT1800,0,0,OZ,5300000026,0.000,00000,EA,0,0,0,0,204,UTIL,SHRT1800,EA,95.000,XI,0.00,14.63,"1,389.85",16.000,1,1,06/17/2026,X,0,X,C,SAP,00/00/0000,00/00/0000,FL0000000,T-shirt,0.0,1,1,450000038300010,0.0,0,X,MI00,0.00
00/00/0000,0.000,0.000,0000130245,06/17/2026,00/00/0000,0000000000,0000,EA,1,1,"7,726.98",F,US00,4500000384,00010,"7,726.98",X,CHSP1800,0,0,OZ,5300000027,0.000,00000,EA,0,0,0,0,204,UTIL,CHSP1800,EA,267.000,XI,0.00,28.94,"7,726.98",0.000,1,6,06/17/2026,X,0,X,C,SAP,00/00/0000,00/00/0000,FL0000000,Chain Lock Security Pro 800,0.0,1,1,450000038400010,0.0,0,X,MI00,0.00
00/00/0000,0.000,0.000,0000130247,06/17/2026,00/00/0000,0000000000,0000,EA,1,1,"1,686.30",F,US00,4500000385,00010,"1,686.30",X,CAGE1800,0,0,OZ,5300000021,0.000,00000,EA,0,0,0,0,204,UTIL,CAGE1800,EA,165.000,XI,0.00,10.22,"1,686.30",8.000,1,1,06/17/2026,X,0,X,C,SAP,00/00/0000,00/00/0000,FL0000000,Water Bottle Cage,0.0,1,1,450000038500010,0.0,0,X,MI00,0.00
00/00/0000,0.000,0.000,0000130249,06/17/2026,00/00/0000,0000000000,0000,EA,1,1,"1,744.75",F,US00,4500000386,00010,"1,744.75",X,CAGE1800,0,0,OZ,5300000015,0.000,00000,EA,0,0,0,0,204,UTIL,CAGE1800,EA,175.000,XI,0.00,9.97,"1,744.75",8.000,1,1,06/17/2026,X,0,X,C,SAP,00/00/0000,00/00/0000,FL0000000,Water Bottle Cage,0.0,1,1,450000038600010,0.0,0,X,MI00,0.00
00/00/0000,0.000,0.000,0000130251,06/17/2026,00/00/0000,0000000000,0000,EA,1,1,943.92,F,US00,4500000387,00010,943.92,X,KPAD1800,0,0,OZ,5300000019,0.000,00000,EA,0,0,0,0,204,SFTY,KPAD1800,EA,23.000,XI,0.00,41.04,943.92,16.000,1,1,06/17/2026,X,0,X,C,SAP,00/00/0000,00/00/0000,FL0000000,Knee Pads,0.0,1,1,450000038700010,0.0,0,X,MI00,0.00
00/00/0000,0.000,0.000,0000130253,06/17/2026,00/00/0000,0000000000,0000,EA,1,1,"1,199.45",F,US00,4500000388,00010,"1,199.45",X,CAGE1800,0,0,OZ,5300000015,0.000,00000,EA,0,0,0,0,204,UTIL,CAGE1800,EA,115.000,XI,0.00,10.43,"1,199.45",8.000,1,1,06/17/2026,X,0,X,C,SAP,00/00/0000,00/00/0000,FL0000000,Water Bottle Cage,0.0,1,1,450000038800010,0.0,0,X,MI00,0.00
00/00/0000,0.000,0.000,0000130255,06/17/2026,00/00/0000,0000000000,0000,EA,1,1,"2,549.75",F,US00,4500000389,00010,"2,549.75",X,BOTL1800,0,0,OZ,5300000034,0.000,00000,EA,0,0,0,0,204,UTIL,BOTL1800,EA,235.000,XI,0.00,10.85,"2,549.75",1.000,1,1,06/17/2026,X,0,X,C,SAP,00/00/0000,00/00/0000,FL0000000,Water Bottle,0.0,1,1,450000038900010,0.0,0,X,MI00,0.00
00/00/0000,0.000,0.000,0000130258,06/17/2026,00/00/0000,0000000000,0000,EA,1,1,"2,180.20",F,US00,4500000390,00010,"2,180.20",X,CAGE1800,0,0,OZ,5300000021,0.000,00000,EA,0,0,0,0,204,UTIL,CAGE1800,EA,220.000,XI,0.00,9.91,"2,180.20",8.000,1,1,06/17/2026,X,0,X,C,SAP,00/00/0000,00/00/0000,FL0000000,Water Bottle Cage,0.0,1,1,450000039000010,0.0,0,X,MI00,0.00
00/00/0000,0.000,0.000,0000130259,06/17/2026,00/00/0000,0000000000,0000,EA,1,1,"2,962.08",F,US00,4500000391,00010,"2,962.08",X,CHSP1800,0,0,OZ,5300000033,0.000,00000,EA,0,0,0,0,204,UTIL,CHSP1800,EA,102.000,XI,0.00,29.04,"2,962.08",0.000,1,6,06/17/2026,X,0,X,C,SAP,00/00/0000,00/00/0000,FL0000000,Chain Lock Security Pro 800,0.0,1,1,450000039100010,0.0,0,X,MI00,0.00
00/00/0000,0.000,0.000,0000130261,06/17/2026,00/00/0000,0000000000,0000,EA,1,1,796.40,F,US00,4500000392,00010,796.40,X,EPAD1800,0,0,OZ,5300000017,0.000,00000,EA,0,0,0,0,204,SFTY,EPAD1800,EA,20.000,XI,0.00,39.82,796.40,32.000,1,1,06/17/2026,X,0,X,C,SAP,00/00/0000,00/00/0000,FL0000000,Elbow Pads,0.0,1,1,450000039200010,0.0,0,X,MI00,0.00
00/00/0000,0.000,0.000,0000130263,06/18/2026,00/00/0000,0000000000,0000,EA,1,1,"1,751.25",F,US00,4500000393,00010,"1,751.25",X,SHRT1800,0,0,OZ,5300000026,0.000,00000,EA,0,0,0,0,204,UTIL,SHRT1800,EA,125.000,XI,0.00,14.01,"1,751.25",16.000,1,1,06/18/2026,X,0,X,C,SAP,00/00/0000,00/00/0000,FL0000000,T-shirt,0.0,1,1,450000039300010,0.0,0,X,MI00,0.00
00/00/0000,0.000,0.000,0000130265,06/17/2026,00/00/0000,0000000000,0000,EA,1,1,"2,726.67",F,US00,4500000394,00010,"2,726.67",X,CHSP1800,0,0,OZ,5300000033,0.000,00000,EA,0,0,0,0,204,UTIL,CHSP1800,EA,97.000,XI,0.00,28.11,"2,726.67",0.000,1,6,06/17/2026,X,0,X,C,SAP,00/00/0000,00/00/0000,FL0000000,Chain Lock Security Pro 800,0.0,1,1,450000039400010,0.0,0,X,MI00,0.00
00/00/0000,0.000,0.000,0000130268,06/18/2026,00/00/0000,0000000000,0000,EA,1,1,"2,617.65",F,US00,4500000395,00010,"2,617.65",X,KPAD1800,0,0,OZ,5300000025,0.000,00000,EA,0,0,0,0,204,SFTY,KPAD1800,EA,63.000,XI,0.00,41.55,"2,617.65",16.000,1,1,06/18/2026,X,0,X,C,SAP,00/00/0000,00/00/0000,FL0000000,Knee Pads,0.0,1,1,450000039500010,0.0,0,X,MI00,0.00
00/00/0000,0.000,0.000,0000130269,06/18/2026,00/00/0000,0000000000,0000,EA,1,1,"1,488.90",F,US00,4500000396,00010,"1,488.90",X,SHRT1800,0,0,OZ,5300000026,0.000,00000,EA,0,0,0,0,204,UTIL,SHRT1800,EA,105.000,XI,0.00,14.18,"1,488.90",16.000,1,1,06/18/2026,X,0,X,C,SAP,00/00/0000,00/00/0000,FL0000000,T-shirt,0.0,1,1,450000039600010,0.0,0,X,MI00,0.00
00/00/0000,0.000,0.000,0000130271,06/18/2026,00/00/0000,0000000000,0000,EA,1,1,972.27,F,US00,4500000397,00010,972.27,X,FAID1800,0,0,OZ,5300000031,0.000,00000,EA,0,0,0,0,204,UTIL,FAID1800,EA,39.000,XI,0.00,24.93,972.27,12.000,1,1,06/18/2026,X,0,X,C,SAP,00/00/0000,00/00/0000,FL0000000,First Aid Kit,0.0,1,1,450000039700010,0.0,0,X,MI00,0.00
00/00/0000,0.000,0.000,0000130273,06/18/2026,00/00/0000,0000000000,0000,EA,1,1,"3,100.30",F,US00,4500000398,00010,"3,100.30",X,SHRT1800,0,0,OZ,5300000026,0.000,00000,EA,0,0,0,0,204,UTIL,SHRT1800,EA,215.000,XI,0.00,14.42,"3,100.30",16.000,1,1,06/18/2026,X,0,X,C,SAP,00/00/0000,00/00/0000,FL0000000,T-shirt,0.0,1,1,450000039800010,0.0,0,X,MI00,0.00
00/00/0000,0.000,0.000,0000130275,06/19/2026,00/00/0000,0000000000,0000,EA,1,1,863.26,F,US00,4500000399,00010,863.26,X,FAID1800,0,0,OZ,5300000031,0.000,00000,EA,0,0,0,0,204,UTIL,FAID1800,EA,34.000,XI,0.00,25.39,863.26,12.000,1,1,06/19/2026,X,0,X,C,SAP,00/00/0000,00/00/0000,FL0000000,First Aid Kit,0.0,1,1,450000039900010,0.0,0,X,MI00,0.00
00/00/0000,0.000,0.000,0000130277,06/19/2026,00/00/0000,0000000000,0000,EA,1,1,777.30,F,US00,4500000400,00010,777.30,X,OHMT1800,0,0,OZ,5300000036,0.000,00000,EA,0,0,0,0,204,SFTY,OHMT1800,EA,30.000,XI,0.00,25.91,777.30,15.000,1,1,06/19/2026,X,0,X,C,SAP,00/00/0000,00/00/0000,FL0000000,Off Road Helmet,0.0,1,1,450000040000010,0.0,0,X,MI00,0.00
00/00/0000,0.000,0.000,0000130279,06/19/2026,00/00/0000,0000000000,0000,EA,1,1,702.10,F,US00,4500000401,00010,702.10,X,KPAD1800,0,0,OZ,5300000025,0.000,00000,EA,0,0,0,0,204,SFTY,KPAD1800,EA,17.000,XI,0.00,41.30,702.10,16.000,1,1,06/19/2026,X,0,X,C,SAP,00/00/0000,00/00/0000,FL0000000,Knee Pads,0.0,1,1,450000040100010,0.0,0,X,MI00,0.00
00/00/0000,0.000,0.000,0000130282,06/19/2026,00/00/0000,0000000000,0000,EA,1,1,752.36,F,US00,4500000402,00010,752.36,X,RHMT1800,0,0,OZ,5300000024,0.000,00000,EA,0,0,0,0,204,SFTY,RHMT1800,EA,28.000,XI,0.00,26.87,752.36,10.000,1,1,06/19/2026,X,0,X,C,SAP,00/00/0000,00/00/0000,FL0000000,Road Helmet,0.0,1,1,450000040200010,0.0,0,X,MI00,0.00
00/00/0000,0.000,0.000,0000130283,06/19/2026,00/00/0000,0000000000,0000,EA,1,1,533.14,F,US00,4500000403,00010,533.14,X,PUMP1800,0,0,OZ,5300000032,0.000,00000,EA,0,0,0,0,204,UTIL,PUMP1800,EA,23.000,XI,0.00,23.18,533.14,10.000,1,1,06/19/2026,X,0,X,C,SAP,00/00/0000,00/00/0000,FL0000000,Air Pump,0.0,1,1,450000040300010,0.0,0,X,MI00,0.00
00/00/0000,0.000,0.000,0000130285,06/19/2026,00/00/0000,0000000000,0000,EA,1,1,492.58,F,US00,4500000404,00010,492.58,X,PUMP1800,0,0,OZ,5300000032,0.000,00000,EA,0,0,0,0,204,UTIL,PUMP1800,EA,22.000,XI,0.00,22.39,492.58,10.000,1,1,06/19/2026,X,0,X,C,SAP,00/00/0000,00/00/0000,FL0000000,Air Pump,0.0,1,1,450000040400010,0.0,0,X,MI00,0.00
00/00/0000,0.000,0.000,0000130287,06/19/2026,00/00/0000,0000000000,0000,EA,1,1,844.48,F,US00,4500000405,00010,844.48,X,RHMT1800,0,0,OZ,5300000024,0.000,00000,EA,0,0,0,0,204,SFTY,RHMT1800,EA,32.000,XI,0.00,26.39,844.48,10.000,1,1,06/19/2026,X,0,X,C,SAP,00/00/0000,00/00/0000,FL0000000,Road Helmet,0.0,1,1,450000040500010,0.0,0,X,MI00,0.00
00/00/0000,0.000,0.000,0000130289,06/19/2026,00/00/0000,0000000000,0000,EA,1,1,818.71,F,US00,4500000406,00010,818.71,X,RHMT1800,0,0,OZ,5300000020,0.000,00000,EA,0,0,0,0,204,SFTY,RHMT1800,EA,31.000,XI,0.00,26.41,818.71,10.000,1,1,06/19/2026,X,0,X,C,SAP,00/00/0000,00/00/0000,FL0000000,Road Helmet,0.0,1,1,450000040600010,0.0,0,X,MI00,0.00
00/00/0000,0.000,0.000,0000130291,06/19/2026,00/00/0000,0000000000,0000,EA,1,1,652.96,F,US00,4500000407,00010,652.96,X,PUMP1800,0,0,OZ,5300000032,0.000,00000,EA,0,0,0,0,204,UTIL,PUMP1800,EA,28.000,XI,0.00,23.32,652.96,10.000,1,1,06/19/2026,X,0,X,C,SAP,00/00/0000,00/00/0000,FL0000000,Air Pump,0.0,1,1,450000040700010,0.0,0,X,MI00,0.00
00/00/0000,0.000,0.000,0000130293,06/19/2026,00/00/0000,0000000000,0000,EA,1,1,"1,760.50",F,US00,4500000408,00010,"1,760.50",X,CAGE1800,0,0,OZ,5300000015,0.000,00000,EA,0,0,0,0,204,UTIL,CAGE1800,EA,175.000,XI,0.00,10.06,"1,760.50",8.000,1,1,06/19/2026,X,0,X,C,SAP,00/00/0000,00/00/0000,FL0000000,Water Bottle Cage,0.0,1,1,450000040800010,0.0,0,X,MI00,0.00
00/00/0000,0.000,0.000,0000130295,06/19/2026,00/00/0000,0000000000,0000,EA,1,1,"1,140.00",F,US00,4500000409,00010,"1,140.00",X,SHRT1800,0,0,OZ,5300000016,0.000,00000,EA,0,0,0,0,204,UTIL,SHRT1800,EA,80.000,XI,0.00,14.25,"1,140.00",16.000,1,1,06/19/2026,X,0,X,C,SAP,00/00/0000,00/00/0000,FL0000000,T-shirt,0.0,1,1,450000040900010,0.0,0,X,MI00,0.00
00/00/0000,0.000,0.000,0000130297,06/19/2026,00/00/0000,0000000000,0000,EA,1,1,"1,186.08",F,US00,4500000410,00010,"1,186.08",X,FAID1800,0,0,OZ,5300000018,0.000,00000,EA,0,0,0,0,204,UTIL,FAID1800,EA,48.000,XI,0.00,24.71,"1,186.08",12.000,1,1,06/19/2026,X,0,X,C,SAP,00/00/0000,00/00/0000,FL0000000,First Aid Kit,0.0,1,1,450000041000010,0.0,0,X,MI00,0.00
00/00/0000,0.000,0.000,0000130300,06/19/2026,00/00/0000,0000000000,0000,EA,1,1,994.08,F,US00,4500000411,00010,994.08,X,FAID1800,0,0,OZ,5300000018,0.000,00000,EA,0,0,0,0,204,UTIL,FAID1800,EA,38.000,XI,0.00,26.16,994.08,12.000,1,1,06/19/2026,X,0,X,C,SAP,00/00/0000,00/00/0000,FL0000000,First Aid Kit,0.0,1,1,450000041100010,0.0,0,X,MI00,0.00
00/00/0000,0.000,0.000,0000130301,06/22/2026,00/00/0000,0000000000,0000,EA,1,1,835.45,F,US00,4500000412,00010,835.45,X,OHMT1800,0,0,OZ,5300000022,0.000,00000,EA,0,0,0,0,204,SFTY,OHMT1800,EA,31.000,XI,0.00,26.95,835.45,15.000,1,1,06/22/2026,X,0,X,C,SAP,00/00/0000,00/00/0000,FL0000000,Off Road Helmet,0.0,1,1,450000041200010,0.0,0,X,MI00,0.00
00/00/0000,0.000,0.000,0000130303,06/19/2026,00/00/0000,0000000000,0000,EA,1,1,491.70,F,US00,4500000413,00010,491.70,X,PUMP1800,0,0,OZ,5300000032,0.000,00000,EA,0,0,0,0,204,UTIL,PUMP1800,EA,22.000,XI,0.00,22.35,491.70,10.000,1,1,06/19/2026,X,0,X,C,SAP,00/00/0000,00/00/0000,FL0000000,Air Pump,0.0,1,1,450000041300010,0.0,0,X,MI00,0.00
00/00/0000,0.000,0.000,0000130308,06/22/2026,00/00/0000,0000000000,0000,EA,1,1,"2,009.04",F,US00,4500000414,00010,"2,009.04",X,RKIT1800,0,0,OZ,5300000013,0.000,00000,EA,0,0,0,0,204,UTIL,RKIT1800,EA,132.000,XI,0.00,15.22,"2,009.04",12.000,1,1,06/22/2026,X,0,X,C,SAP,00/00/0000,00/00/0000,FL0000000,Repair Kit,0.0,1,1,450000041400010,0.0,0,X,MI00,0.00
00/00/0000,0.000,0.000,0000130310,06/22/2026,00/00/0000,0000000000,0000,EA,1,1,"2,058.00",F,US00,4500000415,00010,"2,058.00",X,CAGE1800,0,0,OZ,5300000015,0.000,00000,EA,0,0,0,0,204,UTIL,CAGE1800,EA,200.000,XI,0.00,10.29,"2,058.00",8.000,1,1,06/22/2026,X,0,X,C,SAP,00/00/0000,00/00/0000,FL0000000,Water Bottle Cage,0.0,1,1,450000041500010,0.0,0,X,MI00,0.00
00/00/0000,0.000,0.000,0000130312,06/22/2026,00/00/0000,0000000000,0000,EA,1,1,"2,682.12",F,US00,4500000416,00010,"2,682.12",X,CHSP1800,0,0,OZ,5300000033,0.000,00000,EA,0,0,0,0,204,UTIL,CHSP1800,EA,93.000,XI,0.00,28.84,"2,682.12",0.000,1,6,06/22/2026,X,0,X,C,SAP,00/00/0000,00/00/0000,FL0000000,Chain Lock Security Pro 800,0.0,1,1,450000041600010,0.0,0,X,MI00,0.00
00/00/0000,0.000,0.000,0000130314,06/22/2026,00/00/0000,0000000000,0000,EA,1,1,856.38,F,US00,4500000417,00010,856.38,X,KPAD1800,0,0,OZ,5300000019,0.000,00000,EA,0,0,0,0,204,SFTY,KPAD1800,EA,21.000,XI,0.00,40.78,856.38,16.000,1,1,06/22/2026,X,0,X,C,SAP,00/00/0000,00/00/0000,FL0000000,Knee Pads,0.0,1,1,450000041700010,0.0,0,X,MI00,0.00
00/00/0000,0.000,0.000,0000130316,06/22/2026,00/00/0000,0000000000,0000,EA,1,1,"1,482.24",F,US00,4500000418,00010,"1,482.24",X,RKIT1800,0,0,OZ,5300000013,0.000,00000,EA,0,0,0,0,204,UTIL,RKIT1800,EA,96.000,XI,0.00,15.44,"1,482.24",12.000,1,1,06/22/2026,X,0,X,C,SAP,00/00/0000,00/00/0000,FL0000000,Repair Kit,0.0,1,1,450000041800010,0.0,0,X,MI00,0.00
00/00/0000,0.000,0.000,0000130318,06/22/2026,00/00/0000,0000000000,0000,EA,1,1,631.68,F,US00,4500000419,00010,631.68,X,PUMP1800,0,0,OZ,5300000023,0.000,00000,EA,0,0,0,0,204,UTIL,PUMP1800,EA,28.000,XI,0.00,22.56,631.68,10.000,1,1,06/22/2026,X,0,X,C,SAP,00/00/0000,00/00/0000,FL0000000,Air Pump,0.0,1,1,450000041900010,0.0,0,X,MI00,0.00
00/00/0000,0.000,0.000,0000130320,06/22/2026,00/00/0000,0000000000,0000,EA,1,1,641.76,F,US00,4500000420,00010,641.76,X,PUMP1800,0,0,OZ,5300000023,0.000,00000,EA,0,0,0,0,204,UTIL,PUMP1800,EA,28.000,XI,0.00,22.92,641.76,10.000,1,1,06/22/2026,X,0,X,C,SAP,00/00/0000,00/00/0000,FL0000000,Air Pump,0.0,1,1,450000042000010,0.0,0,X,MI00,0.00
00/00/0000,0.000,0.000,0000130322,06/22/2026,00/00/0000,0000000000,0000,EA,1,1,874.65,F,US00,4500000421,00010,874.65,X,CAGE1800,0,0,OZ,5300000021,0.000,00000,EA,0,0,0,0,204,UTIL,CAGE1800,EA,85.000,XI,0.00,10.29,874.65,8.000,1,1,06/22/2026,X,0,X,C,SAP,00/00/0000,00/00/0000,FL0000000,Water Bottle Cage,0.0,1,1,450000042100010,0.0,0,X,MI00,0.00
00/00/0000,0.000,0.000,0000130324,06/23/2026,00/00/0000,0000000000,0000,EA,1,1,"1,769.25",F,US00,4500000422,00010,"1,769.25",X,CAGE1800,0,0,OZ,5300000015,0.000,00000,EA,0,0,0,0,204,UTIL,CAGE1800,EA,175.000,XI,0.00,10.11,"1,769.25",8.000,1,1,06/23/2026,X,0,X,C,SAP,00/00/0000,00/00/0000,FL0000000,Water Bottle Cage,0.0,1,1,450000042200010,0.0,0,X,MI00,0.00
00/00/0000,0.000,0.000,0000130326,06/23/2026,00/00/0000,0000000000,0000,EA,1,1,809.10,F,US00,4500000423,00010,809.10,X,RHMT1800,0,0,OZ,5300000020,0.000,00000,EA,0,0,0,0,204,SFTY,RHMT1800,EA,30.000,XI,0.00,26.97,809.10,10.000,1,1,06/23/2026,X,0,X,C,SAP,00/00/0000,00/00/0000,FL0000000,Road Helmet,0.0,1,1,450000042300010,0.0,0,X,MI00,0.00
00/00/0000,0.000,0.000,0000130328,06/23/2026,00/00/0000,0000000000,0000,EA,1,1,"1,413.00",F,US00,4500000424,00010,"1,413.00",X,SHRT1800,0,0,OZ,5300000026,0.000,00000,EA,0,0,0,0,204,UTIL,SHRT1800,EA,100.000,XI,0.00,14.13,"1,413.00",16.000,1,1,06/23/2026,X,0,X,C,SAP,00/00/0000,00/00/0000,FL0000000,T-shirt,0.0,1,1,450000042400010,0.0,0,X,MI00,0.00
00/00/0000,0.000,0.000,0000130330,06/23/2026,00/00/0000,0000000000,0000,EA,1,1,"1,774.80",F,US00,4500000425,00010,"1,774.80",X,RKIT1800,0,0,OZ,5300000030,0.000,00000,EA,0,0,0,0,204,UTIL,RKIT1800,EA,116.000,XI,0.00,15.30,"1,774.80",12.000,1,1,06/23/2026,X,0,X,C,SAP,00/00/0000,00/00/0000,FL0000000,Repair Kit,0.0,1,1,450000042500010,0.0,0,X,MI00,0.00
00/00/0000,0.000,0.000,0000130332,06/23/2026,00/00/0000,0000000000,0000,EA,1,1,"2,587.50",F,US00,4500000426,00010,"2,587.50",X,BOTL1800,0,0,OZ,5300000014,0.000,00000,EA,0,0,0,0,204,UTIL,BOTL1800,EA,230.000,XI,0.00,11.25,"2,587.50",1.000,1,1,06/23/2026,X,0,X,C,SAP,00/00/0000,00/00/0000,FL0000000,Water Bottle,0.0,1,1,450000042600010,0.0,0,X,MI00,0.00
00/00/0000,0.000,0.000,0000130334,06/23/2026,00/00/0000,0000000000,0000,EA,1,1,"1,964.73",F,US00,4500000427,00010,"1,964.73",X,FAID1800,0,0,OZ,5300000031,0.000,00000,EA,0,0,0,0,204,UTIL,FAID1800,EA,79.000,XI,0.00,24.87,"1,964.73",12.000,1,1,06/23/2026,X,0,X,C,SAP,00/00/0000,00/00/0000,FL0000000,First Aid Kit,0.0,1,1,450000042700010,0.0,0,X,MI00,0.00
00/00/0000,0.000,0.000,0000130337,06/23/2026,00/00/0000,0000000000,0000,EA,1,1,811.89,F,US00,4500000428,00010,811.89,X,RHMT1800,0,0,OZ,5300000020,0.000,00000,EA,0,0,0,0,204,SFTY,RHMT1800,EA,31.000,XI,0.00,26.19,811.89,10.000,1,1,06/23/2026,X,0,X,C,SAP,00/00/0000,00/00/0000,FL0000000,Road Helmet,0.0,1,1,450000042800010,0.0,0,X,MI00,0.00
00/00/0000,0.000,0.000,0000130338,06/23/2026,00/00/0000,0000000000,0000,EA,1,1,792.28,F,US00,4500000429,00010,792.28,X,OHMT1800,0,0,OZ,5300000036,0.000,00000,EA,0,0,0,0,204,SFTY,OHMT1800,EA,29.000,XI,0.00,27.32,792.28,15.000,1,1,06/23/2026,X,0,X,C,SAP,00/00/0000,00/00/0000,FL0000000,Off Road Helmet,0.0,1,1,450000042900010,0.0,0,X,MI00,0.00
00/00/0000,0.000,0.000,0000130340,06/23/2026,00/00/0000,0000000000,0000,EA,1,1,"2,826.06",F,US00,4500000430,00010,"2,826.06",X,FAID1800,0,0,OZ,5300000018,0.000,00000,EA,0,0,0,0,204,UTIL,FAID1800,EA,111.000,XI,0.00,25.46,"2,826.06",12.000,1,1,06/23/2026,X,0,X,C,SAP,00/00/0000,00/00/0000,FL0000000,First Aid Kit,0.0,1,1,450000043000010,0.0,0,X,MI00,0.00
00/00/0000,0.000,0.000,0000130342,06/23/2026,00/00/0000,0000000000,0000,EA,1,1,"1,815.00",F,US00,4500000431,00010,"1,815.00",X,BOTL1800,0,0,OZ,5300000034,0.000,00000,EA,0,0,0,0,204,UTIL,BOTL1800,EA,165.000,XI,0.00,11.00,"1,815.00",1.000,1,1,06/23/2026,X,0,X,C,SAP,00/00/0000,00/00/0000,FL0000000,Water Bottle,0.0,1,1,450000043100010,0.0,0,X,MI00,0.00
00/00/0000,0.000,0.000,0000130344,06/23/2026,00/00/0000,0000000000,0000,EA,1,1,956.80,F,US00,4500000432,00010,956.80,X,RKIT1800,0,0,OZ,5300000030,0.000,00000,EA,0,0,0,0,204,UTIL,RKIT1800,EA,64.000,XI,0.00,14.95,956.80,12.000,1,1,06/23/2026,X,0,X,C,SAP,00/00/0000,00/00/0000,FL0000000,Repair Kit,0.0,1,1,450000043200010,0.0,0,X,MI00,0.00
00/00/0000,0.000,0.000,0000130346,06/24/2026,00/00/0000,0000000000,0000,EA,1,1,"2,095.10",F,US00,4500000433,00010,"2,095.10",X,CAGE1800,0,0,OZ,5300000021,0.000,00000,EA,0,0,0,0,204,UTIL,CAGE1800,EA,205.000,XI,0.00,10.22,"2,095.10",8.000,1,1,06/24/2026,X,0,X,C,SAP,00/00/0000,00/00/0000,FL0000000,Water Bottle Cage,0.0,1,1,450000043300010,0.0,0,X,MI00,0.00
00/00/0000,0.000,0.000,0000130349,06/24/2026,00/00/0000,0000000000,0000,EA,1,1,"1,444.80",F,US00,4500000434,00010,"1,444.80",X,CAGE1800,0,0,OZ,5300000015,0.000,00000,EA,0,0,0,0,204,UTIL,CAGE1800,EA,140.000,XI,0.00,10.32,"1,444.80",8.000,1,1,06/24/2026,X,0,X,C,SAP,00/00/0000,00/00/0000,FL0000000,Water Bottle Cage,0.0,1,1,450000043400010,0.0,0,X,MI00,0.00
00/00/0000,0.000,0.000,0000130350,06/24/2026,00/00/0000,0000000000,0000,EA,1,1,829.60,F,US00,4500000435,00010,829.60,X,KPAD1800,0,0,OZ,5300000025,0.000,00000,EA,0,0,0,0,204,SFTY,KPAD1800,EA,20.000,XI,0.00,41.48,829.60,16.000,1,1,06/24/2026,X,0,X,C,SAP,00/00/0000,00/00/0000,FL0000000,Knee Pads,0.0,1,1,450000043500010,0.0,0,X,MI00,0.00
00/00/0000,0.000,0.000,0000130352,06/24/2026,00/00/0000,0000000000,0000,EA,1,1,755.64,F,US00,4500000436,00010,755.64,X,EPAD1800,0,0,OZ,5300000017,0.000,00000,EA,0,0,0,0,204,SFTY,EPAD1800,EA,18.000,XI,0.00,41.98,755.64,32.000,1,1,06/24/2026,X,0,X,C,SAP,00/00/0000,00/00/0000,FL0000000,Elbow Pads,0.0,1,1,450000043600010,0.0,0,X,MI00,0.00
00/00/0000,0.000,0.000,0000130354,06/24/2026,00/00/0000,0000000000,0000,EA,1,1,"3,171.25",F,US00,4500000437,00010,"3,171.25",X,FAID1800,0,0,OZ,5300000031,0.000,00000,EA,0,0,0,0,204,UTIL,FAID1800,EA,125.000,XI,0.00,25.37,"3,171.25",12.000,1,1,06/24/2026,X,0,X,C,SAP,00/00/0000,00/00/0000,FL0000000,First Aid Kit,0.0,1,1,450000043700010,0.0,0,X,MI00,0.00
00/00/0000,0.000,0.000,0000130356,06/24/2026,00/00/0000,0000000000,0000,EA,1,1,"2,071.49",F,US00,4500000438,00010,"2,071.49",X,CHLK1800,0,0,OZ,5300000029,0.000,00000,EA,0,0,0,0,204,UTIL,CHLK1800,EA,59.000,XI,0.00,35.11,"2,071.49",0.000,1,6,06/24/2026,X,0,X,C,SAP,00/00/0000,00/00/0000,FL0000000,Chain Lock 800,0.0,1,1,450000043800010,0.0,0,X,MI00,0.00
00/00/0000,0.000,0.000,0000130358,06/24/2026,00/00/0000,0000000000,0000,EA,1,1,"2,745.60",F,US00,4500000439,00010,"2,745.60",X,BOTL1800,0,0,OZ,5300000034,0.000,00000,EA,0,0,0,0,204,UTIL,BOTL1800,EA,240.000,XI,0.00,11.44,"2,745.60",1.000,1,1,06/24/2026,X,0,X,C,SAP,00/00/0000,00/00/0000,FL0000000,Water Bottle,0.0,1,1,450000043900010,0.0,0,X,MI00,0.00
00/00/0000,0.000,0.000,0000130360,06/24/2026,00/00/0000,0000000000,0000,EA,1,1,683.23,F,US00,4500000440,00010,683.23,X,EPAD1800,0,0,OZ,5300000028,0.000,00000,EA,0,0,0,0,204,SFTY,EPAD1800,EA,17.000,XI,0.00,40.19,683.23,32.000,1,1,06/24/2026,X,0,X,C,SAP,00/00/0000,00/00/0000,FL0000000,Elbow Pads,0.0,1,1,450000044000010,0.0,0,X,MI00,0.00
00/00/0000,0.000,0.000,0000130362,06/25/2026,00/00/0000,0000000000,0000,EA,1,1,"1,542.25",F,US00,4500000441,00010,"1,542.25",X,CAGE1800,0,0,OZ,5300000021,0.000,00000,EA,0,0,0,0,204,UTIL,CAGE1800,EA,155.000,XI,0.00,9.95,"1,542.25",8.000,1,1,06/25/2026,X,0,X,C,SAP,00/00/0000,00/00/0000,FL0000000,Water Bottle Cage,0.0,1,1,450000044100010,0.0,0,X,MI00,0.00
00/00/0000,0.000,0.000,0000130365,06/25/2026,00/00/0000,0000000000,0000,EA,1,1,"1,588.08",F,US00,4500000442,00010,"1,588.08",X,RKIT1800,0,0,OZ,5300000013,0.000,00000,EA,0,0,0,0,204,UTIL,RKIT1800,EA,104.000,XI,0.00,15.27,"1,588.08",12.000,1,1,06/25/2026,X,0,X,C,SAP,00/00/0000,00/00/0000,FL0000000,Repair Kit,0.0,1,1,450000044200010,0.0,0,X,MI00,0.00
00/00/0000,0.000,0.000,0000130367,06/25/2026,00/00/0000,0000000000,0000,EA,1,1,"2,637.00",F,US00,4500000443,00010,"2,637.00",X,SHRT1800,0,0,OZ,5300000016,0.000,00000,EA,0,0,0,0,204,UTIL,SHRT1800,EA,180.000,XI,0.00,14.65,"2,637.00",16.000,1,1,06/25/2026,X,0,X,C,SAP,00/00/0000,00/00/0000,FL0000000,T-shirt,0.0,1,1,450000044300010,0.0,0,X,MI00,0.00
00/00/0000,0.000,0.000,0000130369,06/25/2026,00/00/0000,0000000000,0000,EA,1,1,"5,121.48",F,US00,4500000444,00010,"5,121.48",X,CHSP1800,0,0,OZ,5300000011,0.000,00000,EA,0,0,0,0,204,UTIL,CHSP1800,EA,182.000,XI,0.00,28.14,"5,121.48",0.000,1,6,06/25/2026,X,0,X,C,SAP,00/00/0000,00/00/0000,FL0000000,Chain Lock Security Pro 800,0.0,1,1,450000044400010,0.0,0,X,MI00,0.00
00/00/0000,0.000,0.000,0000130371,06/25/2026,00/00/0000,0000000000,0000,EA,1,1,"3,179.00",F,US00,4500000445,00010,"3,179.00",X,SHRT1800,0,0,OZ,5300000016,0.000,00000,EA,0,0,0,0,204,UTIL,SHRT1800,EA,220.000,XI,0.00,14.45,"3,179.00",16.000,1,1,06/25/2026,X,0,X,C,SAP,00/00/0000,00/00/0000,FL0000000,T-shirt,0.0,1,1,450000044500010,0.0,0,X,MI00,0.00
00/00/0000,0.000,0.000,0000130373,06/25/2026,00/00/0000,0000000000,0000,EA,1,1,803.10,F,US00,4500000446,00010,803.10,X,OHMT1800,0,0,OZ,5300000022,0.000,00000,EA,0,0,0,0,204,SFTY,OHMT1800,EA,30.000,XI,0.00,26.77,803.10,15.000,1,1,06/25/2026,X,0,X,C,SAP,00/00/0000,00/00/0000,FL0000000,Off Road Helmet,0.0,1,1,450000044600010,0.0,0,X,MI00,0.00
00/00/0000,0.000,0.000,0000130375,06/25/2026,00/00/0000,0000000000,0000,EA,1,1,"3,148.20",F,US00,4500000447,00010,"3,148.20",X,SHRT1800,0,0,OZ,5300000026,0.000,00000,EA,0,0,0,0,204,UTIL,SHRT1800,EA,220.000,XI,0.00,14.31,"3,148.20",16.000,1,1,06/25/2026,X,0,X,C,SAP,00/00/0000,00/00/0000,FL0000000,T-shirt,0.0,1,1,450000044700010,0.0,0,X,MI00,0.00
00/00/0000,0.000,0.000,0000130377,06/25/2026,00/00/0000,0000000000,0000,EA,1,1,"1,376.34",F,US00,4500000448,00010,"1,376.34",X,RKIT1800,0,0,OZ,5300000013,0.000,00000,EA,0,0,0,0,204,UTIL,RKIT1800,EA,87.000,XI,0.00,15.82,"1,376.34",12.000,1,1,06/25/2026,X,0,X,C,SAP,00/00/0000,00/00/0000,FL0000000,Repair Kit,0.0,1,1,450000044800010,0.0,0,X,MI00,0.00
00/00/0000,0.000,0.000,0000130380,06/25/2026,00/00/0000,0000000000,0000,EA,1,1,875.82,F,US00,4500000449,00010,875.82,X,OHMT1800,0,0,OZ,5300000036,0.000,00000,EA,0,0,0,0,204,SFTY,OHMT1800,EA,33.000,XI,0.00,26.54,875.82,15.000,1,1,06/25/2026,X,0,X,C,SAP,00/00/0000,00/00/0000,FL0000000,Off Road Helmet,0.0,1,1,450000044900010,0.0,0,X,MI00,0.00
00/00/0000,0.000,0.000,0000130381,06/25/2026,00/00/0000,0000000000,0000,EA,1,1,"2,342.95",F,US00,4500000450,00010,"2,342.95",X,CAGE1800,0,0,OZ,5300000015,0.000,00000,EA,0,0,0,0,204,UTIL,CAGE1800,EA,235.000,XI,0.00,9.97,"2,342.95",8.000,1,1,06/25/2026,X,0,X,C,SAP,00/00/0000,00/00/0000,FL0000000,Water Bottle Cage,0.0,1,1,450000045000010,0.0,0,X,MI00,0.00
00/00/0000,0.000,0.000,0000130383,06/25/2026,00/00/0000,0000000000,0000,EA,1,1,637.28,F,US00,4500000451,00010,637.28,X,PUMP1800,0,0,OZ,5300000023,0.000,00000,EA,0,0,0,0,204,UTIL,PUMP1800,EA,28.000,XI,0.00,22.76,637.28,10.000,1,1,06/25/2026,X,0,X,C,SAP,00/00/0000,00/00/0000,FL0000000,Air Pump,0.0,1,1,450000045100010,0.0,0,X,MI00,0.00
00/00/0000,0.000,0.000,0000130385,06/25/2026,00/00/0000,0000000000,0000,EA,1,1,"2,439.80",F,US00,4500000452,00010,"2,439.80",X,BOTL1800,0,0,OZ,5300000014,0.000,00000,EA,0,0,0,0,204,UTIL,BOTL1800,EA,220.000,XI,0.00,11.09,"2,439.80",1.000,1,1,06/25/2026,X,0,X,C,SAP,00/00/0000,00/00/0000,FL0000000,Water Bottle,0.0,1,1,450000045200010,0.0,0,X,MI00,0.00
00/00/0000,0.000,0.000,0000130387,06/25/2026,00/00/0000,0000000000,0000,EA,1,1,"2,688.00",F,US00,4500000453,00010,"2,688.00",X,BOTL1800,0,0,OZ,5300000014,0.000,00000,EA,0,0,0,0,204,UTIL,BOTL1800,EA,240.000,XI,0.00,11.20,"2,688.00",1.000,1,1,06/25/2026,X,0,X,C,SAP,00/00/0000,00/00/0000,FL0000000,Water Bottle,0.0,1,1,450000045300010,0.0,0,X,MI00,0.00
00/00/0000,0.000,0.000,0000130389,06/26/2026,00/00/0000,0000000000,0000,EA,1,1,"2,446.40",F,US00,4500000454,00010,"2,446.40",X,BOTL1800,0,0,OZ,5300000034,0.000,00000,EA,0,0,0,0,204,UTIL,BOTL1800,EA,220.000,XI,0.00,11.12,"2,446.40",1.000,1,1,06/26/2026,X,0,X,C,SAP,00/00/0000,00/00/0000,FL0000000,Water Bottle,0.0,1,1,450000045400010,0.0,0,X,MI00,0.00
00/00/0000,0.000,0.000,0000130391,06/26/2026,00/00/0000,0000000000,0000,EA,1,1,"2,562.20",F,US00,4500000455,00010,"2,562.20",X,BOTL1800,0,0,OZ,5300000034,0.000,00000,EA,0,0,0,0,204,UTIL,BOTL1800,EA,230.000,XI,0.00,11.14,"2,562.20",1.000,1,1,06/26/2026,X,0,X,C,SAP,00/00/0000,00/00/0000,FL0000000,Water Bottle,0.0,1,1,450000045500010,0.0,0,X,MI00,0.00
00/00/0000,0.000,0.000,0000130393,06/26/2026,00/00/0000,0000000000,0000,EA,1,1,"2,064.60",F,US00,4500000456,00010,"2,064.60",X,BOTL1800,0,0,OZ,5300000034,0.000,00000,EA,0,0,0,0,204,UTIL,BOTL1800,EA,180.000,XI,0.00,11.47,"2,064.60",1.000,1,1,06/26/2026,X,0,X,C,SAP,00/00/0000,00/00/0000,FL0000000,Water Bottle,0.0,1,1,450000045600010,0.0,0,X,MI00,0.00
00/00/0000,0.000,0.000,0000130395,06/26/2026,00/00/0000,0000000000,0000,EA,1,1,879.55,F,US00,4500000457,00010,879.55,X,FAID1800,0,0,OZ,5300000018,0.000,00000,EA,0,0,0,0,204,UTIL,FAID1800,EA,35.000,XI,0.00,25.13,879.55,12.000,1,1,06/26/2026,X,0,X,C,SAP,00/00/0000,00/00/0000,FL0000000,First Aid Kit,0.0,1,1,450000045700010,0.0,0,X,MI00,0.00
00/00/0000,0.000,0.000,0000130397,06/26/2026,00/00/0000,0000000000,0000,EA,1,1,"1,510.90",F,US00,4500000458,00010,"1,510.90",X,CAGE1800,0,0,OZ,5300000015,0.000,00000,EA,0,0,0,0,204,UTIL,CAGE1800,EA,145.000,XI,0.00,10.42,"1,510.90",8.000,1,1,06/26/2026,X,0,X,C,SAP,00/00/0000,00/00/0000,FL0000000,Water Bottle Cage,0.0,1,1,450000045800010,0.0,0,X,MI00,0.00
00/00/0000,0.000,0.000,0000130399,06/26/2026,00/00/0000,0000000000,0000,EA,1,1,"3,299.52",F,US00,4500000459,00010,"3,299.52",X,CHSP1800,0,0,OZ,5300000011,0.000,00000,EA,0,0,0,0,204,UTIL,CHSP1800,EA,112.000,XI,0.00,29.46,"3,299.52",0.000,1,6,06/26/2026,X,0,X,C,SAP,00/00/0000,00/00/0000,FL0000000,Chain Lock Security Pro 800,0.0,1,1,450000045900010,0.0,0,X,MI00,0.00
00/00/0000,0.000,0.000,0000130402,06/29/2026,00/00/0000,0000000000,0000,EA,1,1,"2,551.50",F,US00,4500000460,00010,"2,551.50",X,RKIT1800,0,0,OZ,5300000030,0.000,00000,EA,0,0,0,0,204,UTIL,RKIT1800,EA,162.000,XI,0.00,15.75,"2,551.50",12.000,1,1,06/29/2026,X,0,X,C,SAP,00/00/0000,00/00/0000,FL0000000,Repair Kit,0.0,1,1,450000046000010,0.0,0,X,MI00,0.00
00/00/0000,0.000,0.000,0000130403,06/29/2026,00/00/0000,0000000000,0000,EA,1,1,604.26,F,US00,4500000461,00010,604.26,X,PUMP1800,0,0,OZ,5300000032,0.000,00000,EA,0,0,0,0,204,UTIL,PUMP1800,EA,27.000,XI,0.00,22.38,604.26,10.000,1,1,06/29/2026,X,0,X,C,SAP,00/00/0000,00/00/0000,FL0000000,Air Pump,0.0,1,1,450000046100010,0.0,0,X,MI00,0.00
00/00/0000,0.000,0.000,0000130405,06/29/2026,00/00/0000,0000000000,0000,EA,1,1,"2,094.73",F,US00,4500000462,00010,"2,094.73",X,RKIT1800,0,0,OZ,5300000030,0.000,00000,EA,0,0,0,0,204,UTIL,RKIT1800,EA,137.000,XI,0.00,15.29,"2,094.73",12.000,1,1,06/29/2026,X,0,X,C,SAP,00/00/0000,00/00/0000,FL0000000,Repair Kit,0.0,1,1,450000046200010,0.0,0,X,MI00,0.00
00/00/0000,0.000,0.000,0000130407,06/29/2026,00/00/0000,0000000000,0000,EA,1,1,"1,462.50",F,US00,4500000463,00010,"1,462.50",X,BOTL1800,0,0,OZ,5300000014,0.000,00000,EA,0,0,0,0,204,UTIL,BOTL1800,EA,130.000,XI,0.00,11.25,"1,462.50",1.000,1,1,06/29/2026,X,0,X,C,SAP,00/00/0000,00/00/0000,FL0000000,Water Bottle,0.0,1,1,450000046300010,0.0,0,X,MI00,0.00
00/00/0000,0.000,0.000,0000130410,06/29/2026,00/00/0000,0000000000,0000,EA,1,1,"2,604.00",F,US00,4500000464,00010,"2,604.00",X,RKIT1800,0,0,OZ,5300000030,0.000,00000,EA,0,0,0,0,204,UTIL,RKIT1800,EA,168.000,XI,0.00,15.50,"2,604.00",12.000,1,1,06/29/2026,X,0,X,C,SAP,00/00/0000,00/00/0000,FL0000000,Repair Kit,0.0,1,1,450000046400010,0.0,0,X,MI00,0.00
00/00/0000,0.000,0.000,0000130412,06/29/2026,00/00/0000,0000000000,0000,EA,1,1,"5,202.03",F,US00,4500000465,00010,"5,202.03",X,CHSP1800,0,0,OZ,5300000011,0.000,00000,EA,0,0,0,0,204,UTIL,CHSP1800,EA,177.000,XI,0.00,29.39,"5,202.03",0.000,1,6,06/29/2026,X,0,X,C,SAP,00/00/0000,00/00/0000,FL0000000,Chain Lock Security Pro 800,0.0,1,1,450000046500010,0.0,0,X,MI00,0.00
00/00/0000,0.000,0.000,0000130414,06/29/2026,00/00/0000,0000000000,0000,EA,1,1,795.34,F,US00,4500000466,00010,795.34,X,EPAD1800,0,0,OZ,5300000028,0.000,00000,EA,0,0,0,0,204,SFTY,EPAD1800,EA,19.000,XI,0.00,41.86,795.34,32.000,1,1,06/29/2026,X,0,X,C,SAP,00/00/0000,00/00/0000,FL0000000,Elbow Pads,0.0,1,1,450000046600010,0.0,0,X,MI00,0.00
00/00/0000,0.000,0.000,0000130416,06/29/2026,00/00/0000,0000000000,0000,EA,1,1,510.84,F,US00,4500000467,00010,510.84,X,PUMP1800,0,0,OZ,5300000032,0.000,00000,EA,0,0,0,0,204,UTIL,PUMP1800,EA,22.000,XI,0.00,23.22,510.84,10.000,1,1,06/29/2026,X,0,X,C,SAP,00/00/0000,00/00/0000,FL0000000,Air Pump,0.0,1,1,450000046700010,0.0,0,X,MI00,0.00
00/00/0000,0.000,0.000,0000130418,06/29/2026,00/00/0000,0000000000,0000,EA,1,1,"1,178.25",F,US00,4500000468,00010,"1,178.25",X,RKIT1800,0,0,OZ,5300000030,0.000,00000,EA,0,0,0,0,204,UTIL,RKIT1800,EA,75.000,XI,0.00,15.71,"1,178.25",12.000,1,1,06/29/2026,X,0,X,C,SAP,00/00/0000,00/00/0000,FL0000000,Repair Kit,0.0,1,1,450000046800010,0.0,0,X,MI00,0.00
00/00/0000,0.000,0.000,0000130420,06/29/2026,00/00/0000,0000000000,0000,EA,1,1,873.81,F,US00,4500000469,00010,873.81,X,EPAD1800,0,0,OZ,5300000017,0.000,00000,EA,0,0,0,0,204,SFTY,EPAD1800,EA,21.000,XI,0.00,41.61,873.81,32.000,1,1,06/29/2026,X,0,X,C,SAP,00/00/0000,00/00/0000,FL0000000,Elbow Pads,0.0,1,1,450000046900010,0.0,0,X,MI00,0.00
00/00/0000,0.000,0.000,0000130422,06/30/2026,00/00/0000,0000000000,0000,EA,1,1,"2,187.36",F,US00,4500000470,00010,"2,187.36",X,CHLK1800,0,0,OZ,5300000012,0.000,00000,EA,0,0,0,0,204,UTIL,CHLK1800,EA,62.000,XI,0.00,35.28,"2,187.36",0.000,1,6,06/30/2026,X,0,X,C,SAP,00/00/0000,00/00/0000,FL0000000,Chain Lock 800,0.0,1,1,450000047000010,0.0,0,X,MI00,0.00
00/00/0000,0.000,0.000,0000130424,06/30/2026,00/00/0000,0000000000,0000,EA,1,1,965.76,F,US00,4500000471,00010,965.76,X,KPAD1800,0,0,OZ,5300000019,0.000,00000,EA,0,0,0,0,204,SFTY,KPAD1800,EA,24.000,XI,0.00,40.24,965.76,16.000,1,1,06/30/2026,X,0,X,C,SAP,00/00/0000,00/00/0000,FL0000000,Knee Pads,0.0,1,1,450000047100010,0.0,0,X,MI00,0.00
00/00/0000,0.000,0.000,0000130426,06/30/2026,00/00/0000,0000000000,0000,EA,1,1,554.40,F,US00,4500000472,00010,554.40,X,PUMP1800,0,0,OZ,5300000032,0.000,00000,EA,0,0,0,0,204,UTIL,PUMP1800,EA,24.000,XI,0.00,23.10,554.40,10.000,1,1,06/30/2026,X,0,X,C,SAP,00/00/0000,00/00/0000,FL0000000,Air Pump,0.0,1,1,450000047200010,0.0,0,X,MI00,0.00
00/00/0000,0.000,0.000,0000130428,06/30/2026,00/00/0000,0000000000,0000,EA,1,1,"1,629.05",F,US00,4500000473,00010,"1,629.05",X,CAGE1800,0,0,OZ,5300000015,0.000,00000,EA,0,0,0,0,204,UTIL,CAGE1800,EA,155.000,XI,0.00,10.51,"1,629.05",8.000,1,1,06/30/2026,X,0,X,C,SAP,00/00/0000,00/00/0000,FL0000000,Water Bottle Cage,0.0,1,1,450000047300010,0.0,0,X,MI00,0.00
00/00/0000,0.000,0.000,0000130431,06/30/2026,00/00/0000,0000000000,0000,EA,1,1,"1,627.50",F,US00,4500000474,00010,"1,627.50",X,CAGE1800,0,0,OZ,5300000021,0.000,00000,EA,0,0,0,0,204,UTIL,CAGE1800,EA,155.000,XI,0.00,10.50,"1,627.50",8.000,1,1,06/30/2026,X,0,X,C,SAP,00/00/0000,00/00/0000,FL0000000,Water Bottle Cage,0.0,1,1,450000047400010,0.0,0,X,MI00,0.00
00/00/0000,0.000,0.000,0000130432,06/30/2026,00/00/0000,0000000000,0000,EA,1,1,"6,760.08",F,US00,4500000475,00010,"6,760.08",X,CHSP1800,0,0,OZ,5300000033,0.000,00000,EA,0,0,0,0,204,UTIL,CHSP1800,EA,229.000,XI,0.00,29.52,"6,760.08",0.000,1,6,06/30/2026,X,0,X,C,SAP,00/00/0000,00/00/0000,FL0000000,Chain Lock Security Pro 800,0.0,1,1,450000047500010,0.0,0,X,MI00,0.00
00/00/0000,0.000,0.000,0000130434,06/30/2026,00/00/0000,0000000000,0000,EA,1,1,551.04,F,US00,4500000476,00010,551.04,X,PUMP1800,0,0,OZ,5300000032,0.000,00000,EA,0,0,0,0,204,UTIL,PUMP1800,EA,24.000,XI,0.00,22.96,551.04,10.000,1,1,06/30/2026,X,0,X,C,SAP,00/00/0000,00/00/0000,FL0000000,Air Pump,0.0,1,1,450000047600010,0.0,0,X,MI00,0.00
00/00/0000,0.000,0.000,0000130436,06/30/2026,00/00/0000,0000000000,0000,EA,1,1,656.60,F,US00,4500000477,00010,656.60,X,PUMP1800,0,0,OZ,5300000032,0.000,00000,EA,0,0,0,0,204,UTIL,PUMP1800,EA,28.000,XI,0.00,23.45,656.60,10.000,1,1,06/30/2026,X,0,X,C,SAP,00/00/0000,00/00/0000,FL0000000,Air Pump,0.0,1,1,450000047700010,0.0,0,X,MI00,0.00
00/00/0000,0.000,0.000,0000130438,06/30/2026,00/00/0000,0000000000,0000,EA,1,1,697.00,F,US00,4500000478,00010,697.00,X,KPAD1800,0,0,OZ,5300000019,0.000,00000,EA,0,0,0,0,204,SFTY,KPAD1800,EA,17.000,XI,0.00,41.00,697.00,16.000,1,1,06/30/2026,X,0,X,C,SAP,00/00/0000,00/00/0000,FL0000000,Knee Pads,0.0,1,1,450000047800010,0.0,0,X,MI00,0.00
00/00/0000,0.000,0.000,0000130440,06/30/2026,00/00/0000,0000000000,0000,EA,1,1,904.86,F,US00,4500000479,00010,904.86,X,RHMT1800,0,0,OZ,5300000024,0.000,00000,EA,0,0,0,0,204,SFTY,RHMT1800,EA,33.000,XI,0.00,27.42,904.86,10.000,1,1,06/30/2026,X,0,X,C,SAP,00/00/0000,00/00/0000,FL0000000,Road Helmet,0.0,1,1,450000047900010,0.0,0,X,MI00,0.00
00/00/0000,0.000,0.000,0000130441,06/30/2026,00/00/0000,0000000000,0000,EA,1,1,"1,358.80",F,US00,4500000480,00010,"1,358.80",X,RKIT1800,0,0,OZ,5300000013,0.000,00000,EA,0,0,0,0,204,UTIL,RKIT1800,EA,86.000,XI,0.00,15.80,"1,358.80",12.000,1,1,06/30/2026,X,0,X,C,SAP,00/00/0000,00/00/0000,FL0000000,Repair Kit,0.0,1,1,450000048000010,0.0,0,X,MI00,0.00
00/00/0000,0.000,0.000,0000130442,06/30/2026,00/00/0000,0000000000,0000,EA,1,1,"2,277.00",F,US00,4500000481,00010,"2,277.00",X,CAGE1800,0,0,OZ,5300000021,0.000,00000,EA,0,0,0,0,204,UTIL,CAGE1800,EA,220.000,XI,0.00,10.35,"2,277.00",8.000,1,1,06/30/2026,X,0,X,C,SAP,00/00/0000,00/00/0000,FL0000000,Water Bottle Cage,0.0,1,1,450000048100010,0.0,0,X,MI00,0.00
00/00/0000,0.000,0.000,0000130443,07/01/2026,00/00/0000,0000000000,0000,EA,1,1,942.31,F,US00,4500000482,00010,942.31,X,KPAD1800,0,0,OZ,5300000019,0.000,00000,EA,0,0,0,0,204,SFTY,KPAD1800,EA,23.000,XI,0.00,40.97,942.31,16.000,1,1,07/01/2026,X,0,X,C,SAP,00/00/0000,00/00/0000,FL0000000,Knee Pads,0.0,1,1,450000048200010,0.0,0,X,MI00,0.00
00/00/0000,0.000,0.000,0000130444,07/01/2026,00/00/0000,0000000000,0000,EA,1,1,730.51,F,US00,4500000483,00010,730.51,X,FAID1800,0,0,OZ,5300000018,0.000,00000,EA,0,0,0,0,204,UTIL,FAID1800,EA,29.000,XI,0.00,25.19,730.51,12.000,1,1,07/01/2026,X,0,X,C,SAP,00/00/0000,00/00/0000,FL0000000,First Aid Kit,0.0,1,1,450000048300010,0.0,0,X,MI00,0.00
00/00/0000,0.000,0.000,0000130445,07/01/2026,00/00/0000,0000000000,0000,EA,1,1,809.60,F,US00,4500000484,00010,809.60,X,EPAD1800,0,0,OZ,5300000017,0.000,00000,EA,0,0,0,0,204,SFTY,EPAD1800,EA,20.000,XI,0.00,40.48,809.60,32.000,1,1,07/01/2026,X,0,X,C,SAP,00/00/0000,00/00/0000,FL0000000,Elbow Pads,0.0,1,1,450000048400010,0.0,0,X,MI00,0.00
