BNBTR,BPMNG,BPRME,BUALT,BUKRS,BUZEI,BUZUM,BWART,BWLVS,DMBTR,DMBUM,EBELN,EBELP,ELIKZ,ERFME,ERFMG,GJAHR,GSBER,INSMK,KDEIN,KDPOS,KOKRS,KOSTL,KZBEW,KZSTR,LFBJA,LFPOS,LGORT,LIFNR,LINE_DEPTH,LINE_ID,MAA_URZEI,MANDT,MATNR,MBLNR,MEINS,MENGE,MJAHR,PALAN,PARENT_ID,PARGB,PBAMG,RSNUM,RSPOS,SGTXT,SHKZG,SJAHR,SMBLP,TBNUM,TBPOS,WAERS,WERKS,ZEILE
0.00,71.000,EA,0.00,US00,000,000,101,000,"1,847.42",0.00,4500000275,00010,X,EA,71.000,2026,BI00,,0000,000000,NA00,,B,2,0000,0000,TG00,0000107800,00,000001,0000,204,RHMT1800,5000000242,EA,71.000,2026,0,000000,BI00,0.000,0000000000,0000,,S,0000,0000,0000000000,0000,USD,MI00,0001
0.00,15.200,EA,0.00,US00,000,000,101,000,616.06,0.00,4500000276,00010,,EA,15.200,2026,BI00,,0000,000000,NA00,,B,2,0000,0000,TG00,0000101800,00,000001,0000,204,KPAD1800,5000000243,EA,15.200,2026,0,000000,BI00,0.000,0000000000,0000,,S,0000,0000,0000000000,0000,USD,MI00,0001
0.00,3.800,EA,0.00,US00,000,000,101,000,154.01,0.00,4500000276,00010,X,EA,3.800,2026,BI00,X,0000,000000,NA00,,B,2,0000,0000,TG00,0000101800,00,000002,0000,204,KPAD1800,5000000243,EA,3.800,2026,0,000000,BI00,0.000,0000000000,0000,,S,0000,0000,0000000000,0000,USD,MI00,0002
0.00,31.000,EA,0.00,US00,000,000,101,000,768.18,0.00,4500000277,00010,X,EA,31.000,2026,BI00,,0000,000000,NA00,,B,2,0000,0000,TG00,0000112800,00,000001,0000,204,FAID1800,5000000244,EA,31.000,2026,0,000000,BI00,0.000,0000000000,0000,,S,0000,0000,0000000000,0000,USD,MI00,0001
0.00,99.000,EA,0.00,US00,000,000,101,000,"2,825.46",0.00,4500000278,00010,X,EA,99.000,2026,BI00,,0000,000000,NA00,,B,2,0000,0000,TG00,0001003070,00,000001,0000,204,CHSP1800,5000000245,EA,99.000,2026,0,000000,BI00,0.000,0000000000,0000,,S,0000,0000,0000000000,0000,USD,MI00,0001
0.00,230.000,EA,0.00,US00,000,000,101,000,"2,467.90",0.00,4500000279,00010,X,EA,230.000,2026,BI00,,0000,000000,NA00,,B,2,0000,0000,TG00,0000107800,00,000001,0000,204,BOTL1800,5000000246,EA,230.000,2026,0,000000,BI00,0.000,0000000000,0000,,S,0000,0000,0000000000,0000,USD,MI00,0001
0.00,40.000,EA,0.00,US00,000,000,101,000,"1,029.60",0.00,4500000280,00010,X,EA,40.000,2026,BI00,,0000,000000,NA00,,B,2,0000,0000,TG00,0000112800,00,000001,0000,204,FAID1800,5000000247,EA,40.000,2026,0,000000,BI00,0.000,0000000000,0000,,S,0000,0000,0000000000,0000,USD,MI00,0001
0.00,61.000,EA,0.00,US00,000,000,101,000,"2,087.42",0.00,4500000285,00010,X,EA,61.000,2026,BI00,,0000,000000,NA00,,B,2,0000,0000,TG00,0000103800,00,000001,0000,204,CHLK1800,5000000248,EA,61.000,2026,0,000000,BI00,0.000,0000000000,0000,,S,0000,0000,0000000000,0000,USD,MI00,0001
0.00,130.000,EA,0.00,US00,000,000,101,000,"1,814.80",0.00,4500000286,00010,X,EA,130.000,2026,BI00,,0000,000000,NA00,,B,2,0000,0000,TG00,0000110800,00,000001,0000,204,SHRT1800,5000000249,EA,130.000,2026,0,000000,BI00,0.000,0000000000,0000,,S,0000,0000,0000000000,0000,USD,MI00,0001
0.00,176.000,EA,0.00,US00,000,000,101,000,"2,687.52",0.00,4500000287,00010,X,EA,176.000,2026,BI00,,0000,000000,NA00,,B,2,0000,0000,TG00,0000112800,00,000001,0000,204,RKIT1800,5000000250,EA,176.000,2026,0,000000,BI00,0.000,0000000000,0000,,S,0000,0000,0000000000,0000,USD,MI00,0001
0.00,225.000,EA,0.00,US00,000,000,101,000,"2,481.75",0.00,4500000288,00010,X,EA,225.000,2026,BI00,,0000,000000,NA00,,B,2,0000,0000,TG00,0000110800,00,000001,0000,204,BOTL1800,5000000251,EA,225.000,2026,0,000000,BI00,0.000,0000000000,0000,,S,0000,0000,0000000000,0000,USD,MI00,0001
0.00,57.000,EA,0.00,US00,000,000,101,000,"1,926.03",0.00,4500000281,00010,X,EA,57.000,2026,BI00,,0000,000000,NA00,,B,2,0000,0000,TG00,0000103800,00,000001,0000,204,CHLK1800,5000000252,EA,57.000,2026,0,000000,BI00,0.000,0000000000,0000,,S,0000,0000,0000000000,0000,USD,MI00,0001
0.00,215.000,EA,0.00,US00,000,000,101,000,"2,425.20",0.00,4500000282,00010,X,EA,215.000,2026,BI00,,0000,000000,NA00,,B,2,0000,0000,TG00,0000107800,00,000001,0000,204,BOTL1800,5000000253,EA,215.000,2026,0,000000,BI00,0.000,0000000000,0000,,S,0000,0000,0000000000,0000,USD,MI00,0001
0.00,64.000,EA,0.00,US00,000,000,101,000,"2,151.04",0.00,4500000289,00010,X,EA,64.000,2026,BI00,,0000,000000,NA00,,B,2,0000,0000,TG00,0001003070,00,000001,0000,204,CHLK1800,5000000254,EA,64.000,2026,0,000000,BI00,0.000,0000000000,0000,,S,0000,0000,0000000000,0000,USD,MI00,0001
0.00,19.000,EA,0.00,US00,000,000,101,000,770.45,0.00,4500000290,00010,X,EA,19.000,2026,BI00,,0000,000000,NA00,,B,2,0000,0000,TG00,0000101800,00,000001,0000,204,EPAD1800,5000000255,EA,19.000,2026,0,000000,BI00,0.000,0000000000,0000,,S,0000,0000,0000000000,0000,USD,MI00,0001
0.00,215.000,EA,0.00,US00,000,000,101,000,"2,399.40",0.00,4500000291,00010,X,EA,215.000,2026,BI00,,0000,000000,NA00,,B,2,0000,0000,TG00,0000107800,00,000001,0000,204,BOTL1800,5000000256,EA,215.000,2026,0,000000,BI00,0.000,0000000000,0000,,S,0000,0000,0000000000,0000,USD,MI00,0001
0.00,220.000,EA,0.00,US00,000,000,101,000,"2,459.60",0.00,4500000295,00010,X,EA,220.000,2026,BI00,,0000,000000,NA00,,B,2,0000,0000,TG00,0000107800,00,000001,0000,204,BOTL1800,5000000257,EA,220.000,2026,0,000000,BI00,0.000,0000000000,0000,,S,0000,0000,0000000000,0000,USD,MI00,0001
0.00,195.000,EA,0.00,US00,000,000,101,000,"2,172.30",0.00,4500000296,00010,X,EA,195.000,2026,BI00,,0000,000000,NA00,,B,2,0000,0000,TG00,0000107800,00,000001,0000,204,BOTL1800,5000000258,EA,195.000,2026,0,000000,BI00,0.000,0000000000,0000,,S,0000,0000,0000000000,0000,USD,MI00,0001
0.00,95.000,EA,0.00,US00,000,000,101,000,"2,609.65",0.00,4500000297,00010,X,EA,95.000,2026,BI00,,0000,000000,NA00,,B,2,0000,0000,TG00,0001003070,00,000001,0000,204,CHSP1800,5000000259,EA,95.000,2026,0,000000,BI00,0.000,0000000000,0000,,S,0000,0000,0000000000,0000,USD,MI00,0001
0.00,21.000,EA,0.00,US00,000,000,101,000,847.35,0.00,4500000293,00010,X,EA,21.000,2026,BI00,,0000,000000,NA00,,B,2,0000,0000,TG00,0000103800,00,000001,0000,204,KPAD1800,5000000260,EA,21.000,2026,0,000000,BI00,0.000,0000000000,0000,,S,0000,0000,0000000000,0000,USD,MI00,0001
0.00,205.000,EA,0.00,US00,000,000,101,000,"2,195.55",0.00,4500000292,00010,X,EA,205.000,2026,BI00,,0000,000000,NA00,,B,2,0000,0000,TG00,0000107800,00,000001,0000,204,BOTL1800,5000000261,EA,205.000,2026,0,000000,BI00,0.000,0000000000,0000,,S,0000,0000,0000000000,0000,USD,MI00,0001
0.00,215.000,EA,0.00,US00,000,000,101,000,"2,210.20",0.00,4500000294,00010,X,EA,215.000,2026,BI00,,0000,000000,NA00,,B,2,0000,0000,TG00,0000106800,00,000001,0000,204,CAGE1800,5000000262,EA,215.000,2026,0,000000,BI00,0.000,0000000000,0000,,S,0000,0000,0000000000,0000,USD,MI00,0001
0.00,205.000,EA,0.00,US00,000,000,101,000,"2,956.10",0.00,4500000298,00010,X,EA,205.000,2026,BI00,,0000,000000,NA00,,B,2,0000,0000,TG00,0000109800,00,000001,0000,204,SHRT1800,5000000263,EA,205.000,2026,0,000000,BI00,0.000,0000000000,0000,,S,0000,0000,0000000000,0000,USD,MI00,0001
0.00,108.000,EA,0.00,US00,000,000,101,000,"4,323.24",0.00,4500000299,00010,X,EA,108.000,2026,BI00,,0000,000000,NA00,,B,2,0000,0000,TG00,0000103800,00,000001,0000,204,KPAD1800,5000000264,EA,108.000,2026,0,000000,BI00,0.000,0000000000,0000,,S,0000,0000,0000000000,0000,USD,MI00,0001
0.00,120.000,EA,0.00,US00,000,000,101,000,"1,700.40",0.00,4500000300,00010,,EA,120.000,2026,BI00,,0000,000000,NA00,,B,2,0000,0000,TG00,0000110800,00,000001,0000,204,SHRT1800,5000000265,EA,120.000,2026,0,000000,BI00,0.000,0000000000,0000,,S,0000,0000,0000000000,0000,USD,MI00,0001
0.00,30.000,EA,0.00,US00,000,000,101,000,425.10,0.00,4500000300,00010,X,EA,30.000,2026,BI00,X,0000,000000,NA00,,B,2,0000,0000,TG00,0000110800,00,000002,0000,204,SHRT1800,5000000265,EA,30.000,2026,0,000000,BI00,0.000,0000000000,0000,,S,0000,0000,0000000000,0000,USD,MI00,0002
0.00,31.000,EA,0.00,US00,000,000,101,000,768.49,0.00,4500000301,00010,X,EA,31.000,2026,BI00,,0000,000000,NA00,,B,2,0000,0000,TG00,0000101800,00,000001,0000,204,FAID1800,5000000266,EA,31.000,2026,0,000000,BI00,0.000,0000000000,0000,,S,0000,0000,0000000000,0000,USD,MI00,0001
0.00,30.000,EA,0.00,US00,000,000,101,000,768.60,0.00,4500000303,00010,X,EA,30.000,2026,BI00,,0000,000000,NA00,,B,2,0000,0000,TG00,0000101800,00,000001,0000,204,RHMT1800,5000000267,EA,30.000,2026,0,000000,BI00,0.000,0000000000,0000,,S,0000,0000,0000000000,0000,USD,MI00,0001
0.00,20.000,EA,0.00,US00,000,000,101,000,802.60,0.00,4500000305,00010,X,EA,20.000,2026,BI00,,0000,000000,NA00,,B,2,0000,0000,TG00,0000101800,00,000001,0000,204,KPAD1800,5000000268,EA,20.000,2026,0,000000,BI00,0.000,0000000000,0000,,S,0000,0000,0000000000,0000,USD,MI00,0001
0.00,22.400,EA,0.00,US00,000,000,101,000,590.02,0.00,4500000304,00010,,EA,22.400,2026,BI00,,0000,000000,NA00,,B,2,0000,0000,TG00,0000107800,00,000001,0000,204,RHMT1800,5000000269,EA,22.400,2026,0,000000,BI00,0.000,0000000000,0000,,S,0000,0000,0000000000,0000,USD,MI00,0001
0.00,5.600,EA,0.00,US00,000,000,101,000,147.50,0.00,4500000304,00010,X,EA,5.600,2026,BI00,X,0000,000000,NA00,,B,2,0000,0000,TG00,0000107800,00,000002,0000,204,RHMT1800,5000000269,EA,5.600,2026,0,000000,BI00,0.000,0000000000,0000,,S,0000,0000,0000000000,0000,USD,MI00,0002
0.00,147.000,EA,0.00,US00,000,000,101,000,"4,073.37",0.00,4500000306,00010,X,EA,147.000,2026,BI00,,0000,000000,NA00,,B,2,0000,0000,TG00,0001003070,00,000001,0000,204,CHSP1800,5000000270,EA,147.000,2026,0,000000,BI00,0.000,0000000000,0000,,S,0000,0000,0000000000,0000,USD,MI00,0001
0.00,100.000,EA,0.00,US00,000,000,101,000,"1,528.00",0.00,4500000308,00010,,EA,100.000,2026,BI00,,0000,000000,NA00,,B,2,0000,0000,TG00,0000112800,00,000001,0000,204,RKIT1800,5000000271,EA,100.000,2026,0,000000,BI00,0.000,0000000000,0000,,S,0000,0000,0000000000,0000,USD,MI00,0001
0.00,25.000,EA,0.00,US00,000,000,101,000,382.00,0.00,4500000308,00010,X,EA,25.000,2026,BI00,X,0000,000000,NA00,,B,2,0000,0000,TG00,0000112800,00,000002,0000,204,RKIT1800,5000000271,EA,25.000,2026,0,000000,BI00,0.000,0000000000,0000,,S,0000,0000,0000000000,0000,USD,MI00,0002
0.00,70.400,EA,0.00,US00,000,000,101,000,"2,024.70",0.00,4500000307,00010,,EA,70.400,2026,BI00,,0000,000000,NA00,,B,2,0000,0000,TG00,0000102800,00,000001,0000,204,CHSP1800,5000000272,EA,70.400,2026,0,000000,BI00,0.000,0000000000,0000,,S,0000,0000,0000000000,0000,USD,MI00,0001
0.00,17.600,EA,0.00,US00,000,000,101,000,506.18,0.00,4500000307,00010,X,EA,17.600,2026,BI00,X,0000,000000,NA00,,B,2,0000,0000,TG00,0000102800,00,000002,0000,204,CHSP1800,5000000272,EA,17.600,2026,0,000000,BI00,0.000,0000000000,0000,,S,0000,0000,0000000000,0000,USD,MI00,0002
0.00,22.000,EA,0.00,US00,000,000,101,000,883.52,0.00,4500000310,00010,X,EA,22.000,2026,BI00,,0000,000000,NA00,,B,2,0000,0000,TG00,0000103800,00,000001,0000,204,EPAD1800,5000000273,EA,22.000,2026,0,000000,BI00,0.000,0000000000,0000,,S,0000,0000,0000000000,0000,USD,MI00,0001
0.00,108.000,EA,0.00,US00,000,000,101,000,"2,965.68",0.00,4500000309,00010,X,EA,108.000,2026,BI00,,0000,000000,NA00,,B,2,0000,0000,TG00,0001003070,00,000001,0000,204,CHSP1800,5000000274,EA,108.000,2026,0,000000,BI00,0.000,0000000000,0000,,S,0000,0000,0000000000,0000,USD,MI00,0001
0.00,24.800,EA,0.00,US00,000,000,101,000,654.47,0.00,4500000311,00010,,EA,24.800,2026,BI00,,0000,000000,NA00,,B,2,0000,0000,TG00,0000101800,00,000001,0000,204,OHMT1800,5000000275,EA,24.800,2026,0,000000,BI00,0.000,0000000000,0000,,S,0000,0000,0000000000,0000,USD,MI00,0001
0.00,6.200,EA,0.00,US00,000,000,101,000,163.62,0.00,4500000311,00010,X,EA,6.200,2026,BI00,X,0000,000000,NA00,,B,2,0000,0000,TG00,0000101800,00,000002,0000,204,OHMT1800,5000000275,EA,6.200,2026,0,000000,BI00,0.000,0000000000,0000,,S,0000,0000,0000000000,0000,USD,MI00,0002
0.00,65.000,EA,0.00,US00,000,000,101,000,"1,582.75",0.00,4500000315,00010,X,EA,65.000,2026,BI00,,0000,000000,NA00,,B,2,0000,0000,TG00,0000101800,00,000001,0000,204,FAID1800,5000000276,EA,65.000,2026,0,000000,BI00,0.000,0000000000,0000,,S,0000,0000,0000000000,0000,USD,MI00,0001
0.00,101.000,EA,0.00,US00,000,000,101,000,"1,558.43",0.00,4500000316,00010,X,EA,101.000,2026,BI00,,0000,000000,NA00,,B,2,0000,0000,TG00,0000108800,00,000001,0000,204,RKIT1800,5000000277,EA,101.000,2026,0,000000,BI00,0.000,0000000000,0000,,S,0000,0000,0000000000,0000,USD,MI00,0001
0.00,100.000,EA,0.00,US00,000,000,101,000,"1,394.00",0.00,4500000312,00010,X,EA,100.000,2026,BI00,,0000,000000,NA00,,B,2,0000,0000,TG00,0000109800,00,000001,0000,204,SHRT1800,5000000278,EA,100.000,2026,0,000000,BI00,0.000,0000000000,0000,,S,0000,0000,0000000000,0000,USD,MI00,0001
0.00,235.000,EA,0.00,US00,000,000,101,000,"2,629.65",0.00,4500000314,00010,X,EA,235.000,2026,BI00,,0000,000000,NA00,,B,2,0000,0000,TG00,0000110800,00,000001,0000,204,BOTL1800,5000000279,EA,235.000,2026,0,000000,BI00,0.000,0000000000,0000,,S,0000,0000,0000000000,0000,USD,MI00,0001
0.00,155.000,EA,0.00,US00,000,000,101,000,"2,129.70",0.00,4500000313,00010,X,EA,155.000,2026,BI00,,0000,000000,NA00,,B,2,0000,0000,TG00,0000109800,00,000001,0000,204,SHRT1800,5000000280,EA,155.000,2026,0,000000,BI00,0.000,0000000000,0000,,S,0000,0000,0000000000,0000,USD,MI00,0001
0.00,65.600,EA,0.00,US00,000,000,101,000,995.81,0.00,4500000325,00010,,EA,65.600,2026,BI00,,0000,000000,NA00,,B,2,0000,0000,TG00,0000108800,00,000001,0000,204,RKIT1800,5000000281,EA,65.600,2026,0,000000,BI00,0.000,0000000000,0000,,S,0000,0000,0000000000,0000,USD,MI00,0001
0.00,16.400,EA,0.00,US00,000,000,101,000,248.95,0.00,4500000325,00010,X,EA,16.400,2026,BI00,X,0000,000000,NA00,,B,2,0000,0000,TG00,0000108800,00,000002,0000,204,RKIT1800,5000000281,EA,16.400,2026,0,000000,BI00,0.000,0000000000,0000,,S,0000,0000,0000000000,0000,USD,MI00,0002
0.00,69.600,EA,0.00,US00,000,000,101,000,"1,078.80",0.00,4500000326,00010,,EA,69.600,2026,BI00,,0000,000000,NA00,,B,2,0000,0000,TG00,0000112800,00,000001,0000,204,RKIT1800,5000000282,EA,69.600,2026,0,000000,BI00,0.000,0000000000,0000,,S,0000,0000,0000000000,0000,USD,MI00,0001
0.00,17.400,EA,0.00,US00,000,000,101,000,269.70,0.00,4500000326,00010,X,EA,17.400,2026,BI00,X,0000,000000,NA00,,B,2,0000,0000,TG00,0000112800,00,000002,0000,204,RKIT1800,5000000282,EA,17.400,2026,0,000000,BI00,0.000,0000000000,0000,,S,0000,0000,0000000000,0000,USD,MI00,0002
0.00,245.000,EA,0.00,US00,000,000,101,000,"2,734.20",0.00,4500000327,00010,X,EA,245.000,2026,BI00,,0000,000000,NA00,,B,2,0000,0000,TG00,0000107800,00,000001,0000,204,BOTL1800,5000000283,EA,245.000,2026,0,000000,BI00,0.000,0000000000,0000,,S,0000,0000,0000000000,0000,USD,MI00,0001
0.00,48.000,EA,0.00,US00,000,000,101,000,"1,236.96",0.00,4500000328,00010,X,EA,48.000,2026,BI00,,0000,000000,NA00,,B,2,0000,0000,TG00,0000112800,00,000001,0000,204,FAID1800,5000000284,EA,48.000,2026,0,000000,BI00,0.000,0000000000,0000,,S,0000,0000,0000000000,0000,USD,MI00,0001
0.00,165.000,EA,0.00,US00,000,000,101,000,"1,711.05",0.00,4500000329,00010,X,EA,165.000,2026,BI00,,0000,000000,NA00,,B,2,0000,0000,TG00,0000108800,00,000001,0000,204,CAGE1800,5000000285,EA,165.000,2026,0,000000,BI00,0.000,0000000000,0000,,S,0000,0000,0000000000,0000,USD,MI00,0001
0.00,120.000,EA,0.00,US00,000,000,101,000,"1,641.60",0.00,4500000330,00010,X,EA,120.000,2026,BI00,,0000,000000,NA00,,B,2,0000,0000,TG00,0000109800,00,000001,0000,204,SHRT1800,5000000286,EA,120.000,2026,0,000000,BI00,0.000,0000000000,0000,,S,0000,0000,0000000000,0000,USD,MI00,0001
0.00,31.000,EA,0.00,US00,000,000,101,000,814.37,0.00,4500000335,00010,X,EA,31.000,2026,BI00,,0000,000000,NA00,,B,2,0000,0000,TG00,0000107800,00,000001,0000,204,OHMT1800,5000000287,EA,31.000,2026,0,000000,BI00,0.000,0000000000,0000,,S,0000,0000,0000000000,0000,USD,MI00,0001
0.00,28.000,EA,0.00,US00,000,000,101,000,635.60,0.00,4500000336,00010,X,EA,28.000,2026,BI00,,0000,000000,NA00,,B,2,0000,0000,TG00,0000108800,00,000001,0000,204,PUMP1800,5000000288,EA,28.000,2026,0,000000,BI00,0.000,0000000000,0000,,S,0000,0000,0000000000,0000,USD,MI00,0001
0.00,21.000,EA,0.00,US00,000,000,101,000,837.06,0.00,4500000338,00010,X,EA,21.000,2026,BI00,,0000,000000,NA00,,B,2,0000,0000,TG00,0000101800,00,000001,0000,204,EPAD1800,5000000289,EA,21.000,2026,0,000000,BI00,0.000,0000000000,0000,,S,0000,0000,0000000000,0000,USD,MI00,0001
0.00,57.000,EA,0.00,US00,000,000,101,000,"1,953.39",0.00,4500000317,00010,X,EA,57.000,2026,BI00,,0000,000000,NA00,,B,2,0000,0000,TG00,0001003070,00,000001,0000,204,CHLK1800,5000000290,EA,57.000,2026,0,000000,BI00,0.000,0000000000,0000,,S,0000,0000,0000000000,0000,USD,MI00,0001
0.00,110.000,EA,0.00,US00,000,000,101,000,"1,514.70",0.00,4500000318,00010,X,EA,110.000,2026,BI00,,0000,000000,NA00,,B,2,0000,0000,TG00,0000110800,00,000001,0000,204,SHRT1800,5000000291,EA,110.000,2026,0,000000,BI00,0.000,0000000000,0000,,S,0000,0000,0000000000,0000,USD,MI00,0001
0.00,84.000,EA,0.00,US00,000,000,101,000,"1,227.24",0.00,4500000320,00010,X,EA,84.000,2026,BI00,,0000,000000,NA00,,B,2,0000,0000,TG00,0000108800,00,000001,0000,204,RKIT1800,5000000292,EA,84.000,2026,0,000000,BI00,0.000,0000000000,0000,,S,0000,0000,0000000000,0000,USD,MI00,0001
0.00,31.000,EA,0.00,US00,000,000,101,000,805.07,0.00,4500000319,00010,X,EA,31.000,2026,BI00,,0000,000000,NA00,,B,2,0000,0000,TG00,0000101800,00,000001,0000,204,OHMT1800,5000000293,EA,31.000,2026,0,000000,BI00,0.000,0000000000,0000,,S,0000,0000,0000000000,0000,USD,MI00,0001
0.00,117.000,EA,0.00,US00,000,000,101,000,"3,238.56",0.00,4500000321,00010,X,EA,117.000,2026,BI00,,0000,000000,NA00,,B,2,0000,0000,TG00,0000105800,00,000001,0000,204,CHSP1800,5000000294,EA,117.000,2026,0,000000,BI00,0.000,0000000000,0000,,S,0000,0000,0000000000,0000,USD,MI00,0001
0.00,20.000,EA,0.00,US00,000,000,101,000,791.60,0.00,4500000356,00010,X,EA,20.000,2026,BI00,,0000,000000,NA00,,B,2,0000,0000,TG00,0000103800,00,000001,0000,204,KPAD1800,5000000296,EA,20.000,2026,0,000000,BI00,0.000,0000000000,0000,,S,0000,0000,0000000000,0000,USD,MI00,0001
0.00,31.000,EA,0.00,US00,000,000,101,000,838.24,0.00,4500000357,00010,X,EA,31.000,2026,BI00,,0000,000000,NA00,,B,2,0000,0000,TG00,0000101800,00,000001,0000,204,RHMT1800,5000000297,EA,31.000,2026,0,000000,BI00,0.000,0000000000,0000,,S,0000,0000,0000000000,0000,USD,MI00,0001
0.00,28.000,EA,0.00,US00,000,000,101,000,725.20,0.00,4500000322,00010,X,EA,28.000,2026,BI00,,0000,000000,NA00,,B,2,0000,0000,TG00,0000101800,00,000001,0000,204,OHMT1800,5000000298,EA,28.000,2026,0,000000,BI00,0.000,0000000000,0000,,S,0000,0000,0000000000,0000,USD,MI00,0001
0.00,18.000,EA,0.00,US00,000,000,101,000,702.90,0.00,4500000323,00010,X,EA,18.000,2026,BI00,,0000,000000,NA00,,B,2,0000,0000,TG00,0000103800,00,000001,0000,204,EPAD1800,5000000299,EA,18.000,2026,0,000000,BI00,0.000,0000000000,0000,,S,0000,0000,0000000000,0000,USD,MI00,0001
0.00,19.000,EA,0.00,US00,000,000,101,000,441.75,0.00,4500000324,00010,X,EA,19.000,2026,BI00,,0000,000000,NA00,,B,2,0000,0000,TG00,0000107800,00,000001,0000,204,PUMP1800,5000000300,EA,19.000,2026,0,000000,BI00,0.000,0000000000,0000,,S,0000,0000,0000000000,0000,USD,MI00,0001
0.00,22.000,EA,0.00,US00,000,000,101,000,868.78,0.00,4500000331,00010,X,EA,22.000,2026,BI00,,0000,000000,NA00,,B,2,0000,0000,TG00,0000101800,00,000001,0000,204,EPAD1800,5000000301,EA,22.000,2026,0,000000,BI00,0.000,0000000000,0000,,S,0000,0000,0000000000,0000,USD,MI00,0001
0.00,78.000,EA,0.00,US00,000,000,101,000,"1,169.22",0.00,4500000332,00010,X,EA,78.000,2026,BI00,,0000,000000,NA00,,B,2,0000,0000,TG00,0000112800,00,000001,0000,204,RKIT1800,5000000302,EA,78.000,2026,0,000000,BI00,0.000,0000000000,0000,,S,0000,0000,0000000000,0000,USD,MI00,0001
0.00,34.000,EA,0.00,US00,000,000,101,000,884.68,0.00,4500000333,00010,X,EA,34.000,2026,BI00,,0000,000000,NA00,,B,2,0000,0000,TG00,0000101800,00,000001,0000,204,RHMT1800,5000000303,EA,34.000,2026,0,000000,BI00,0.000,0000000000,0000,,S,0000,0000,0000000000,0000,USD,MI00,0001
0.00,130.000,EA,0.00,US00,000,000,101,000,"1,786.20",0.00,4500000334,00010,X,EA,130.000,2026,BI00,,0000,000000,NA00,,B,2,0000,0000,TG00,0000110800,00,000001,0000,204,SHRT1800,5000000304,EA,130.000,2026,0,000000,BI00,0.000,0000000000,0000,,S,0000,0000,0000000000,0000,USD,MI00,0001
0.00,29.000,EA,0.00,US00,000,000,101,000,742.98,0.00,4500000339,00010,X,EA,29.000,2026,BI00,,0000,000000,NA00,,B,2,0000,0000,TG00,0000107800,00,000001,0000,204,RHMT1800,5000000305,EA,29.000,2026,0,000000,BI00,0.000,0000000000,0000,,S,0000,0000,0000000000,0000,USD,MI00,0001
0.00,19.000,EA,0.00,US00,000,000,101,000,762.66,0.00,4500000340,00010,X,EA,19.000,2026,BI00,,0000,000000,NA00,,B,2,0000,0000,TG00,0000101800,00,000001,0000,204,KPAD1800,5000000306,EA,19.000,2026,0,000000,BI00,0.000,0000000000,0000,,S,0000,0000,0000000000,0000,USD,MI00,0001
0.00,61.000,EA,0.00,US00,000,000,101,000,"2,094.74",0.00,4500000342,00010,X,EA,61.000,2026,BI00,,0000,000000,NA00,,B,2,0000,0000,TG00,0000107800,00,000001,0000,204,CHLK1800,5000000307,EA,61.000,2026,0,000000,BI00,0.000,0000000000,0000,,S,0000,0000,0000000000,0000,USD,MI00,0001
0.00,145.000,EA,0.00,US00,000,000,101,000,"1,476.10",0.00,4500000343,00010,X,EA,145.000,2026,BI00,,0000,000000,NA00,,B,2,0000,0000,TG00,0000108800,00,000001,0000,204,CAGE1800,5000000308,EA,145.000,2026,0,000000,BI00,0.000,0000000000,0000,,S,0000,0000,0000000000,0000,USD,MI00,0001
0.00,59.000,EA,0.00,US00,000,000,101,000,896.80,0.00,4500000344,00010,X,EA,59.000,2026,BI00,,0000,000000,NA00,,B,2,0000,0000,TG00,0000112800,00,000001,0000,204,RKIT1800,5000000309,EA,59.000,2026,0,000000,BI00,0.000,0000000000,0000,,S,0000,0000,0000000000,0000,USD,MI00,0001
0.00,136.000,EA,0.00,US00,000,000,101,000,"1,493.28",0.00,4500000345,00010,,EA,136.000,2026,BI00,,0000,000000,NA00,,B,2,0000,0000,TG00,0000110800,00,000001,0000,204,BOTL1800,5000000310,EA,136.000,2026,0,000000,BI00,0.000,0000000000,0000,,S,0000,0000,0000000000,0000,USD,MI00,0001
0.00,34.000,EA,0.00,US00,000,000,101,000,373.32,0.00,4500000345,00010,X,EA,34.000,2026,BI00,X,0000,000000,NA00,,B,2,0000,0000,TG00,0000110800,00,000002,0000,204,BOTL1800,5000000310,EA,34.000,2026,0,000000,BI00,0.000,0000000000,0000,,S,0000,0000,0000000000,0000,USD,MI00,0002
0.00,21.000,EA,0.00,US00,000,000,101,000,843.57,0.00,4500000346,00010,X,EA,21.000,2026,BI00,,0000,000000,NA00,,B,2,0000,0000,TG00,0000101800,00,000001,0000,204,EPAD1800,5000000311,EA,21.000,2026,0,000000,BI00,0.000,0000000000,0000,,S,0000,0000,0000000000,0000,USD,MI00,0001
0.00,30.000,EA,0.00,US00,000,000,101,000,672.90,0.00,4500000347,00010,X,EA,30.000,2026,BI00,,0000,000000,NA00,,B,2,0000,0000,TG00,0000107800,00,000001,0000,204,PUMP1800,5000000312,EA,30.000,2026,0,000000,BI00,0.000,0000000000,0000,,S,0000,0000,0000000000,0000,USD,MI00,0001
0.00,82.000,EA,0.00,US00,000,000,101,000,"2,359.96",0.00,4500000348,00010,X,EA,82.000,2026,BI00,,0000,000000,NA00,,B,2,0000,0000,TG00,0001003070,00,000001,0000,204,CHSP1800,5000000313,EA,82.000,2026,0,000000,BI00,0.000,0000000000,0000,,S,0000,0000,0000000000,0000,USD,MI00,0001
0.00,130.000,EA,0.00,US00,000,000,101,000,"1,331.20",0.00,4500000349,00010,X,EA,130.000,2026,BI00,,0000,000000,NA00,,B,2,0000,0000,TG00,0000108800,00,000001,0000,204,CAGE1800,5000000314,EA,130.000,2026,0,000000,BI00,0.000,0000000000,0000,,S,0000,0000,0000000000,0000,USD,MI00,0001
0.00,207.000,EA,0.00,US00,000,000,101,000,"5,818.77",0.00,4500000350,00010,X,EA,207.000,2026,BI00,,0000,000000,NA00,,B,2,0000,0000,TG00,0001003070,00,000001,0000,204,CHSP1800,5000000315,EA,207.000,2026,0,000000,BI00,0.000,0000000000,0000,,S,0000,0000,0000000000,0000,USD,MI00,0001
0.00,19.000,EA,0.00,US00,000,000,101,000,775.20,0.00,4500000351,00010,X,EA,19.000,2026,BI00,,0000,000000,NA00,,B,2,0000,0000,TG00,0000101800,00,000001,0000,204,KPAD1800,5000000316,EA,19.000,2026,0,000000,BI00,0.000,0000000000,0000,,S,0000,0000,0000000000,0000,USD,MI00,0001
0.00,190.000,EA,0.00,US00,000,000,101,000,"2,148.90",0.00,4500000352,00010,X,EA,190.000,2026,BI00,,0000,000000,NA00,,B,2,0000,0000,TG00,0000110800,00,000001,0000,204,BOTL1800,5000000317,EA,190.000,2026,0,000000,BI00,0.000,0000000000,0000,,S,0000,0000,0000000000,0000,USD,MI00,0001
0.00,40.000,EA,0.00,US00,000,000,101,000,987.60,0.00,4500000353,00010,X,EA,40.000,2026,BI00,,0000,000000,NA00,,B,2,0000,0000,TG00,0000112800,00,000001,0000,204,FAID1800,5000000318,EA,40.000,2026,0,000000,BI00,0.000,0000000000,0000,,S,0000,0000,0000000000,0000,USD,MI00,0001
0.00,170.000,EA,0.00,US00,000,000,101,000,"1,897.20",0.00,4500000354,00010,X,EA,170.000,2026,BI00,,0000,000000,NA00,,B,2,0000,0000,TG00,0000110800,00,000001,0000,204,BOTL1800,5000000319,EA,170.000,2026,0,000000,BI00,0.000,0000000000,0000,,S,0000,0000,0000000000,0000,USD,MI00,0001
0.00,205.000,EA,0.00,US00,000,000,101,000,"2,349.30",0.00,4500000365,00010,X,EA,205.000,2026,BI00,,0000,000000,NA00,,B,2,0000,0000,TG00,0000107800,00,000001,0000,204,BOTL1800,5000000320,EA,205.000,2026,0,000000,BI00,0.000,0000000000,0000,,S,0000,0000,0000000000,0000,USD,MI00,0001
0.00,22.000,EA,0.00,US00,000,000,101,000,516.34,0.00,4500000366,00010,X,EA,22.000,2026,BI00,,0000,000000,NA00,,B,2,0000,0000,TG00,0000108800,00,000001,0000,204,PUMP1800,5000000321,EA,22.000,2026,0,000000,BI00,0.000,0000000000,0000,,S,0000,0000,0000000000,0000,USD,MI00,0001
0.00,88.000,EA,0.00,US00,000,000,101,000,"2,447.28",0.00,4500000367,00010,X,EA,88.000,2026,BI00,,0000,000000,NA00,,B,2,0000,0000,TG00,0000105800,00,000001,0000,204,CHSP1800,5000000322,EA,88.000,2026,0,000000,BI00,0.000,0000000000,0000,,S,0000,0000,0000000000,0000,USD,MI00,0001
0.00,190.000,EA,0.00,US00,000,000,101,000,"1,974.10",0.00,4500000369,00010,X,EA,190.000,2026,BI00,,0000,000000,NA00,,B,2,0000,0000,TG00,0000106800,00,000001,0000,204,CAGE1800,5000000323,EA,190.000,2026,0,000000,BI00,0.000,0000000000,0000,,S,0000,0000,0000000000,0000,USD,MI00,0001
0.00,107.000,EA,0.00,US00,000,000,101,000,"2,960.69",0.00,4500000368,00010,X,EA,107.000,2026,BI00,,0000,000000,NA00,,B,2,0000,0000,TG00,0000105800,00,000001,0000,204,CHSP1800,5000000324,EA,107.000,2026,0,000000,BI00,0.000,0000000000,0000,,S,0000,0000,0000000000,0000,USD,MI00,0001
0.00,100.000,EA,0.00,US00,000,000,101,000,"1,428.00",0.00,4500000358,00010,X,EA,100.000,2026,BI00,,0000,000000,NA00,,B,2,0000,0000,TG00,0000109800,00,000001,0000,204,SHRT1800,5000000325,EA,100.000,2026,0,000000,BI00,0.000,0000000000,0000,,S,0000,0000,0000000000,0000,USD,MI00,0001
0.00,84.000,EA,0.00,US00,000,000,101,000,"1,262.52",0.00,4500000360,00010,X,EA,84.000,2026,BI00,,0000,000000,NA00,,B,2,0000,0000,TG00,0000108800,00,000001,0000,204,RKIT1800,5000000326,EA,84.000,2026,0,000000,BI00,0.000,0000000000,0000,,S,0000,0000,0000000000,0000,USD,MI00,0001
0.00,190.000,EA,0.00,US00,000,000,101,000,"2,751.20",0.00,4500000359,00010,X,EA,190.000,2026,BI00,,0000,000000,NA00,,B,2,0000,0000,TG00,0000110800,00,000001,0000,204,SHRT1800,5000000327,EA,190.000,2026,0,000000,BI00,0.000,0000000000,0000,,S,0000,0000,0000000000,0000,USD,MI00,0001
0.00,220.000,EA,0.00,US00,000,000,101,000,"2,501.40",0.00,4500000361,00010,X,EA,220.000,2026,BI00,,0000,000000,NA00,,B,2,0000,0000,TG00,0000110800,00,000001,0000,204,BOTL1800,5000000328,EA,220.000,2026,0,000000,BI00,0.000,0000000000,0000,,S,0000,0000,0000000000,0000,USD,MI00,0001
0.00,76.800,EA,0.00,US00,000,000,101,000,"1,164.29",0.00,4500000362,00010,,EA,76.800,2026,BI00,,0000,000000,NA00,,B,2,0000,0000,TG00,0000108800,00,000001,0000,204,RKIT1800,5000000329,EA,76.800,2026,0,000000,BI00,0.000,0000000000,0000,,S,0000,0000,0000000000,0000,USD,MI00,0001
0.00,19.200,EA,0.00,US00,000,000,101,000,291.07,0.00,4500000362,00010,X,EA,19.200,2026,BI00,X,0000,000000,NA00,,B,2,0000,0000,TG00,0000108800,00,000002,0000,204,RKIT1800,5000000329,EA,19.200,2026,0,000000,BI00,0.000,0000000000,0000,,S,0000,0000,0000000000,0000,USD,MI00,0002
0.00,195.000,EA,0.00,US00,000,000,101,000,"2,757.30",0.00,4500000363,00010,X,EA,195.000,2026,BI00,,0000,000000,NA00,,B,2,0000,0000,TG00,0000109800,00,000001,0000,204,SHRT1800,5000000330,EA,195.000,2026,0,000000,BI00,0.000,0000000000,0000,,S,0000,0000,0000000000,0000,USD,MI00,0001
0.00,84.000,EA,0.00,US00,000,000,101,000,"1,280.16",0.00,4500000375,00010,X,EA,84.000,2026,BI00,,0000,000000,NA00,,B,2,0000,0000,TG00,0000112800,00,000001,0000,204,RKIT1800,5000000331,EA,84.000,2026,0,000000,BI00,0.000,0000000000,0000,,S,0000,0000,0000000000,0000,USD,MI00,0001
0.00,135.000,EA,0.00,US00,000,000,101,000,"1,933.20",0.00,4500000283,00010,X,EA,135.000,2026,BI00,,0000,000000,NA00,,B,2,0000,0000,TG00,0000109800,00,000001,0000,204,SHRT1800,5000000332,EA,135.000,2026,0,000000,BI00,0.000,0000000000,0000,,S,0000,0000,0000000000,0000,USD,MI00,0001
0.00,57.000,EA,0.00,US00,000,000,101,000,"1,934.01",0.00,4500000376,00010,X,EA,57.000,2026,BI00,,0000,000000,NA00,,B,2,0000,0000,TG00,0000103800,00,000001,0000,204,CHLK1800,5000000333,EA,57.000,2026,0,000000,BI00,0.000,0000000000,0000,,S,0000,0000,0000000000,0000,USD,MI00,0001
0.00,33.000,EA,0.00,US00,000,000,101,000,869.88,0.00,4500000302,00010,X,EA,33.000,2026,BI00,,0000,000000,NA00,,B,2,0000,0000,TG00,0000101800,00,000001,0000,204,RHMT1800,5000000334,EA,33.000,2026,0,000000,BI00,0.000,0000000000,0000,,S,0000,0000,0000000000,0000,USD,MI00,0001
0.00,31.200,EA,0.00,US00,000,000,101,000,808.08,0.00,4500000377,00010,,EA,31.200,2026,BI00,,0000,000000,NA00,,B,2,0000,0000,TG00,0000112800,00,000001,0000,204,FAID1800,5000000335,EA,31.200,2026,0,000000,BI00,0.000,0000000000,0000,,S,0000,0000,0000000000,0000,USD,MI00,0001
0.00,7.800,EA,0.00,US00,000,000,101,000,202.02,0.00,4500000377,00010,X,EA,7.800,2026,BI00,X,0000,000000,NA00,,B,2,0000,0000,TG00,0000112800,00,000002,0000,204,FAID1800,5000000335,EA,7.800,2026,0,000000,BI00,0.000,0000000000,0000,,S,0000,0000,0000000000,0000,USD,MI00,0002
0.00,38.000,EA,0.00,US00,000,000,101,000,947.34,0.00,4500000284,00010,X,EA,38.000,2026,BI00,,0000,000000,NA00,,B,2,0000,0000,TG00,0000101800,00,000001,0000,204,FAID1800,5000000336,EA,38.000,2026,0,000000,BI00,0.000,0000000000,0000,,S,0000,0000,0000000000,0000,USD,MI00,0001
0.00,120.000,EA,0.00,US00,000,000,101,000,"1,725.60",0.00,4500000364,00010,X,EA,120.000,2026,BI00,,0000,000000,NA00,,B,2,0000,0000,TG00,0000109800,00,000001,0000,204,SHRT1800,5000000337,EA,120.000,2026,0,000000,BI00,0.000,0000000000,0000,,S,0000,0000,0000000000,0000,USD,MI00,0001
0.00,180.000,EA,0.00,US00,000,000,101,000,"2,511.00",0.00,4500000378,00010,,EA,180.000,2026,BI00,,0000,000000,NA00,,B,2,0000,0000,TG00,0000109800,00,000001,0000,204,SHRT1800,5000000338,EA,180.000,2026,0,000000,BI00,0.000,0000000000,0000,,S,0000,0000,0000000000,0000,USD,MI00,0001
0.00,45.000,EA,0.00,US00,000,000,101,000,627.75,0.00,4500000378,00010,X,EA,45.000,2026,BI00,X,0000,000000,NA00,,B,2,0000,0000,TG00,0000109800,00,000002,0000,204,SHRT1800,5000000338,EA,45.000,2026,0,000000,BI00,0.000,0000000000,0000,,S,0000,0000,0000000000,0000,USD,MI00,0002
0.00,63.000,EA,0.00,US00,000,000,101,000,"2,617.65",0.00,4500000395,00010,X,EA,63.000,2026,BI00,,0000,000000,NA00,,B,2,0000,0000,TG00,0000103800,00,000001,0000,204,KPAD1800,5000000339,EA,63.000,2026,0,000000,BI00,0.000,0000000000,0000,,S,0000,0000,0000000000,0000,USD,MI00,0001
0.00,105.000,EA,0.00,US00,000,000,101,000,"1,488.90",0.00,4500000396,00010,X,EA,105.000,2026,BI00,,0000,000000,NA00,,B,2,0000,0000,TG00,0000109800,00,000001,0000,204,SHRT1800,5000000340,EA,105.000,2026,0,000000,BI00,0.000,0000000000,0000,,S,0000,0000,0000000000,0000,USD,MI00,0001
0.00,104.000,EA,0.00,US00,000,000,101,000,"4,190.16",0.00,4500000370,00010,X,EA,104.000,2026,BI00,,0000,000000,NA00,,B,2,0000,0000,TG00,0000101800,00,000001,0000,204,KPAD1800,5000000341,EA,104.000,2026,0,000000,BI00,0.000,0000000000,0000,,S,0000,0000,0000000000,0000,USD,MI00,0001
0.00,42.000,EA,0.00,US00,000,000,101,000,"1,084.44",0.00,4500000371,00010,X,EA,42.000,2026,BI00,,0000,000000,NA00,,B,2,0000,0000,TG00,0000112800,00,000001,0000,204,FAID1800,5000000342,EA,42.000,2026,0,000000,BI00,0.000,0000000000,0000,,S,0000,0000,0000000000,0000,USD,MI00,0001
0.00,20.000,EA,0.00,US00,000,000,101,000,828.20,0.00,4500000372,00010,X,EA,20.000,2026,BI00,,0000,000000,NA00,,B,2,0000,0000,TG00,0000101800,00,000001,0000,204,EPAD1800,5000000343,EA,20.000,2026,0,000000,BI00,0.000,0000000000,0000,,S,0000,0000,0000000000,0000,USD,MI00,0001
0.00,74.000,EA,0.00,US00,000,000,101,000,"1,113.70",0.00,4500000373,00010,X,EA,74.000,2026,BI00,,0000,000000,NA00,,B,2,0000,0000,TG00,0000108800,00,000001,0000,204,RKIT1800,5000000344,EA,74.000,2026,0,000000,BI00,0.000,0000000000,0000,,S,0000,0000,0000000000,0000,USD,MI00,0001
0.00,19.000,EA,0.00,US00,000,000,101,000,432.63,0.00,4500000374,00010,X,EA,19.000,2026,BI00,,0000,000000,NA00,,B,2,0000,0000,TG00,0000107800,00,000001,0000,204,PUMP1800,5000000345,EA,19.000,2026,0,000000,BI00,0.000,0000000000,0000,,S,0000,0000,0000000000,0000,USD,MI00,0001
0.00,39.000,EA,0.00,US00,000,000,101,000,"1,016.73",0.00,4500000379,00010,X,EA,39.000,2026,BI00,,0000,000000,NA00,,B,2,0000,0000,TG00,0000112800,00,000001,0000,204,FAID1800,5000000346,EA,39.000,2026,0,000000,BI00,0.000,0000000000,0000,,S,0000,0000,0000000000,0000,USD,MI00,0001
0.00,175.000,EA,0.00,US00,000,000,101,000,"2,415.00",0.00,4500000381,00010,X,EA,175.000,2026,BI00,,0000,000000,NA00,,B,2,0000,0000,TG00,0000110800,00,000001,0000,204,SHRT1800,5000000347,EA,175.000,2026,0,000000,BI00,0.000,0000000000,0000,,S,0000,0000,0000000000,0000,USD,MI00,0001
0.00,46.000,EA,0.00,US00,000,000,101,000,"1,172.08",0.00,4500000380,00010,X,EA,46.000,2026,BI00,,0000,000000,NA00,,B,2,0000,0000,TG00,0000101800,00,000001,0000,204,FAID1800,5000000348,EA,46.000,2026,0,000000,BI00,0.000,0000000000,0000,,S,0000,0000,0000000000,0000,USD,MI00,0001
0.00,92.000,EA,0.00,US00,000,000,101,000,"1,285.24",0.00,4500000382,00010,,EA,92.000,2026,BI00,,0000,000000,NA00,,B,2,0000,0000,TG00,0000110800,00,000001,0000,204,SHRT1800,5000000349,EA,92.000,2026,0,000000,BI00,0.000,0000000000,0000,,S,0000,0000,0000000000,0000,USD,MI00,0001
0.00,23.000,EA,0.00,US00,000,000,101,000,321.31,0.00,4500000382,00010,X,EA,23.000,2026,BI00,X,0000,000000,NA00,,B,2,0000,0000,TG00,0000110800,00,000002,0000,204,SHRT1800,5000000349,EA,23.000,2026,0,000000,BI00,0.000,0000000000,0000,,S,0000,0000,0000000000,0000,USD,MI00,0002
0.00,267.000,EA,0.00,US00,000,000,101,000,"7,726.98",0.00,4500000384,00010,X,EA,267.000,2026,BI00,,0000,000000,NA00,,B,2,0000,0000,TG00,0000102800,00,000001,0000,204,CHSP1800,5000000350,EA,267.000,2026,0,000000,BI00,0.000,0000000000,0000,,S,0000,0000,0000000000,0000,USD,MI00,0001
0.00,95.000,EA,0.00,US00,000,000,101,000,"1,389.85",0.00,4500000383,00010,X,EA,95.000,2026,BI00,,0000,000000,NA00,,B,2,0000,0000,TG00,0000109800,00,000001,0000,204,SHRT1800,5000000351,EA,95.000,2026,0,000000,BI00,0.000,0000000000,0000,,S,0000,0000,0000000000,0000,USD,MI00,0001
0.00,165.000,EA,0.00,US00,000,000,101,000,"1,686.30",0.00,4500000385,00010,X,EA,165.000,2026,BI00,,0000,000000,NA00,,B,2,0000,0000,TG00,0000108800,00,000001,0000,204,CAGE1800,5000000352,EA,165.000,2026,0,000000,BI00,0.000,0000000000,0000,,S,0000,0000,0000000000,0000,USD,MI00,0001
0.00,23.000,EA,0.00,US00,000,000,101,000,943.92,0.00,4500000387,00010,X,EA,23.000,2026,BI00,,0000,000000,NA00,,B,2,0000,0000,TG00,0000101800,00,000001,0000,204,KPAD1800,5000000353,EA,23.000,2026,0,000000,BI00,0.000,0000000000,0000,,S,0000,0000,0000000000,0000,USD,MI00,0001
0.00,20.000,EA,0.00,US00,000,000,101,000,817.80,0.00,4500000337,00010,X,EA,20.000,2026,BI00,,0000,000000,NA00,,B,2,0000,0000,TG00,0000103800,00,000001,0000,204,EPAD1800,5000000354,EA,20.000,2026,0,000000,BI00,0.000,0000000000,0000,,S,0000,0000,0000000000,0000,USD,MI00,0001
0.00,175.000,EA,0.00,US00,000,000,101,000,"1,744.75",0.00,4500000386,00010,X,EA,175.000,2026,BI00,,0000,000000,NA00,,B,2,0000,0000,TG00,0000106800,00,000001,0000,204,CAGE1800,5000000355,EA,175.000,2026,0,000000,BI00,0.000,0000000000,0000,,S,0000,0000,0000000000,0000,USD,MI00,0001
0.00,235.000,EA,0.00,US00,000,000,101,000,"2,549.75",0.00,4500000389,00010,X,EA,235.000,2026,BI00,,0000,000000,NA00,,B,2,0000,0000,TG00,0000110800,00,000001,0000,204,BOTL1800,5000000356,EA,235.000,2026,0,000000,BI00,0.000,0000000000,0000,,S,0000,0000,0000000000,0000,USD,MI00,0001
0.00,92.000,EA,0.00,US00,000,000,101,000,959.56,0.00,4500000388,00010,,EA,92.000,2026,BI00,,0000,000000,NA00,,B,2,0000,0000,TG00,0000106800,00,000001,0000,204,CAGE1800,5000000357,EA,92.000,2026,0,000000,BI00,0.000,0000000000,0000,,S,0000,0000,0000000000,0000,USD,MI00,0001
0.00,23.000,EA,0.00,US00,000,000,101,000,239.89,0.00,4500000388,00010,X,EA,23.000,2026,BI00,X,0000,000000,NA00,,B,2,0000,0000,TG00,0000106800,00,000002,0000,204,CAGE1800,5000000357,EA,23.000,2026,0,000000,BI00,0.000,0000000000,0000,,S,0000,0000,0000000000,0000,USD,MI00,0002
0.00,102.000,EA,0.00,US00,000,000,101,000,"2,962.08",0.00,4500000391,00010,X,EA,102.000,2026,BI00,,0000,000000,NA00,,B,2,0000,0000,TG00,0000105800,00,000001,0000,204,CHSP1800,5000000358,EA,102.000,2026,0,000000,BI00,0.000,0000000000,0000,,S,0000,0000,0000000000,0000,USD,MI00,0001
0.00,20.000,EA,0.00,US00,000,000,101,000,796.40,0.00,4500000392,00010,X,EA,20.000,2026,BI00,,0000,000000,NA00,,B,2,0000,0000,TG00,0000103800,00,000001,0000,204,EPAD1800,5000000359,EA,20.000,2026,0,000000,BI00,0.000,0000000000,0000,,S,0000,0000,0000000000,0000,USD,MI00,0001
0.00,125.000,EA,0.00,US00,000,000,101,000,"1,751.25",0.00,4500000393,00010,X,EA,125.000,2026,BI00,,0000,000000,NA00,,B,2,0000,0000,TG00,0000109800,00,000001,0000,204,SHRT1800,5000000360,EA,125.000,2026,0,000000,BI00,0.000,0000000000,0000,,S,0000,0000,0000000000,0000,USD,MI00,0001
0.00,97.000,EA,0.00,US00,000,000,101,000,"2,726.67",0.00,4500000394,00010,X,EA,97.000,2026,BI00,,0000,000000,NA00,,B,2,0000,0000,TG00,0000105800,00,000001,0000,204,CHSP1800,5000000361,EA,97.000,2026,0,000000,BI00,0.000,0000000000,0000,,S,0000,0000,0000000000,0000,USD,MI00,0001
0.00,32.000,EA,0.00,US00,000,000,101,000,844.48,0.00,4500000405,00010,X,EA,32.000,2026,BI00,,0000,000000,NA00,,B,2,0000,0000,TG00,0000101800,00,000001,0000,204,RHMT1800,5000000362,EA,32.000,2026,0,000000,BI00,0.000,0000000000,0000,,S,0000,0000,0000000000,0000,USD,MI00,0001
0.00,28.000,EA,0.00,US00,000,000,101,000,652.96,0.00,4500000407,00010,X,EA,28.000,2026,BI00,,0000,000000,NA00,,B,2,0000,0000,TG00,0000108800,00,000001,0000,204,PUMP1800,5000000363,EA,28.000,2026,0,000000,BI00,0.000,0000000000,0000,,S,0000,0000,0000000000,0000,USD,MI00,0001
0.00,31.000,EA,0.00,US00,000,000,101,000,818.71,0.00,4500000406,00010,X,EA,31.000,2026,BI00,,0000,000000,NA00,,B,2,0000,0000,TG00,0000107800,00,000001,0000,204,RHMT1800,5000000364,EA,31.000,2026,0,000000,BI00,0.000,0000000000,0000,,S,0000,0000,0000000000,0000,USD,MI00,0001
0.00,175.000,EA,0.00,US00,000,000,101,000,"1,760.50",0.00,4500000408,00010,X,EA,175.000,2026,BI00,,0000,000000,NA00,,B,2,0000,0000,TG00,0000106800,00,000001,0000,204,CAGE1800,5000000365,EA,175.000,2026,0,000000,BI00,0.000,0000000000,0000,,S,0000,0000,0000000000,0000,USD,MI00,0001
0.00,80.000,EA,0.00,US00,000,000,101,000,"1,140.00",0.00,4500000409,00010,X,EA,80.000,2026,BI00,,0000,000000,NA00,,B,2,0000,0000,TG00,0000110800,00,000001,0000,204,SHRT1800,5000000366,EA,80.000,2026,0,000000,BI00,0.000,0000000000,0000,,S,0000,0000,0000000000,0000,USD,MI00,0001
0.00,48.000,EA,0.00,US00,000,000,101,000,"1,186.08",0.00,4500000410,00010,X,EA,48.000,2026,BI00,,0000,000000,NA00,,B,2,0000,0000,TG00,0000101800,00,000001,0000,204,FAID1800,5000000367,EA,48.000,2026,0,000000,BI00,0.000,0000000000,0000,,S,0000,0000,0000000000,0000,USD,MI00,0001
0.00,200.000,EA,0.00,US00,000,000,101,000,"2,058.00",0.00,4500000415,00010,X,EA,200.000,2026,BI00,,0000,000000,NA00,,B,2,0000,0000,TG00,0000106800,00,000001,0000,204,CAGE1800,5000000368,EA,200.000,2026,0,000000,BI00,0.000,0000000000,0000,,S,0000,0000,0000000000,0000,USD,MI00,0001
0.00,29.000,EA,0.00,US00,000,000,101,000,778.36,0.00,4500000341,00010,X,EA,29.000,2026,BI00,,0000,000000,NA00,,B,2,0000,0000,TG00,0000101800,00,000001,0000,204,OHMT1800,5000000369,EA,29.000,2026,0,000000,BI00,0.000,0000000000,0000,,S,0000,0000,0000000000,0000,USD,MI00,0001
0.00,96.000,EA,0.00,US00,000,000,101,000,"1,482.24",0.00,4500000418,00010,X,EA,96.000,2026,BI00,,0000,000000,NA00,,B,2,0000,0000,TG00,0000112800,00,000001,0000,204,RKIT1800,5000000370,EA,96.000,2026,0,000000,BI00,0.000,0000000000,0000,,S,0000,0000,0000000000,0000,USD,MI00,0001
0.00,93.000,EA,0.00,US00,000,000,101,000,"2,682.12",0.00,4500000416,00010,X,EA,93.000,2026,BI00,,0000,000000,NA00,,B,2,0000,0000,TG00,0000105800,00,000001,0000,204,CHSP1800,5000000371,EA,93.000,2026,0,000000,BI00,0.000,0000000000,0000,,S,0000,0000,0000000000,0000,USD,MI00,0001
0.00,18.000,EA,0.00,US00,000,000,101,000,755.64,0.00,4500000436,00010,X,EA,18.000,2026,BI00,,0000,000000,NA00,,B,2,0000,0000,TG00,0000103800,00,000001,0000,204,EPAD1800,5000000372,EA,18.000,2026,0,000000,BI00,0.000,0000000000,0000,,S,0000,0000,0000000000,0000,USD,MI00,0001
0.00,59.000,EA,0.00,US00,000,000,101,000,"2,071.49",0.00,4500000438,00010,X,EA,59.000,2026,BI00,,0000,000000,NA00,,B,2,0000,0000,TG00,0001003070,00,000001,0000,204,CHLK1800,5000000373,EA,59.000,2026,0,000000,BI00,0.000,0000000000,0000,,S,0000,0000,0000000000,0000,USD,MI00,0001
0.00,20.000,EA,0.00,US00,000,000,101,000,829.60,0.00,4500000435,00010,X,EA,20.000,2026,BI00,,0000,000000,NA00,,B,2,0000,0000,TG00,0000103800,00,000001,0000,204,KPAD1800,5000000374,EA,20.000,2026,0,000000,BI00,0.000,0000000000,0000,,S,0000,0000,0000000000,0000,USD,MI00,0001
0.00,125.000,EA,0.00,US00,000,000,101,000,"3,171.25",0.00,4500000437,00010,X,EA,125.000,2026,BI00,,0000,000000,NA00,,B,2,0000,0000,TG00,0000112800,00,000001,0000,204,FAID1800,5000000375,EA,125.000,2026,0,000000,BI00,0.000,0000000000,0000,,S,0000,0000,0000000000,0000,USD,MI00,0001
0.00,39.000,EA,0.00,US00,000,000,101,000,972.27,0.00,4500000397,00010,X,EA,39.000,2026,BI00,,0000,000000,NA00,,B,2,0000,0000,TG00,0000112800,00,000001,0000,204,FAID1800,5000000376,EA,39.000,2026,0,000000,BI00,0.000,0000000000,0000,,S,0000,0000,0000000000,0000,USD,MI00,0001
0.00,215.000,EA,0.00,US00,000,000,101,000,"3,100.30",0.00,4500000398,00010,X,EA,215.000,2026,BI00,,0000,000000,NA00,,B,2,0000,0000,TG00,0000109800,00,000001,0000,204,SHRT1800,5000000377,EA,215.000,2026,0,000000,BI00,0.000,0000000000,0000,,S,0000,0000,0000000000,0000,USD,MI00,0001
0.00,34.000,EA,0.00,US00,000,000,101,000,863.26,0.00,4500000399,00010,X,EA,34.000,2026,BI00,,0000,000000,NA00,,B,2,0000,0000,TG00,0000112800,00,000001,0000,204,FAID1800,5000000378,EA,34.000,2026,0,000000,BI00,0.000,0000000000,0000,,S,0000,0000,0000000000,0000,USD,MI00,0001
0.00,30.000,EA,0.00,US00,000,000,101,000,777.30,0.00,4500000400,00010,X,EA,30.000,2026,BI00,,0000,000000,NA00,,B,2,0000,0000,TG00,0000107800,00,000001,0000,204,OHMT1800,5000000379,EA,30.000,2026,0,000000,BI00,0.000,0000000000,0000,,S,0000,0000,0000000000,0000,USD,MI00,0001
0.00,13.600,EA,0.00,US00,000,000,101,000,561.68,0.00,4500000401,00010,,EA,13.600,2026,BI00,,0000,000000,NA00,,B,2,0000,0000,TG00,0000103800,00,000001,0000,204,KPAD1800,5000000380,EA,13.600,2026,0,000000,BI00,0.000,0000000000,0000,,S,0000,0000,0000000000,0000,USD,MI00,0001
0.00,3.400,EA,0.00,US00,000,000,101,000,140.42,0.00,4500000401,00010,X,EA,3.400,2026,BI00,X,0000,000000,NA00,,B,2,0000,0000,TG00,0000103800,00,000002,0000,204,KPAD1800,5000000380,EA,3.400,2026,0,000000,BI00,0.000,0000000000,0000,,S,0000,0000,0000000000,0000,USD,MI00,0002
0.00,28.000,EA,0.00,US00,000,000,101,000,752.36,0.00,4500000402,00010,X,EA,28.000,2026,BI00,,0000,000000,NA00,,B,2,0000,0000,TG00,0000101800,00,000001,0000,204,RHMT1800,5000000381,EA,28.000,2026,0,000000,BI00,0.000,0000000000,0000,,S,0000,0000,0000000000,0000,USD,MI00,0001
0.00,23.000,EA,0.00,US00,000,000,101,000,533.14,0.00,4500000403,00010,X,EA,23.000,2026,BI00,,0000,000000,NA00,,B,2,0000,0000,TG00,0000108800,00,000001,0000,204,PUMP1800,5000000382,EA,23.000,2026,0,000000,BI00,0.000,0000000000,0000,,S,0000,0000,0000000000,0000,USD,MI00,0001
0.00,31.000,EA,0.00,US00,000,000,101,000,835.45,0.00,4500000412,00010,X,EA,31.000,2026,BI00,,0000,000000,NA00,,B,2,0000,0000,TG00,0000101800,00,000001,0000,204,OHMT1800,5000000383,EA,31.000,2026,0,000000,BI00,0.000,0000000000,0000,,S,0000,0000,0000000000,0000,USD,MI00,0001
0.00,22.000,EA,0.00,US00,000,000,101,000,492.58,0.00,4500000404,00010,X,EA,22.000,2026,BI00,,0000,000000,NA00,,B,2,0000,0000,TG00,0000108800,00,000001,0000,204,PUMP1800,5000000384,EA,22.000,2026,0,000000,BI00,0.000,0000000000,0000,,S,0000,0000,0000000000,0000,USD,MI00,0001
0.00,132.000,EA,0.00,US00,000,000,101,000,"2,009.04",0.00,4500000414,00010,X,EA,132.000,2026,BI00,,0000,000000,NA00,,B,2,0000,0000,TG00,0000112800,00,000001,0000,204,RKIT1800,5000000385,EA,132.000,2026,0,000000,BI00,0.000,0000000000,0000,,S,0000,0000,0000000000,0000,USD,MI00,0001
0.00,220.000,EA,0.00,US00,000,000,101,000,"2,180.20",0.00,4500000390,00010,X,EA,220.000,2026,BI00,,0000,000000,NA00,,B,2,0000,0000,TG00,0000108800,00,000001,0000,204,CAGE1800,5000000386,EA,220.000,2026,0,000000,BI00,0.000,0000000000,0000,,S,0000,0000,0000000000,0000,USD,MI00,0001
0.00,22.000,EA,0.00,US00,000,000,101,000,491.70,0.00,4500000413,00010,X,EA,22.000,2026,BI00,,0000,000000,NA00,,B,2,0000,0000,TG00,0000108800,00,000001,0000,204,PUMP1800,5000000387,EA,22.000,2026,0,000000,BI00,0.000,0000000000,0000,,S,0000,0000,0000000000,0000,USD,MI00,0001
0.00,38.000,EA,0.00,US00,000,000,101,000,994.08,0.00,4500000411,00010,X,EA,38.000,2026,BI00,,0000,000000,NA00,,B,2,0000,0000,TG00,0000101800,00,000001,0000,204,FAID1800,5000000388,EA,38.000,2026,0,000000,BI00,0.000,0000000000,0000,,S,0000,0000,0000000000,0000,USD,MI00,0001
0.00,230.000,EA,0.00,US00,000,000,101,000,"2,587.50",0.00,4500000426,00010,X,EA,230.000,2026,BI00,,0000,000000,NA00,,B,2,0000,0000,TG00,0000107800,00,000001,0000,204,BOTL1800,5000000389,EA,230.000,2026,0,000000,BI00,0.000,0000000000,0000,,S,0000,0000,0000000000,0000,USD,MI00,0001
0.00,100.000,EA,0.00,US00,000,000,101,000,"1,413.00",0.00,4500000424,00010,X,EA,100.000,2026,BI00,,0000,000000,NA00,,B,2,0000,0000,TG00,0000109800,00,000001,0000,204,SHRT1800,5000000390,EA,100.000,2026,0,000000,BI00,0.000,0000000000,0000,,S,0000,0000,0000000000,0000,USD,MI00,0001
0.00,31.000,EA,0.00,US00,000,000,101,000,811.89,0.00,4500000428,00010,X,EA,31.000,2026,BI00,,0000,000000,NA00,,B,2,0000,0000,TG00,0000107800,00,000001,0000,204,RHMT1800,5000000391,EA,31.000,2026,0,000000,BI00,0.000,0000000000,0000,,S,0000,0000,0000000000,0000,USD,MI00,0001
0.00,79.000,EA,0.00,US00,000,000,101,000,"1,964.73",0.00,4500000427,00010,X,EA,79.000,2026,BI00,,0000,000000,NA00,,B,2,0000,0000,TG00,0000112800,00,000001,0000,204,FAID1800,5000000392,EA,79.000,2026,0,000000,BI00,0.000,0000000000,0000,,S,0000,0000,0000000000,0000,USD,MI00,0001
0.00,29.000,EA,0.00,US00,000,000,101,000,792.28,0.00,4500000429,00010,X,EA,29.000,2026,BI00,,0000,000000,NA00,,B,2,0000,0000,TG00,0000107800,00,000001,0000,204,OHMT1800,5000000393,EA,29.000,2026,0,000000,BI00,0.000,0000000000,0000,,S,0000,0000,0000000000,0000,USD,MI00,0001
0.00,220.000,EA,0.00,US00,000,000,101,000,"3,179.00",0.00,4500000445,00010,X,EA,220.000,2026,BI00,,0000,000000,NA00,,B,2,0000,0000,TG00,0000110800,00,000001,0000,204,SHRT1800,5000000394,EA,220.000,2026,0,000000,BI00,0.000,0000000000,0000,,S,0000,0000,0000000000,0000,USD,MI00,0001
0.00,30.000,EA,0.00,US00,000,000,101,000,803.10,0.00,4500000446,00010,X,EA,30.000,2026,BI00,,0000,000000,NA00,,B,2,0000,0000,TG00,0000101800,00,000001,0000,204,OHMT1800,5000000395,EA,30.000,2026,0,000000,BI00,0.000,0000000000,0000,,S,0000,0000,0000000000,0000,USD,MI00,0001
0.00,220.000,EA,0.00,US00,000,000,101,000,"3,148.20",0.00,4500000447,00010,X,EA,220.000,2026,BI00,,0000,000000,NA00,,B,2,0000,0000,TG00,0000109800,00,000001,0000,204,SHRT1800,5000000396,EA,220.000,2026,0,000000,BI00,0.000,0000000000,0000,,S,0000,0000,0000000000,0000,USD,MI00,0001
0.00,235.000,EA,0.00,US00,000,000,101,000,"2,342.95",0.00,4500000450,00010,X,EA,235.000,2026,BI00,,0000,000000,NA00,,B,2,0000,0000,TG00,0000106800,00,000001,0000,204,CAGE1800,5000000397,EA,235.000,2026,0,000000,BI00,0.000,0000000000,0000,,S,0000,0000,0000000000,0000,USD,MI00,0001
0.00,33.000,EA,0.00,US00,000,000,101,000,875.82,0.00,4500000449,00010,X,EA,33.000,2026,BI00,,0000,000000,NA00,,B,2,0000,0000,TG00,0000107800,00,000001,0000,204,OHMT1800,5000000398,EA,33.000,2026,0,000000,BI00,0.000,0000000000,0000,,S,0000,0000,0000000000,0000,USD,MI00,0001
0.00,21.000,EA,0.00,US00,000,000,101,000,856.38,0.00,4500000417,00010,X,EA,21.000,2026,BI00,,0000,000000,NA00,,B,2,0000,0000,TG00,0000101800,00,000001,0000,204,KPAD1800,5000000399,EA,21.000,2026,0,000000,BI00,0.000,0000000000,0000,,S,0000,0000,0000000000,0000,USD,MI00,0001
0.00,22.400,EA,0.00,US00,000,000,101,000,505.34,0.00,4500000419,00010,,EA,22.400,2026,BI00,,0000,000000,NA00,,B,2,0000,0000,TG00,0000107800,00,000001,0000,204,PUMP1800,5000000400,EA,22.400,2026,0,000000,BI00,0.000,0000000000,0000,,S,0000,0000,0000000000,0000,USD,MI00,0001
0.00,5.600,EA,0.00,US00,000,000,101,000,126.34,0.00,4500000419,00010,X,EA,5.600,2026,BI00,X,0000,000000,NA00,,B,2,0000,0000,TG00,0000107800,00,000002,0000,204,PUMP1800,5000000400,EA,5.600,2026,0,000000,BI00,0.000,0000000000,0000,,S,0000,0000,0000000000,0000,USD,MI00,0002
0.00,175.000,EA,0.00,US00,000,000,101,000,"1,769.25",0.00,4500000422,00010,X,EA,175.000,2026,BI00,,0000,000000,NA00,,B,2,0000,0000,TG00,0000106800,00,000001,0000,204,CAGE1800,5000000401,EA,175.000,2026,0,000000,BI00,0.000,0000000000,0000,,S,0000,0000,0000000000,0000,USD,MI00,0001
0.00,28.000,EA,0.00,US00,000,000,101,000,641.76,0.00,4500000420,00010,X,EA,28.000,2026,BI00,,0000,000000,NA00,,B,2,0000,0000,TG00,0000107800,00,000001,0000,204,PUMP1800,5000000402,EA,28.000,2026,0,000000,BI00,0.000,0000000000,0000,,S,0000,0000,0000000000,0000,USD,MI00,0001
0.00,85.000,EA,0.00,US00,000,000,101,000,874.65,0.00,4500000421,00010,X,EA,85.000,2026,BI00,,0000,000000,NA00,,B,2,0000,0000,TG00,0000108800,00,000001,0000,204,CAGE1800,5000000403,EA,85.000,2026,0,000000,BI00,0.000,0000000000,0000,,S,0000,0000,0000000000,0000,USD,MI00,0001
0.00,30.000,EA,0.00,US00,000,000,101,000,809.10,0.00,4500000423,00010,X,EA,30.000,2026,BI00,,0000,000000,NA00,,B,2,0000,0000,TG00,0000107800,00,000001,0000,204,RHMT1800,5000000404,EA,30.000,2026,0,000000,BI00,0.000,0000000000,0000,,S,0000,0000,0000000000,0000,USD,MI00,0001
0.00,116.000,EA,0.00,US00,000,000,101,000,"1,774.80",0.00,4500000425,00010,X,EA,116.000,2026,BI00,,0000,000000,NA00,,B,2,0000,0000,TG00,0000108800,00,000001,0000,204,RKIT1800,5000000405,EA,116.000,2026,0,000000,BI00,0.000,0000000000,0000,,S,0000,0000,0000000000,0000,USD,MI00,0001
0.00,111.000,EA,0.00,US00,000,000,101,000,"2,826.06",0.00,4500000430,00010,X,EA,111.000,2026,BI00,,0000,000000,NA00,,B,2,0000,0000,TG00,0000101800,00,000001,0000,204,FAID1800,5000000406,EA,111.000,2026,0,000000,BI00,0.000,0000000000,0000,,S,0000,0000,0000000000,0000,USD,MI00,0001
0.00,132.000,EA,0.00,US00,000,000,101,000,"1,452.00",0.00,4500000431,00010,,EA,132.000,2026,BI00,,0000,000000,NA00,,B,2,0000,0000,TG00,0000110800,00,000001,0000,204,BOTL1800,5000000407,EA,132.000,2026,0,000000,BI00,0.000,0000000000,0000,,S,0000,0000,0000000000,0000,USD,MI00,0001
0.00,33.000,EA,0.00,US00,000,000,101,000,363.00,0.00,4500000431,00010,X,EA,33.000,2026,BI00,X,0000,000000,NA00,,B,2,0000,0000,TG00,0000110800,00,000002,0000,204,BOTL1800,5000000407,EA,33.000,2026,0,000000,BI00,0.000,0000000000,0000,,S,0000,0000,0000000000,0000,USD,MI00,0002
0.00,64.000,EA,0.00,US00,000,000,101,000,956.80,0.00,4500000432,00010,X,EA,64.000,2026,BI00,,0000,000000,NA00,,B,2,0000,0000,TG00,0000108800,00,000001,0000,204,RKIT1800,5000000408,EA,64.000,2026,0,000000,BI00,0.000,0000000000,0000,,S,0000,0000,0000000000,0000,USD,MI00,0001
0.00,205.000,EA,0.00,US00,000,000,101,000,"2,095.10",0.00,4500000433,00010,X,EA,205.000,2026,BI00,,0000,000000,NA00,,B,2,0000,0000,TG00,0000108800,00,000001,0000,204,CAGE1800,5000000409,EA,205.000,2026,0,000000,BI00,0.000,0000000000,0000,,S,0000,0000,0000000000,0000,USD,MI00,0001
0.00,184.000,EA,0.00,US00,000,000,101,000,"2,049.76",0.00,4500000455,00010,,EA,184.000,2026,BI00,,0000,000000,NA00,,B,2,0000,0000,TG00,0000110800,00,000001,0000,204,BOTL1800,5000000410,EA,184.000,2026,0,000000,BI00,0.000,0000000000,0000,,S,0000,0000,0000000000,0000,USD,MI00,0001
0.00,46.000,EA,0.00,US00,000,000,101,000,512.44,0.00,4500000455,00010,X,EA,46.000,2026,BI00,X,0000,000000,NA00,,B,2,0000,0000,TG00,0000110800,00,000002,0000,204,BOTL1800,5000000410,EA,46.000,2026,0,000000,BI00,0.000,0000000000,0000,,S,0000,0000,0000000000,0000,USD,MI00,0002
0.00,140.000,EA,0.00,US00,000,000,101,000,"1,444.80",0.00,4500000434,00010,X,EA,140.000,2026,BI00,,0000,000000,NA00,,B,2,0000,0000,TG00,0000106800,00,000001,0000,204,CAGE1800,5000000411,EA,140.000,2026,0,000000,BI00,0.000,0000000000,0000,,S,0000,0000,0000000000,0000,USD,MI00,0001
0.00,180.000,EA,0.00,US00,000,000,101,000,"2,064.60",0.00,4500000456,00010,X,EA,180.000,2026,BI00,,0000,000000,NA00,,B,2,0000,0000,TG00,0000110800,00,000001,0000,204,BOTL1800,5000000412,EA,180.000,2026,0,000000,BI00,0.000,0000000000,0000,,S,0000,0000,0000000000,0000,USD,MI00,0001
0.00,35.000,EA,0.00,US00,000,000,101,000,879.55,0.00,4500000457,00010,X,EA,35.000,2026,BI00,,0000,000000,NA00,,B,2,0000,0000,TG00,0000101800,00,000001,0000,204,FAID1800,5000000413,EA,35.000,2026,0,000000,BI00,0.000,0000000000,0000,,S,0000,0000,0000000000,0000,USD,MI00,0001
0.00,145.000,EA,0.00,US00,000,000,101,000,"1,510.90",0.00,4500000458,00010,X,EA,145.000,2026,BI00,,0000,000000,NA00,,B,2,0000,0000,TG00,0000106800,00,000001,0000,204,CAGE1800,5000000414,EA,145.000,2026,0,000000,BI00,0.000,0000000000,0000,,S,0000,0000,0000000000,0000,USD,MI00,0001
0.00,19.000,EA,0.00,US00,000,000,101,000,795.34,0.00,4500000466,00010,X,EA,19.000,2026,BI00,,0000,000000,NA00,,B,2,0000,0000,TG00,0000101800,00,000001,0000,204,EPAD1800,5000000415,EA,19.000,2026,0,000000,BI00,0.000,0000000000,0000,,S,0000,0000,0000000000,0000,USD,MI00,0001
0.00,168.000,EA,0.00,US00,000,000,101,000,"2,604.00",0.00,4500000464,00010,X,EA,168.000,2026,BI00,,0000,000000,NA00,,B,2,0000,0000,TG00,0000108800,00,000001,0000,204,RKIT1800,5000000416,EA,168.000,2026,0,000000,BI00,0.000,0000000000,0000,,S,0000,0000,0000000000,0000,USD,MI00,0001
0.00,22.000,EA,0.00,US00,000,000,101,000,510.84,0.00,4500000467,00010,X,EA,22.000,2026,BI00,,0000,000000,NA00,,B,2,0000,0000,TG00,0000108800,00,000001,0000,204,PUMP1800,5000000417,EA,22.000,2026,0,000000,BI00,0.000,0000000000,0000,,S,0000,0000,0000000000,0000,USD,MI00,0001
0.00,75.000,EA,0.00,US00,000,000,101,000,"1,178.25",0.00,4500000468,00010,X,EA,75.000,2026,BI00,,0000,000000,NA00,,B,2,0000,0000,TG00,0000108800,00,000001,0000,204,RKIT1800,5000000418,EA,75.000,2026,0,000000,BI00,0.000,0000000000,0000,,S,0000,0000,0000000000,0000,USD,MI00,0001
0.00,21.000,EA,0.00,US00,000,000,101,000,873.81,0.00,4500000469,00010,X,EA,21.000,2026,BI00,,0000,000000,NA00,,B,2,0000,0000,TG00,0000103800,00,000001,0000,204,EPAD1800,5000000419,EA,21.000,2026,0,000000,BI00,0.000,0000000000,0000,,S,0000,0000,0000000000,0000,USD,MI00,0001
0.00,240.000,EA,0.00,US00,000,000,101,000,"2,745.60",0.00,4500000439,00010,X,EA,240.000,2026,BI00,,0000,000000,NA00,,B,2,0000,0000,TG00,0000110800,00,000001,0000,204,BOTL1800,5000000420,EA,240.000,2026,0,000000,BI00,0.000,0000000000,0000,,S,0000,0000,0000000000,0000,USD,MI00,0001
0.00,17.000,EA,0.00,US00,000,000,101,000,683.23,0.00,4500000440,00010,X,EA,17.000,2026,BI00,,0000,000000,NA00,,B,2,0000,0000,TG00,0000101800,00,000001,0000,204,EPAD1800,5000000421,EA,17.000,2026,0,000000,BI00,0.000,0000000000,0000,,S,0000,0000,0000000000,0000,USD,MI00,0001
0.00,104.000,EA,0.00,US00,000,000,101,000,"1,588.08",0.00,4500000442,00010,X,EA,104.000,2026,BI00,,0000,000000,NA00,,B,2,0000,0000,TG00,0000112800,00,000001,0000,204,RKIT1800,5000000422,EA,104.000,2026,0,000000,BI00,0.000,0000000000,0000,,S,0000,0000,0000000000,0000,USD,MI00,0001
0.00,155.000,EA,0.00,US00,000,000,101,000,"1,542.25",0.00,4500000441,00010,X,EA,155.000,2026,BI00,,0000,000000,NA00,,B,2,0000,0000,TG00,0000108800,00,000001,0000,204,CAGE1800,5000000423,EA,155.000,2026,0,000000,BI00,0.000,0000000000,0000,,S,0000,0000,0000000000,0000,USD,MI00,0001
0.00,180.000,EA,0.00,US00,000,000,101,000,"2,637.00",0.00,4500000443,00010,X,EA,180.000,2026,BI00,,0000,000000,NA00,,B,2,0000,0000,TG00,0000110800,00,000001,0000,204,SHRT1800,5000000424,EA,180.000,2026,0,000000,BI00,0.000,0000000000,0000,,S,0000,0000,0000000000,0000,USD,MI00,0001
0.00,182.000,EA,0.00,US00,000,000,101,000,"5,121.48",0.00,4500000444,00010,X,EA,182.000,2026,BI00,,0000,000000,NA00,,B,2,0000,0000,TG00,0001003070,00,000001,0000,204,CHSP1800,5000000425,EA,182.000,2026,0,000000,BI00,0.000,0000000000,0000,,S,0000,0000,0000000000,0000,USD,MI00,0001
0.00,220.000,EA,0.00,US00,000,000,101,000,"2,439.80",0.00,4500000452,00010,X,EA,220.000,2026,BI00,,0000,000000,NA00,,B,2,0000,0000,TG00,0000107800,00,000001,0000,204,BOTL1800,5000000426,EA,220.000,2026,0,000000,BI00,0.000,0000000000,0000,,S,0000,0000,0000000000,0000,USD,MI00,0001
0.00,28.000,EA,0.00,US00,000,000,101,000,637.28,0.00,4500000451,00010,X,EA,28.000,2026,BI00,,0000,000000,NA00,,B,2,0000,0000,TG00,0000107800,00,000001,0000,204,PUMP1800,5000000427,EA,28.000,2026,0,000000,BI00,0.000,0000000000,0000,,S,0000,0000,0000000000,0000,USD,MI00,0001
0.00,112.000,EA,0.00,US00,000,000,101,000,"3,299.52",0.00,4500000459,00010,X,EA,112.000,2026,BI00,,0000,000000,NA00,,B,2,0000,0000,TG00,0001003070,00,000001,0000,204,CHSP1800,5000000428,EA,112.000,2026,0,000000,BI00,0.000,0000000000,0000,,S,0000,0000,0000000000,0000,USD,MI00,0001
0.00,87.000,EA,0.00,US00,000,000,101,000,"1,376.34",0.00,4500000448,00010,X,EA,87.000,2026,BI00,,0000,000000,NA00,,B,2,0000,0000,TG00,0000112800,00,000001,0000,204,RKIT1800,5000000429,EA,87.000,2026,0,000000,BI00,0.000,0000000000,0000,,S,0000,0000,0000000000,0000,USD,MI00,0001
0.00,27.000,EA,0.00,US00,000,000,101,000,604.26,0.00,4500000461,00010,X,EA,27.000,2026,BI00,,0000,000000,NA00,,B,2,0000,0000,TG00,0000108800,00,000001,0000,204,PUMP1800,5000000430,EA,27.000,2026,0,000000,BI00,0.000,0000000000,0000,,S,0000,0000,0000000000,0000,USD,MI00,0001
0.00,240.000,EA,0.00,US00,000,000,101,000,"2,688.00",0.00,4500000453,00010,X,EA,240.000,2026,BI00,,0000,000000,NA00,,B,2,0000,0000,TG00,0000107800,00,000001,0000,204,BOTL1800,5000000431,EA,240.000,2026,0,000000,BI00,0.000,0000000000,0000,,S,0000,0000,0000000000,0000,USD,MI00,0001
0.00,162.000,EA,0.00,US00,000,000,101,000,"2,551.50",0.00,4500000460,00010,X,EA,162.000,2026,BI00,,0000,000000,NA00,,B,2,0000,0000,TG00,0000108800,00,000001,0000,204,RKIT1800,5000000432,EA,162.000,2026,0,000000,BI00,0.000,0000000000,0000,,S,0000,0000,0000000000,0000,USD,MI00,0001
0.00,220.000,EA,0.00,US00,000,000,101,000,"2,446.40",0.00,4500000454,00010,X,EA,220.000,2026,BI00,,0000,000000,NA00,,B,2,0000,0000,TG00,0000110800,00,000001,0000,204,BOTL1800,5000000433,EA,220.000,2026,0,000000,BI00,0.000,0000000000,0000,,S,0000,0000,0000000000,0000,USD,MI00,0001
0.00,137.000,EA,0.00,US00,000,000,101,000,"2,094.73",0.00,4500000462,00010,X,EA,137.000,2026,BI00,,0000,000000,NA00,,B,2,0000,0000,TG00,0000108800,00,000001,0000,204,RKIT1800,5000000434,EA,137.000,2026,0,000000,BI00,0.000,0000000000,0000,,S,0000,0000,0000000000,0000,USD,MI00,0001
0.00,130.000,EA,0.00,US00,000,000,101,000,"1,462.50",0.00,4500000463,00010,X,EA,130.000,2026,BI00,,0000,000000,NA00,,B,2,0000,0000,TG00,0000107800,00,000001,0000,204,BOTL1800,5000000435,EA,130.000,2026,0,000000,BI00,0.000,0000000000,0000,,S,0000,0000,0000000000,0000,USD,MI00,0001
0.00,177.000,EA,0.00,US00,000,000,101,000,"5,202.03",0.00,4500000465,00010,X,EA,177.000,2026,BI00,,0000,000000,NA00,,B,2,0000,0000,TG00,0001003070,00,000001,0000,204,CHSP1800,5000000436,EA,177.000,2026,0,000000,BI00,0.000,0000000000,0000,,S,0000,0000,0000000000,0000,USD,MI00,0001
0.00,49.600,EA,0.00,US00,000,000,101,000,"1,749.89",0.00,4500000470,00010,,EA,49.600,2026,BI00,,0000,000000,NA00,,B,2,0000,0000,TG00,0000103800,00,000001,0000,204,CHLK1800,5000000437,EA,49.600,2026,0,000000,BI00,0.000,0000000000,0000,,S,0000,0000,0000000000,0000,USD,MI00,0001
0.00,12.400,EA,0.00,US00,000,000,101,000,437.47,0.00,4500000470,00010,X,EA,12.400,2026,BI00,X,0000,000000,NA00,,B,2,0000,0000,TG00,0000103800,00,000002,0000,204,CHLK1800,5000000437,EA,12.400,2026,0,000000,BI00,0.000,0000000000,0000,,S,0000,0000,0000000000,0000,USD,MI00,0002
0.00,19.200,EA,0.00,US00,000,000,101,000,772.61,0.00,4500000471,00010,,EA,19.200,2026,BI00,,0000,000000,NA00,,B,2,0000,0000,TG00,0000101800,00,000001,0000,204,KPAD1800,5000000438,EA,19.200,2026,0,000000,BI00,0.000,0000000000,0000,,S,0000,0000,0000000000,0000,USD,MI00,0001
0.00,4.800,EA,0.00,US00,000,000,101,000,193.15,0.00,4500000471,00010,X,EA,4.800,2026,BI00,X,0000,000000,NA00,,B,2,0000,0000,TG00,0000101800,00,000002,0000,204,KPAD1800,5000000438,EA,4.800,2026,0,000000,BI00,0.000,0000000000,0000,,S,0000,0000,0000000000,0000,USD,MI00,0002
0.00,24.000,EA,0.00,US00,000,000,101,000,554.40,0.00,4500000472,00010,X,EA,24.000,2026,BI00,,0000,000000,NA00,,B,2,0000,0000,TG00,0000108800,00,000001,0000,204,PUMP1800,5000000439,EA,24.000,2026,0,000000,BI00,0.000,0000000000,0000,,S,0000,0000,0000000000,0000,USD,MI00,0001
0.00,155.000,EA,0.00,US00,000,000,101,000,"1,629.05",0.00,4500000473,00010,X,EA,155.000,2026,BI00,,0000,000000,NA00,,B,2,0000,0000,TG00,0000106800,00,000001,0000,204,CAGE1800,5000000440,EA,155.000,2026,0,000000,BI00,0.000,0000000000,0000,,S,0000,0000,0000000000,0000,USD,MI00,0001
0.00,229.000,EA,0.00,US00,000,000,101,000,"6,760.08",0.00,4500000475,00010,X,EA,229.000,2026,BI00,,0000,000000,NA00,,B,2,0000,0000,TG00,0000105800,00,000001,0000,204,CHSP1800,5000000441,EA,229.000,2026,0,000000,BI00,0.000,0000000000,0000,,S,0000,0000,0000000000,0000,USD,MI00,0001
0.00,155.000,EA,0.00,US00,000,000,101,000,"1,627.50",0.00,4500000474,00010,X,EA,155.000,2026,BI00,,0000,000000,NA00,,B,2,0000,0000,TG00,0000108800,00,000001,0000,204,CAGE1800,5000000442,EA,155.000,2026,0,000000,BI00,0.000,0000000000,0000,,S,0000,0000,0000000000,0000,USD,MI00,0001
0.00,24.000,EA,0.00,US00,000,000,101,000,551.04,0.00,4500000476,00010,X,EA,24.000,2026,BI00,,0000,000000,NA00,,B,2,0000,0000,TG00,0000108800,00,000001,0000,204,PUMP1800,5000000443,EA,24.000,2026,0,000000,BI00,0.000,0000000000,0000,,S,0000,0000,0000000000,0000,USD,MI00,0001
0.00,17.000,EA,0.00,US00,000,000,101,000,697.00,0.00,4500000478,00010,X,EA,17.000,2026,BI00,,0000,000000,NA00,,B,2,0000,0000,TG00,0000101800,00,000001,0000,204,KPAD1800,5000000444,EA,17.000,2026,0,000000,BI00,0.000,0000000000,0000,,S,0000,0000,0000000000,0000,USD,MI00,0001
0.00,28.000,EA,0.00,US00,000,000,101,000,656.60,0.00,4500000477,00010,X,EA,28.000,2026,BI00,,0000,000000,NA00,,B,2,0000,0000,TG00,0000108800,00,000001,0000,204,PUMP1800,5000000445,EA,28.000,2026,0,000000,BI00,0.000,0000000000,0000,,S,0000,0000,0000000000,0000,USD,MI00,0001
0.00,86.000,EA,0.00,US00,000,000,101,000,"1,358.80",0.00,4500000480,00010,X,EA,86.000,2026,BI00,,0000,000000,NA00,,B,2,0000,0000,TG00,0000112800,00,000001,0000,204,RKIT1800,5000000446,EA,86.000,2026,0,000000,BI00,0.000,0000000000,0000,,S,0000,0000,0000000000,0000,USD,MI00,0001
0.00,33.000,EA,0.00,US00,000,000,101,000,904.86,0.00,4500000479,00010,X,EA,33.000,2026,BI00,,0000,000000,NA00,,B,2,0000,0000,TG00,0000101800,00,000001,0000,204,RHMT1800,5000000447,EA,33.000,2026,0,000000,BI00,0.000,0000000000,0000,,S,0000,0000,0000000000,0000,USD,MI00,0001
0.00,220.000,EA,0.00,US00,000,000,101,000,"2,277.00",0.00,4500000481,00010,X,EA,220.000,2026,BI00,,0000,000000,NA00,,B,2,0000,0000,TG00,0000108800,00,000001,0000,204,CAGE1800,5000000448,EA,220.000,2026,0,000000,BI00,0.000,0000000000,0000,,S,0000,0000,0000000000,0000,USD,MI00,0001
0.00,23.000,EA,0.00,US00,000,000,101,000,942.31,0.00,4500000482,00010,X,EA,23.000,2026,BI00,,0000,000000,NA00,,B,2,0000,0000,TG00,0000101800,00,000001,0000,204,KPAD1800,5000000449,EA,23.000,2026,0,000000,BI00,0.000,0000000000,0000,,S,0000,0000,0000000000,0000,USD,MI00,0001
0.00,29.000,EA,0.00,US00,000,000,101,000,730.51,0.00,4500000483,00010,X,EA,29.000,2026,BI00,,0000,000000,NA00,,B,2,0000,0000,TG00,0000101800,00,000001,0000,204,FAID1800,5000000450,EA,29.000,2026,0,000000,BI00,0.000,0000000000,0000,,S,0000,0000,0000000000,0000,USD,MI00,0001
0.00,20.000,EA,0.00,US00,000,000,101,000,809.60,0.00,4500000484,00010,X,EA,20.000,2026,BI00,,0000,000000,NA00,,B,2,0000,0000,TG00,0000103800,00,000001,0000,204,EPAD1800,5000000451,EA,20.000,2026,0,000000,BI00,0.000,0000000000,0000,,S,0000,0000,0000000000,0000,USD,MI00,0001
0.00,0.000,,0.00,US00,000,000,563,000,152.19,0.00,,00000,,EA,3.800,2026,BI00,0,0000,000000,NA00,,,2,0000,0000,TG00,,00,000001,0000,204,KPAD1800,4900038032,EA,3.800,2026,0,000000,BI00,0.000,0000000000,0000,Qualitätsprüfung bestanden.,S,0000,0000,0000000000,0000,USD,MI00,0001
0.00,0.000,,0.00,US00,000,000,553,000,144.07,0.00,,00000,,EA,5.600,2026,BI00,0,0000,000000,NA00,NAPC1000,,2,0000,0000,TG00,,00,000001,0000,204,RHMT1800,4900038033,EA,5.600,2026,0,000000,BI00,0.000,0000000000,0000,Muss leider verschrottet werden.,H,0000,0000,0000000000,0000,USD,MI00,0001
0.00,0.000,,0.00,US00,000,000,553,000,419.43,0.00,,00000,,EA,30.000,2026,BI00,0,0000,000000,NA00,NAPC1000,,2,0000,0000,TG00,,00,000001,0000,204,SHRT1800,4900038034,EA,30.000,2026,0,000000,BI00,0.000,0000000000,0000,Muss leider verschrottet werden.,H,0000,0000,0000000000,0000,USD,MI00,0001
0.00,0.000,,0.00,US00,000,000,563,000,159.70,0.00,,00000,,EA,6.200,2026,BI00,0,0000,000000,NA00,,,2,0000,0000,TG00,,00,000001,0000,204,OHMT1800,4900038035,EA,6.200,2026,0,000000,BI00,0.000,0000000000,0000,Qualitätsprüfung bestanden.,S,0000,0000,0000000000,0000,USD,MI00,0001
0.00,0.000,,0.00,US00,000,000,563,000,354.09,0.00,,00000,,EA,25.000,2026,BI00,0,0000,000000,NA00,,,2,0000,0000,TG00,,00,000001,0000,204,RKIT1800,4900038036,EA,25.000,2026,0,000000,BI00,0.000,0000000000,0000,Qualitätsprüfung bestanden.,S,0000,0000,0000000000,0000,USD,MI00,0001
0.00,0.000,,0.00,US00,000,000,563,000,487.16,0.00,,00000,,EA,17.600,2026,BI00,0,0000,000000,NA00,,,2,0000,0000,TG00,,00,000001,0000,204,CHSP1800,4900038037,EA,17.600,2026,0,000000,BI00,0.000,0000000000,0000,Qualitätsprüfung bestanden.,S,0000,0000,0000000000,0000,USD,MI00,0001
0.00,0.000,,0.00,US00,000,000,563,000,247.40,0.00,,00000,,EA,17.400,2026,BI00,0,0000,000000,NA00,,,2,0000,0000,TG00,,00,000001,0000,204,RKIT1800,4900038038,EA,17.400,2026,0,000000,BI00,0.000,0000000000,0000,Qualitätsprüfung bestanden.,S,0000,0000,0000000000,0000,USD,MI00,0001
0.00,0.000,,0.00,US00,000,000,563,000,233.18,0.00,,00000,,EA,16.400,2026,BI00,0,0000,000000,NA00,,,2,0000,0000,TG00,,00,000001,0000,204,RKIT1800,4900038039,EA,16.400,2026,0,000000,BI00,0.000,0000000000,0000,Qualitätsprüfung bestanden.,S,0000,0000,0000000000,0000,USD,MI00,0001
0.00,0.000,,0.00,US00,000,000,563,000,373.91,0.00,,00000,,EA,34.000,2026,BI00,0,0000,000000,NA00,,,2,0000,0000,TG00,,00,000001,0000,204,BOTL1800,4900038040,EA,34.000,2026,0,000000,BI00,0.000,0000000000,0000,Qualitätsprüfung bestanden.,S,0000,0000,0000000000,0000,USD,MI00,0001
0.00,0.000,,0.00,US00,000,000,563,000,192.20,0.00,,00000,,EA,7.800,2026,BI00,0,0000,000000,NA00,,,2,0000,0000,TG00,,00,000001,0000,204,FAID1800,4900038041,EA,7.800,2026,0,000000,BI00,0.000,0000000000,0000,Qualitätsprüfung bestanden.,S,0000,0000,0000000000,0000,USD,MI00,0001
0.00,0.000,,0.00,US00,000,000,563,000,274.81,0.00,,00000,,EA,19.200,2026,BI00,0,0000,000000,NA00,,,2,0000,0000,TG00,,00,000001,0000,204,RKIT1800,4900038042,EA,19.200,2026,0,000000,BI00,0.000,0000000000,0000,Qualitätsprüfung bestanden.,S,0000,0000,0000000000,0000,USD,MI00,0001
0.00,0.000,,0.00,US00,000,000,563,000,630.65,0.00,,00000,,EA,45.000,2026,BI00,0,0000,000000,NA00,,,2,0000,0000,TG00,,00,000001,0000,204,SHRT1800,4900038043,EA,45.000,2026,0,000000,BI00,0.000,0000000000,0000,Qualitätsprüfung bestanden.,S,0000,0000,0000000000,0000,USD,MI00,0001
0.00,0.000,,0.00,US00,000,000,563,000,322.47,0.00,,00000,,EA,23.000,2026,BI00,0,0000,000000,NA00,,,2,0000,0000,TG00,,00,000001,0000,204,SHRT1800,4900038044,EA,23.000,2026,0,000000,BI00,0.000,0000000000,0000,Qualitätsprüfung bestanden.,S,0000,0000,0000000000,0000,USD,MI00,0001
0.00,0.000,,0.00,US00,000,000,563,000,227.44,0.00,,00000,,EA,23.000,2026,BI00,0,0000,000000,NA00,,,2,0000,0000,TG00,,00,000001,0000,204,CAGE1800,4900038045,EA,23.000,2026,0,000000,BI00,0.000,0000000000,0000,Qualitätsprüfung bestanden.,S,0000,0000,0000000000,0000,USD,MI00,0001
0.00,0.000,,0.00,US00,000,000,563,000,136.68,0.00,,00000,,EA,3.400,2026,BI00,0,0000,000000,NA00,,,2,0000,0000,TG00,,00,000001,0000,204,KPAD1800,4900038046,EA,3.400,2026,0,000000,BI00,0.000,0000000000,0000,Qualitätsprüfung bestanden.,S,0000,0000,0000000000,0000,USD,MI00,0001
0.00,0.000,,0.00,US00,000,000,553,000,364.08,0.00,,00000,,EA,33.000,2026,BI00,0,0000,000000,NA00,NAPC1000,,2,0000,0000,TG00,,00,000001,0000,204,BOTL1800,4900038047,EA,33.000,2026,0,000000,BI00,0.000,0000000000,0000,Muss leider verschrottet werden.,H,0000,0000,0000000000,0000,USD,MI00,0001
0.00,0.000,,0.00,US00,000,000,553,000,116.13,0.00,,00000,,EA,5.600,2026,BI00,0,0000,000000,NA00,NAPC1000,,2,0000,0000,TG00,,00,000001,0000,204,PUMP1800,4900038048,EA,5.600,2026,0,000000,BI00,0.000,0000000000,0000,Muss leider verschrottet werden.,H,0000,0000,0000000000,0000,USD,MI00,0001
0.00,0.000,,0.00,US00,000,000,553,000,507.50,0.00,,00000,,EA,46.000,2026,BI00,0,0000,000000,NA00,NAPC1000,,2,0000,0000,TG00,,00,000001,0000,204,BOTL1800,4900038049,EA,46.000,2026,0,000000,BI00,0.000,0000000000,0000,Muss leider verschrottet werden.,H,0000,0000,0000000000,0000,USD,MI00,0001
0.00,0.000,,0.00,US00,000,000,553,000,424.00,0.00,,00000,,EA,12.400,2026,BI00,0,0000,000000,NA00,NAPC1000,,2,0000,0000,TG00,,00,000001,0000,204,CHLK1800,4900038050,EA,12.400,2026,0,000000,BI00,0.000,0000000000,0000,Muss leider verschrottet werden.,H,0000,0000,0000000000,0000,USD,MI00,0001
0.00,0.000,,0.00,US00,000,000,553,000,193.11,0.00,,00000,,EA,4.800,2026,BI00,0,0000,000000,NA00,NAPC1000,,2,0000,0000,TG00,,00,000001,0000,204,KPAD1800,4900038051,EA,4.800,2026,0,000000,BI00,0.000,0000000000,0000,Muss leider verschrottet werden.,H,0000,0000,0000000000,0000,USD,MI00,0001
