ARKUEMW,ARKUEN,BELNR,BEZNK,BLART,BLDAT,BUDAT,BUKRS,CPUDT,CPUTM,CTXKRS,GJAHR,KURSF,LIEFFMW,LIEFFN,LIFNR,LOGSYS,MAKZMW,MAKZN,MANDT,MONAT,MWSKZ1,QSFBT,QSSHB,RBSTAT,REBZJ,RMWWR,SAPRL,STJAH,TCODE,TXDAT,TXDAT_FROM,TXKRS,USNAM,VATDATE,VGART,WAERS,WMWST1,WMWST2,WSKTO,XMWST,XRBTX,XRECH,ZBD1P,ZBD1T,ZBD2P,ZBD2T,ZBD3T,ZFBDT
0.00,0.00,5105600302,0.00,RE,06/15/2026,06/01/2026,US00,06/16/2026,14:13:00,0.00000,2026,1.00000,0.00,0.00,0000107800,A04CLNT204,0.00,0.00,204,06,XI,0.00,0.00,5,0000,"1,847.42",758,0000,MIRO,00/00/0000,00/00/0000,1.00000,accounts_payable_clerk_mi00,00/00/0000,RD,USD,0.00,0.00,0.00,X,X,X,0.000,0,0.000,0,0,06/01/2026
0.00,0.00,5105600303,0.00,RE,06/15/2026,06/01/2026,US00,06/16/2026,14:10:00,0.00000,2026,1.00000,0.00,0.00,0000112800,A04CLNT204,0.00,0.00,204,06,XI,0.00,0.00,5,0000,768.18,758,0000,MIRO,00/00/0000,00/00/0000,1.00000,chief_accountant_US,00/00/0000,RD,USD,0.00,0.00,0.00,X,X,X,0.000,0,0.000,0,0,06/01/2026
0.00,0.00,5105600304,0.00,RE,06/15/2026,06/01/2026,US00,06/16/2026,14:20:00,0.00000,2026,1.00000,0.00,0.00,0001003070,A04CLNT204,0.00,0.00,204,06,XI,0.00,0.00,5,0000,"2,825.46",758,0000,MIRO,00/00/0000,00/00/0000,1.00000,chief_accountant_US,00/00/0000,RD,USD,0.00,0.00,0.00,X,X,X,0.000,0,0.000,0,0,06/01/2026
0.00,0.00,5105600305,0.00,RE,06/15/2026,06/01/2026,US00,06/16/2026,14:25:00,0.00000,2026,1.00000,0.00,0.00,0000107800,A04CLNT204,0.00,0.00,204,06,XI,0.00,0.00,5,0000,"2,467.90",758,0000,MIRO,00/00/0000,00/00/0000,1.00000,accounts_payable_clerk_mi00,00/00/0000,RD,USD,0.00,0.00,0.00,X,X,X,0.000,0,0.000,0,0,06/01/2026
0.00,0.00,5105600306,0.00,RE,06/15/2026,06/01/2026,US00,06/16/2026,14:28:00,0.00000,2026,1.00000,0.00,0.00,0000101800,A04CLNT204,0.00,0.00,204,06,XI,0.00,0.00,5,0000,770.07,758,0000,MIRO,00/00/0000,00/00/0000,1.00000,chief_accountant_US,00/00/0000,RD,USD,0.00,0.00,0.00,X,X,X,0.000,0,0.000,0,0,06/01/2026
0.00,0.00,5105600307,0.00,RE,06/22/2026,06/01/2026,US00,06/22/2026,22:46:00,0.00000,2026,1.00000,0.00,0.00,0000112800,A04CLNT204,0.00,0.00,204,06,XI,0.00,0.00,5,0000,"1,029.60",758,0000,MIRO,00/00/0000,00/00/0000,1.00000,accounts_payable_clerk_mi00,00/00/0000,RD,USD,0.00,0.00,0.00,X,X,X,0.000,0,0.000,0,0,06/01/2026
0.00,0.00,5105600308,0.00,RE,06/17/2026,06/01/2026,US00,06/18/2026,14:14:00,0.00000,2026,1.00000,0.00,0.00,0000103800,A04CLNT204,0.00,0.00,204,06,XI,0.00,0.00,5,0000,"2,087.42",758,0000,MIRO,00/00/0000,00/00/0000,1.00000,accounts_payable_clerk_mi00,00/00/0000,RD,USD,0.00,0.00,0.00,X,X,X,0.000,0,0.000,0,0,06/01/2026
0.00,0.00,5105600309,0.00,RE,06/17/2026,06/01/2026,US00,06/17/2026,18:59:00,0.00000,2026,1.00000,0.00,0.00,0000110800,A04CLNT204,0.00,0.00,204,06,XI,0.00,0.00,5,0000,"1,814.80",758,0000,MIRO,00/00/0000,00/00/0000,1.00000,accounts_payable_clerk_mi00,00/00/0000,RD,USD,0.00,0.00,0.00,X,X,X,0.000,0,0.000,0,0,06/01/2026
0.00,0.00,5105600310,0.00,RE,06/17/2026,06/01/2026,US00,06/18/2026,14:15:00,0.00000,2026,1.00000,0.00,0.00,0000112800,A04CLNT204,0.00,0.00,204,06,XI,0.00,0.00,5,0000,"2,687.52",758,0000,MIRO,00/00/0000,00/00/0000,1.00000,chief_accountant_US,00/00/0000,RD,USD,0.00,0.00,0.00,X,X,X,0.000,0,0.000,0,0,06/01/2026
0.00,0.00,5105600311,0.00,RE,06/17/2026,06/01/2026,US00,06/18/2026,14:22:00,0.00000,2026,1.00000,0.00,0.00,0000110800,A04CLNT204,0.00,0.00,204,06,XI,0.00,0.00,5,0000,"2,481.75",758,0000,MIRO,00/00/0000,00/00/0000,1.00000,accounts_payable_clerk_mi00,00/00/0000,RD,USD,0.00,0.00,0.00,X,X,X,0.000,0,0.000,0,0,06/01/2026
0.00,0.00,5105600312,0.00,RE,06/22/2026,06/01/2026,US00,06/23/2026,14:12:00,0.00000,2026,1.00000,0.00,0.00,0000103800,A04CLNT204,0.00,0.00,204,06,XI,0.00,0.00,5,0000,"1,926.03",758,0000,MIRO,00/00/0000,00/00/0000,1.00000,accounts_payable_clerk_mi00,00/00/0000,RD,USD,0.00,0.00,0.00,X,X,X,0.000,0,0.000,0,0,06/01/2026
0.00,0.00,5105600313,0.00,RE,06/22/2026,06/01/2026,US00,06/23/2026,14:22:00,0.00000,2026,1.00000,0.00,0.00,0000101800,A04CLNT204,0.00,0.00,204,06,XI,0.00,0.00,5,0000,770.45,758,0000,MIRO,00/00/0000,00/00/0000,1.00000,accounts_payable_clerk_mi00,00/00/0000,RD,USD,0.00,0.00,0.00,X,X,X,0.000,0,0.000,0,0,06/01/2026
0.00,0.00,5105600314,0.00,RE,06/22/2026,06/01/2026,US00,06/23/2026,14:24:00,0.00000,2026,1.00000,0.00,0.00,0001003070,A04CLNT204,0.00,0.00,204,06,XI,0.00,0.00,5,0000,"2,151.04",758,0000,MIRO,00/00/0000,00/00/0000,1.00000,chief_accountant_US,00/00/0000,RD,USD,0.00,0.00,0.00,X,X,X,0.000,0,0.000,0,0,06/01/2026
0.00,0.00,5105600315,0.00,RE,06/19/2026,06/01/2026,US00,06/19/2026,18:54:00,0.00000,2026,1.00000,0.00,0.00,0000107800,A04CLNT204,0.00,0.00,204,06,XI,0.00,0.00,5,0000,"2,172.30",758,0000,MIRO,00/00/0000,00/00/0000,1.00000,accounts_payable_clerk_mi00,00/00/0000,RD,USD,0.00,0.00,0.00,X,X,X,0.000,0,0.000,0,0,06/01/2026
0.00,0.00,5105600316,0.00,RE,06/19/2026,06/01/2026,US00,06/22/2026,14:16:00,0.00000,2026,1.00000,0.00,0.00,0000107800,A04CLNT204,0.00,0.00,204,06,XI,0.00,0.00,5,0000,"2,459.60",758,0000,MIRO,00/00/0000,00/00/0000,1.00000,accounts_payable_clerk_mi00,00/00/0000,RD,USD,0.00,0.00,0.00,X,X,X,0.000,0,0.000,0,0,06/01/2026
0.00,0.00,5105600317,0.00,RE,06/19/2026,06/01/2026,US00,06/22/2026,14:16:00,0.00000,2026,1.00000,0.00,0.00,0001003070,A04CLNT204,0.00,0.00,204,06,XI,0.00,0.00,5,0000,"2,609.65",758,0000,MIRO,00/00/0000,00/00/0000,1.00000,chief_accountant_US,00/00/0000,RD,USD,0.00,0.00,0.00,X,X,X,0.000,0,0.000,0,0,06/01/2026
0.00,0.00,5105600318,0.00,RE,06/22/2026,06/01/2026,US00,06/22/2026,23:28:00,0.00000,2026,1.00000,0.00,0.00,0000109800,A04CLNT204,0.00,0.00,204,06,XI,0.00,0.00,5,0000,"2,956.10",758,0000,MIRO,00/00/0000,00/00/0000,1.00000,chief_accountant_US,00/00/0000,RD,USD,0.00,0.00,0.00,X,X,X,0.000,0,0.000,0,0,06/01/2026
0.00,0.00,5105600319,0.00,RE,06/22/2026,06/01/2026,US00,06/23/2026,14:15:00,0.00000,2026,1.00000,0.00,0.00,0000107800,A04CLNT204,0.00,0.00,204,06,XI,0.00,0.00,5,0000,"2,425.20",758,0000,MIRO,00/00/0000,00/00/0000,1.00000,chief_accountant_US,00/00/0000,RD,USD,0.00,0.00,0.00,X,X,X,0.000,0,0.000,0,0,06/01/2026
0.00,0.00,5105600320,0.00,RE,06/22/2026,06/01/2026,US00,06/23/2026,14:37:00,0.00000,2026,1.00000,0.00,0.00,0000107800,A04CLNT204,0.00,0.00,204,06,XI,0.00,0.00,5,0000,"2,399.40",758,0000,MIRO,00/00/0000,00/00/0000,1.00000,accounts_payable_clerk_mi00,00/00/0000,RD,USD,0.00,0.00,0.00,X,X,X,0.000,0,0.000,0,0,06/01/2026
0.00,0.00,5105600321,0.00,RE,06/22/2026,06/01/2026,US00,06/23/2026,14:37:00,0.00000,2026,1.00000,0.00,0.00,0000106800,A04CLNT204,0.00,0.00,204,06,XI,0.00,0.00,5,0000,"2,210.20",758,0000,MIRO,00/00/0000,00/00/0000,1.00000,chief_accountant_US,00/00/0000,RD,USD,0.00,0.00,0.00,X,X,X,0.000,0,0.000,0,0,06/01/2026
0.00,0.00,5105600322,0.00,RE,06/22/2026,06/01/2026,US00,06/23/2026,14:57:00,0.00000,2026,1.00000,0.00,0.00,0000101800,A04CLNT204,0.00,0.00,204,06,XI,0.00,0.00,5,0000,768.60,758,0000,MIRO,00/00/0000,00/00/0000,1.00000,accounts_payable_clerk_mi00,00/00/0000,RD,USD,0.00,0.00,0.00,X,X,X,0.000,0,0.000,0,0,06/01/2026
0.00,0.00,5105600323,0.00,RE,06/21/2026,06/01/2026,US00,06/22/2026,22:24:00,0.00000,2026,1.00000,0.00,0.00,0000101800,A04CLNT204,0.00,0.00,204,06,XI,0.00,0.00,5,0000,802.60,758,0000,MIRO,00/00/0000,00/00/0000,1.00000,accounts_payable_clerk_mi00,00/00/0000,RD,USD,0.00,0.00,0.00,X,X,X,0.000,0,0.000,0,0,06/01/2026
0.00,0.00,5105600324,0.00,RE,06/22/2026,06/01/2026,US00,06/23/2026,14:51:00,0.00000,2026,1.00000,0.00,0.00,0000103800,A04CLNT204,0.00,0.00,204,06,XI,0.00,0.00,5,0000,"4,323.24",758,0000,MIRO,00/00/0000,00/00/0000,1.00000,chief_accountant_US,00/00/0000,RD,USD,0.00,0.00,0.00,X,X,X,0.000,0,0.000,0,0,06/01/2026
0.00,0.00,5105600325,0.00,RE,06/22/2026,06/01/2026,US00,06/23/2026,15:04:00,0.00000,2026,1.00000,0.00,0.00,0000101800,A04CLNT204,0.00,0.00,204,06,XI,0.00,0.00,5,0000,768.49,758,0000,MIRO,00/00/0000,00/00/0000,1.00000,chief_accountant_US,00/00/0000,RD,USD,0.00,0.00,0.00,X,X,X,0.000,0,0.000,0,0,06/01/2026
0.00,0.00,5105600326,0.00,RE,06/22/2026,06/01/2026,US00,06/23/2026,15:43:00,0.00000,2026,1.00000,0.00,0.00,0000103800,A04CLNT204,0.00,0.00,204,06,XI,0.00,0.00,5,0000,847.35,758,0000,MIRO,00/00/0000,00/00/0000,1.00000,accounts_payable_clerk_mi00,00/00/0000,RD,USD,0.00,0.00,0.00,X,X,X,0.000,0,0.000,0,0,06/01/2026
0.00,0.00,5105600327,0.00,RE,06/21/2026,06/01/2026,US00,06/23/2026,15:09:00,0.00000,2026,1.00000,0.00,0.00,0001003070,A04CLNT204,0.00,0.00,204,06,XI,0.00,0.00,5,0000,"4,073.37",758,0000,MIRO,00/00/0000,00/00/0000,1.00000,accounts_payable_clerk_mi00,00/00/0000,RD,USD,0.00,0.00,0.00,X,X,X,0.000,0,0.000,0,0,06/01/2026
0.00,0.00,5105600328,0.00,RE,06/22/2026,06/01/2026,US00,06/23/2026,15:16:00,0.00000,2026,1.00000,0.00,0.00,0000103800,A04CLNT204,0.00,0.00,204,06,XI,0.00,0.00,5,0000,883.52,758,0000,MIRO,00/00/0000,00/00/0000,1.00000,chief_accountant_US,00/00/0000,RD,USD,0.00,0.00,0.00,X,X,X,0.000,0,0.000,0,0,06/01/2026
0.00,0.00,5105600329,0.00,RE,06/21/2026,06/01/2026,US00,06/23/2026,15:44:00,0.00000,2026,1.00000,0.00,0.00,0001003070,A04CLNT204,0.00,0.00,204,06,XI,0.00,0.00,5,0000,"2,965.68",758,0000,MIRO,00/00/0000,00/00/0000,1.00000,chief_accountant_US,00/00/0000,RD,USD,0.00,0.00,0.00,X,X,X,0.000,0,0.000,0,0,06/01/2026
0.00,0.00,5105600330,0.00,RE,06/22/2026,06/01/2026,US00,06/23/2026,15:55:00,0.00000,2026,1.00000,0.00,0.00,0000107800,A04CLNT204,0.00,0.00,204,06,XI,0.00,0.00,5,0000,"2,195.55",758,0000,MIRO,00/00/0000,00/00/0000,1.00000,accounts_payable_clerk_mi00,00/00/0000,RD,USD,0.00,0.00,0.00,X,X,X,0.000,0,0.000,0,0,06/01/2026
0.00,0.00,5105600331,0.00,RE,06/19/2026,06/01/2026,US00,06/22/2026,14:26:00,0.00000,2026,1.00000,0.00,0.00,0000101800,A04CLNT204,0.00,0.00,204,06,XI,0.00,0.00,5,0000,"1,582.75",758,0000,MIRO,00/00/0000,00/00/0000,1.00000,accounts_payable_clerk_mi00,00/00/0000,RD,USD,0.00,0.00,0.00,X,X,X,0.000,0,0.000,0,0,06/01/2026
0.00,0.00,5105600332,0.00,RE,06/19/2026,06/01/2026,US00,06/22/2026,14:31:00,0.00000,2026,1.00000,0.00,0.00,0000108800,A04CLNT204,0.00,0.00,204,06,XI,0.00,0.00,5,0000,"1,558.43",758,0000,MIRO,00/00/0000,00/00/0000,1.00000,chief_accountant_US,00/00/0000,RD,USD,0.00,0.00,0.00,X,X,X,0.000,0,0.000,0,0,06/01/2026
0.00,0.00,5105600333,0.00,RE,06/22/2026,06/01/2026,US00,06/23/2026,15:21:00,0.00000,2026,1.00000,0.00,0.00,0000109800,A04CLNT204,0.00,0.00,204,06,XI,0.00,0.00,5,0000,"1,394.00",758,0000,MIRO,00/00/0000,00/00/0000,1.00000,accounts_payable_clerk_mi00,00/00/0000,RD,USD,0.00,0.00,0.00,X,X,X,0.000,0,0.000,0,0,06/01/2026
0.00,0.00,5105600334,0.00,RE,06/22/2026,06/01/2026,US00,06/23/2026,15:26:00,0.00000,2026,1.00000,0.00,0.00,0000110800,A04CLNT204,0.00,0.00,204,06,XI,0.00,0.00,5,0000,"2,629.65",758,0000,MIRO,00/00/0000,00/00/0000,1.00000,chief_accountant_US,00/00/0000,RD,USD,0.00,0.00,0.00,X,X,X,0.000,0,0.000,0,0,06/01/2026
0.00,0.00,5105600335,0.00,RE,06/22/2026,06/01/2026,US00,06/23/2026,15:36:00,0.00000,2026,1.00000,0.00,0.00,0000109800,A04CLNT204,0.00,0.00,204,06,XI,0.00,0.00,5,0000,"2,129.70",758,0000,MIRO,00/00/0000,00/00/0000,1.00000,chief_accountant_US,00/00/0000,RD,USD,0.00,0.00,0.00,X,X,X,0.000,0,0.000,0,0,06/01/2026
0.00,0.00,5105600336,0.00,RE,06/22/2026,06/01/2026,US00,06/23/2026,16:07:00,0.00000,2026,1.00000,0.00,0.00,0000107800,A04CLNT204,0.00,0.00,204,06,XI,0.00,0.00,5,0000,737.52,758,0000,MIRO,00/00/0000,00/00/0000,1.00000,accounts_payable_clerk_mi00,00/00/0000,RD,USD,0.00,0.00,0.00,X,X,X,0.000,0,0.000,0,0,06/01/2026
0.00,0.00,5105600337,0.00,RE,06/23/2026,06/01/2026,US00,06/23/2026,19:11:00,0.00000,2026,1.00000,0.00,0.00,0000112800,A04CLNT204,0.00,0.00,204,06,XI,0.00,0.00,5,0000,"1,236.96",758,0000,MIRO,00/00/0000,00/00/0000,1.00000,accounts_payable_clerk_mi00,00/00/0000,RD,USD,0.00,0.00,0.00,X,X,X,0.000,0,0.000,0,0,06/01/2026
0.00,0.00,5105600338,0.00,RE,06/22/2026,06/01/2026,US00,06/23/2026,19:08:00,0.00000,2026,1.00000,0.00,0.00,0000110800,A04CLNT204,0.00,0.00,204,06,XI,0.00,0.00,5,0000,"2,125.50",758,0000,MIRO,00/00/0000,00/00/0000,1.00000,chief_accountant_US,00/00/0000,RD,USD,0.00,0.00,0.00,X,X,X,0.000,0,0.000,0,0,06/01/2026
0.00,0.00,5105600339,0.00,RE,06/23/2026,06/01/2026,US00,06/23/2026,19:31:00,0.00000,2026,1.00000,0.00,0.00,0000109800,A04CLNT204,0.00,0.00,204,06,XI,0.00,0.00,5,0000,"1,641.60",758,0000,MIRO,00/00/0000,00/00/0000,1.00000,accounts_payable_clerk_mi00,00/00/0000,RD,USD,0.00,0.00,0.00,X,X,X,0.000,0,0.000,0,0,06/01/2026
0.00,0.00,5105600340,0.00,RE,06/21/2026,06/01/2026,US00,06/23/2026,20:51:00,0.00000,2026,1.00000,0.00,0.00,0000102800,A04CLNT204,0.00,0.00,204,06,XI,0.00,0.00,5,0000,"2,530.88",758,0000,MIRO,00/00/0000,00/00/0000,1.00000,accounts_payable_clerk_mi00,00/00/0000,RD,USD,0.00,0.00,0.00,X,X,X,0.000,0,0.000,0,0,06/01/2026
0.00,0.00,5105600341,0.00,RE,06/23/2026,06/01/2026,US00,06/23/2026,21:16:00,0.00000,2026,1.00000,0.00,0.00,0000107800,A04CLNT204,0.00,0.00,204,06,XI,0.00,0.00,5,0000,"2,734.20",758,0000,MIRO,00/00/0000,00/00/0000,1.00000,accounts_payable_clerk_mi00,00/00/0000,RD,USD,0.00,0.00,0.00,X,X,X,0.000,0,0.000,0,0,06/01/2026
0.00,0.00,5105600342,0.00,RE,06/22/2026,06/01/2026,US00,06/23/2026,22:05:00,0.00000,2026,1.00000,0.00,0.00,0000101800,A04CLNT204,0.00,0.00,204,06,XI,0.00,0.00,5,0000,818.09,758,0000,MIRO,00/00/0000,00/00/0000,1.00000,accounts_payable_clerk_mi00,00/00/0000,RD,USD,0.00,0.00,0.00,X,X,X,0.000,0,0.000,0,0,06/01/2026
0.00,0.00,5105600343,0.00,RE,06/21/2026,06/01/2026,US00,06/24/2026,14:42:00,0.00000,2026,1.00000,0.00,0.00,0000112800,A04CLNT204,0.00,0.00,204,06,XI,0.00,0.00,5,0000,"1,910.00",758,0000,MIRO,00/00/0000,00/00/0000,1.00000,chief_accountant_US,00/00/0000,RD,USD,0.00,0.00,0.00,X,X,X,0.000,0,0.000,0,0,06/01/2026
0.00,0.00,5105600344,0.00,RE,06/23/2026,06/01/2026,US00,06/24/2026,14:08:00,0.00000,2026,1.00000,0.00,0.00,0000108800,A04CLNT204,0.00,0.00,204,06,XI,0.00,0.00,5,0000,"1,711.05",758,0000,MIRO,00/00/0000,00/00/0000,1.00000,accounts_payable_clerk_mi00,00/00/0000,RD,USD,0.00,0.00,0.00,X,X,X,0.000,0,0.000,0,0,06/01/2026
0.00,0.00,5105600345,0.00,RE,06/23/2026,06/01/2026,US00,06/24/2026,15:12:00,0.00000,2026,1.00000,0.00,0.00,0000112800,A04CLNT204,0.00,0.00,204,06,XI,0.00,0.00,5,0000,"1,348.50",758,0000,MIRO,00/00/0000,00/00/0000,1.00000,chief_accountant_US,00/00/0000,RD,USD,0.00,0.00,0.00,X,X,X,0.000,0,0.000,0,0,06/01/2026
0.00,0.00,5105600346,0.00,RE,06/23/2026,06/01/2026,US00,06/24/2026,14:55:00,0.00000,2026,1.00000,0.00,0.00,0000108800,A04CLNT204,0.00,0.00,204,06,XI,0.00,0.00,5,0000,"1,244.76",758,0000,MIRO,00/00/0000,00/00/0000,1.00000,accounts_payable_clerk_mi00,00/00/0000,RD,USD,0.00,0.00,0.00,X,X,X,0.000,0,0.000,0,0,06/01/2026
0.00,0.00,5105600347,0.00,RE,06/25/2026,06/01/2026,US00,06/26/2026,14:12:00,0.00000,2026,1.00000,0.00,0.00,0000108800,A04CLNT204,0.00,0.00,204,06,XI,0.00,0.00,5,0000,635.60,758,0000,MIRO,00/00/0000,00/00/0000,1.00000,chief_accountant_US,00/00/0000,RD,USD,0.00,0.00,0.00,X,X,X,0.000,0,0.000,0,0,06/01/2026
0.00,0.00,5105600348,0.00,RE,06/25/2026,06/01/2026,US00,06/26/2026,14:13:00,0.00000,2026,1.00000,0.00,0.00,0000107800,A04CLNT204,0.00,0.00,204,06,XI,0.00,0.00,5,0000,814.37,758,0000,MIRO,00/00/0000,00/00/0000,1.00000,accounts_payable_clerk_mi00,00/00/0000,RD,USD,0.00,0.00,0.00,X,X,X,0.000,0,0.000,0,0,06/01/2026
0.00,0.00,5105600349,0.00,RE,06/25/2026,06/01/2026,US00,06/26/2026,14:28:00,0.00000,2026,1.00000,0.00,0.00,0000101800,A04CLNT204,0.00,0.00,204,06,XI,0.00,0.00,5,0000,838.24,758,0000,MIRO,00/00/0000,00/00/0000,1.00000,accounts_payable_clerk_mi00,00/00/0000,RD,USD,0.00,0.00,0.00,X,X,X,0.000,0,0.000,0,0,06/01/2026
0.00,0.00,5105600351,0.00,RE,06/25/2026,06/01/2026,US00,06/26/2026,14:39:00,0.00000,2026,1.00000,0.00,0.00,0000101800,A04CLNT204,0.00,0.00,204,06,XI,0.00,0.00,5,0000,837.06,758,0000,MIRO,00/00/0000,00/00/0000,1.00000,accounts_payable_clerk_mi00,00/00/0000,RD,USD,0.00,0.00,0.00,X,X,X,0.000,0,0.000,0,0,06/01/2026
0.00,0.00,5105600352,0.00,RE,06/25/2026,06/01/2026,US00,06/26/2026,14:51:00,0.00000,2026,1.00000,0.00,0.00,0000103800,A04CLNT204,0.00,0.00,204,06,XI,0.00,0.00,5,0000,791.60,758,0000,MIRO,00/00/0000,00/00/0000,1.00000,accounts_payable_clerk_mi00,00/00/0000,RD,USD,0.00,0.00,0.00,X,X,X,0.000,0,0.000,0,0,06/01/2026
0.00,0.00,5105600353,0.00,RE,06/26/2026,06/01/2026,US00,06/26/2026,19:06:00,0.00000,2026,1.00000,0.00,0.00,0000103800,A04CLNT204,0.00,0.00,204,06,XI,0.00,0.00,5,0000,702.90,758,0000,MIRO,00/00/0000,00/00/0000,1.00000,accounts_payable_clerk_mi00,00/00/0000,RD,USD,0.00,0.00,0.00,X,X,X,0.000,0,0.000,0,0,06/01/2026
0.00,0.00,5105600354,0.00,RE,06/26/2026,06/01/2026,US00,06/26/2026,22:26:00,0.00000,2026,1.00000,0.00,0.00,0000101800,A04CLNT204,0.00,0.00,204,06,XI,0.00,0.00,5,0000,725.20,758,0000,MIRO,00/00/0000,00/00/0000,1.00000,accounts_payable_clerk_mi00,00/00/0000,RD,USD,0.00,0.00,0.00,X,X,X,0.000,0,0.000,0,0,06/01/2026
0.00,0.00,5105600355,0.00,RE,06/26/2026,06/01/2026,US00,06/29/2026,14:12:00,0.00000,2026,1.00000,0.00,0.00,0000110800,A04CLNT204,0.00,0.00,204,06,XI,0.00,0.00,5,0000,"1,514.70",758,0000,MIRO,00/00/0000,00/00/0000,1.00000,chief_accountant_US,00/00/0000,RD,USD,0.00,0.00,0.00,X,X,X,0.000,0,0.000,0,0,06/01/2026
0.00,0.00,5105600356,0.00,RE,06/26/2026,06/01/2026,US00,06/29/2026,14:11:00,0.00000,2026,1.00000,0.00,0.00,0001003070,A04CLNT204,0.00,0.00,204,06,XI,0.00,0.00,5,0000,"1,953.39",758,0000,MIRO,00/00/0000,00/00/0000,1.00000,accounts_payable_clerk_mi00,00/00/0000,RD,USD,0.00,0.00,0.00,X,X,X,0.000,0,0.000,0,0,06/01/2026
0.00,0.00,5105600357,0.00,RE,06/26/2026,06/01/2026,US00,06/29/2026,14:21:00,0.00000,2026,1.00000,0.00,0.00,0000101800,A04CLNT204,0.00,0.00,204,06,XI,0.00,0.00,5,0000,805.07,758,0000,MIRO,00/00/0000,00/00/0000,1.00000,accounts_payable_clerk_mi00,00/00/0000,RD,USD,0.00,0.00,0.00,X,X,X,0.000,0,0.000,0,0,06/01/2026
0.00,0.00,5105600358,0.00,RE,06/26/2026,06/01/2026,US00,06/29/2026,14:25:00,0.00000,2026,1.00000,0.00,0.00,0000105800,A04CLNT204,0.00,0.00,204,06,XI,0.00,0.00,5,0000,"3,238.56",758,0000,MIRO,00/00/0000,00/00/0000,1.00000,chief_accountant_US,00/00/0000,RD,USD,0.00,0.00,0.00,X,X,X,0.000,0,0.000,0,0,06/01/2026
0.00,0.00,5105600359,0.00,RE,06/26/2026,06/01/2026,US00,06/29/2026,14:37:00,0.00000,2026,1.00000,0.00,0.00,0000107800,A04CLNT204,0.00,0.00,204,06,XI,0.00,0.00,5,0000,441.75,758,0000,MIRO,00/00/0000,00/00/0000,1.00000,chief_accountant_US,00/00/0000,RD,USD,0.00,0.00,0.00,X,X,X,0.000,0,0.000,0,0,06/01/2026
0.00,0.00,5105600360,0.00,RE,06/26/2026,06/01/2026,US00,06/29/2026,14:32:00,0.00000,2026,1.00000,0.00,0.00,0000108800,A04CLNT204,0.00,0.00,204,06,XI,0.00,0.00,5,0000,"1,227.24",758,0000,MIRO,00/00/0000,00/00/0000,1.00000,accounts_payable_clerk_mi00,00/00/0000,RD,USD,0.00,0.00,0.00,X,X,X,0.000,0,0.000,0,0,06/01/2026
0.00,0.00,5105600361,0.00,RE,06/28/2026,06/01/2026,US00,06/29/2026,16:56:00,0.00000,2026,1.00000,0.00,0.00,0000101800,A04CLNT204,0.00,0.00,204,06,XI,0.00,0.00,5,0000,884.68,758,0000,MIRO,00/00/0000,00/00/0000,1.00000,accounts_payable_clerk_mi00,00/00/0000,RD,USD,0.00,0.00,0.00,X,X,X,0.000,0,0.000,0,0,06/01/2026
0.00,0.00,5105600362,0.00,RE,06/28/2026,06/01/2026,US00,06/30/2026,14:09:00,0.00000,2026,1.00000,0.00,0.00,0000101800,A04CLNT204,0.00,0.00,204,06,XI,0.00,0.00,5,0000,868.78,758,0000,MIRO,00/00/0000,00/00/0000,1.00000,accounts_payable_clerk_mi00,00/00/0000,RD,USD,0.00,0.00,0.00,X,X,X,0.000,0,0.000,0,0,06/01/2026
0.00,0.00,5105600363,0.00,RE,06/28/2026,06/01/2026,US00,06/30/2026,14:12:00,0.00000,2026,1.00000,0.00,0.00,0000112800,A04CLNT204,0.00,0.00,204,06,XI,0.00,0.00,5,0000,"1,169.22",758,0000,MIRO,00/00/0000,00/00/0000,1.00000,chief_accountant_US,00/00/0000,RD,USD,0.00,0.00,0.00,X,X,X,0.000,0,0.000,0,0,06/01/2026
0.00,0.00,5105600364,0.00,RE,06/28/2026,06/01/2026,US00,06/30/2026,14:24:00,0.00000,2026,1.00000,0.00,0.00,0000107800,A04CLNT204,0.00,0.00,204,06,XI,0.00,0.00,5,0000,742.98,758,0000,MIRO,00/00/0000,00/00/0000,1.00000,accounts_payable_clerk_mi00,00/00/0000,RD,USD,0.00,0.00,0.00,X,X,X,0.000,0,0.000,0,0,06/01/2026
0.00,0.00,5105600365,0.00,RE,06/28/2026,06/01/2026,US00,06/30/2026,14:24:00,0.00000,2026,1.00000,0.00,0.00,0000101800,A04CLNT204,0.00,0.00,204,06,XI,0.00,0.00,5,0000,762.66,758,0000,MIRO,00/00/0000,00/00/0000,1.00000,chief_accountant_US,00/00/0000,RD,USD,0.00,0.00,0.00,X,X,X,0.000,0,0.000,0,0,06/01/2026
0.00,0.00,5105600366,0.00,RE,06/28/2026,06/01/2026,US00,06/30/2026,14:35:00,0.00000,2026,1.00000,0.00,0.00,0000107800,A04CLNT204,0.00,0.00,204,06,XI,0.00,0.00,5,0000,"2,094.74",758,0000,MIRO,00/00/0000,00/00/0000,1.00000,chief_accountant_US,00/00/0000,RD,USD,0.00,0.00,0.00,X,X,X,0.000,0,0.000,0,0,06/01/2026
0.00,0.00,5105600367,0.00,RE,06/28/2026,06/01/2026,US00,06/30/2026,14:40:00,0.00000,2026,1.00000,0.00,0.00,0000110800,A04CLNT204,0.00,0.00,204,06,XI,0.00,0.00,5,0000,"1,786.20",758,0000,MIRO,00/00/0000,00/00/0000,1.00000,accounts_payable_clerk_mi00,00/00/0000,RD,USD,0.00,0.00,0.00,X,X,X,0.000,0,0.000,0,0,06/01/2026
0.00,0.00,5105600368,0.00,RE,06/28/2026,06/01/2026,US00,06/30/2026,14:44:00,0.00000,2026,1.00000,0.00,0.00,0000112800,A04CLNT204,0.00,0.00,204,06,XI,0.00,0.00,5,0000,896.80,758,0000,MIRO,00/00/0000,00/00/0000,1.00000,chief_accountant_US,00/00/0000,RD,USD,0.00,0.00,0.00,X,X,X,0.000,0,0.000,0,0,06/01/2026
0.00,0.00,5105600369,0.00,RE,06/27/2026,06/01/2026,US00,06/30/2026,14:51:00,0.00000,2026,1.00000,0.00,0.00,0000101800,A04CLNT204,0.00,0.00,204,06,XI,0.00,0.00,5,0000,843.57,758,0000,MIRO,00/00/0000,00/00/0000,1.00000,accounts_payable_clerk_mi00,00/00/0000,RD,USD,0.00,0.00,0.00,X,X,X,0.000,0,0.000,0,0,06/01/2026
0.00,0.00,5105600370,0.00,RE,06/27/2026,06/01/2026,US00,06/30/2026,14:54:00,0.00000,2026,1.00000,0.00,0.00,0000107800,A04CLNT204,0.00,0.00,204,06,XI,0.00,0.00,5,0000,672.90,758,0000,MIRO,00/00/0000,00/00/0000,1.00000,chief_accountant_US,00/00/0000,RD,USD,0.00,0.00,0.00,X,X,X,0.000,0,0.000,0,0,06/01/2026
0.00,0.00,5105600371,0.00,RE,06/27/2026,06/01/2026,US00,06/30/2026,14:59:00,0.00000,2026,1.00000,0.00,0.00,0000108800,A04CLNT204,0.00,0.00,204,06,XI,0.00,0.00,5,0000,"1,331.20",758,0000,MIRO,00/00/0000,00/00/0000,1.00000,accounts_payable_clerk_mi00,00/00/0000,RD,USD,0.00,0.00,0.00,X,X,X,0.000,0,0.000,0,0,06/01/2026
0.00,0.00,5105600372,0.00,RE,06/28/2026,06/01/2026,US00,06/30/2026,15:10:00,0.00000,2026,1.00000,0.00,0.00,0000101800,A04CLNT204,0.00,0.00,204,06,XI,0.00,0.00,5,0000,775.20,758,0000,MIRO,00/00/0000,00/00/0000,1.00000,chief_accountant_US,00/00/0000,RD,USD,0.00,0.00,0.00,X,X,X,0.000,0,0.000,0,0,06/01/2026
0.00,0.00,5105600373,0.00,RE,06/28/2026,06/01/2026,US00,06/30/2026,15:11:00,0.00000,2026,1.00000,0.00,0.00,0000110800,A04CLNT204,0.00,0.00,204,06,XI,0.00,0.00,5,0000,"2,148.90",758,0000,MIRO,00/00/0000,00/00/0000,1.00000,accounts_payable_clerk_mi00,00/00/0000,RD,USD,0.00,0.00,0.00,X,X,X,0.000,0,0.000,0,0,06/01/2026
0.00,0.00,5105600374,0.00,RE,06/27/2026,06/01/2026,US00,06/30/2026,15:21:00,0.00000,2026,1.00000,0.00,0.00,0001003070,A04CLNT204,0.00,0.00,204,06,XI,0.00,0.00,5,0000,"2,359.96",758,0000,MIRO,00/00/0000,00/00/0000,1.00000,chief_accountant_US,00/00/0000,RD,USD,0.00,0.00,0.00,X,X,X,0.000,0,0.000,0,0,06/01/2026
0.00,0.00,5105600375,0.00,RE,06/28/2026,06/01/2026,US00,06/30/2026,15:25:00,0.00000,2026,1.00000,0.00,0.00,0000112800,A04CLNT204,0.00,0.00,204,06,XI,0.00,0.00,5,0000,987.60,758,0000,MIRO,00/00/0000,00/00/0000,1.00000,accounts_payable_clerk_mi00,00/00/0000,RD,USD,0.00,0.00,0.00,X,X,X,0.000,0,0.000,0,0,06/01/2026
0.00,0.00,5105600376,0.00,RE,06/28/2026,06/01/2026,US00,06/30/2026,15:39:00,0.00000,2026,1.00000,0.00,0.00,0001003070,A04CLNT204,0.00,0.00,204,06,XI,0.00,0.00,5,0000,"5,818.77",758,0000,MIRO,00/00/0000,00/00/0000,1.00000,accounts_payable_clerk_mi00,00/00/0000,RD,USD,0.00,0.00,0.00,X,X,X,0.000,0,0.000,0,0,06/01/2026
0.00,0.00,5105600377,0.00,RE,06/28/2026,06/01/2026,US00,06/30/2026,15:36:00,0.00000,2026,1.00000,0.00,0.00,0000108800,A04CLNT204,0.00,0.00,204,06,XI,0.00,0.00,5,0000,"1,476.10",758,0000,MIRO,00/00/0000,00/00/0000,1.00000,chief_accountant_US,00/00/0000,RD,USD,0.00,0.00,0.00,X,X,X,0.000,0,0.000,0,0,06/01/2026
0.00,0.00,5105600378,0.00,RE,06/28/2026,06/01/2026,US00,06/30/2026,15:47:00,0.00000,2026,1.00000,0.00,0.00,0000110800,A04CLNT204,0.00,0.00,204,06,XI,0.00,0.00,5,0000,"1,897.20",758,0000,MIRO,00/00/0000,00/00/0000,1.00000,chief_accountant_US,00/00/0000,RD,USD,0.00,0.00,0.00,X,X,X,0.000,0,0.000,0,0,06/01/2026
0.00,0.00,5105600379,0.00,RE,06/27/2026,06/01/2026,US00,06/30/2026,16:00:00,0.00000,2026,1.00000,0.00,0.00,0000110800,A04CLNT204,0.00,0.00,204,06,XI,0.00,0.00,5,0000,"1,866.60",758,0000,MIRO,00/00/0000,00/00/0000,1.00000,chief_accountant_US,00/00/0000,RD,USD,0.00,0.00,0.00,X,X,X,0.000,0,0.000,0,0,06/01/2026
0.00,0.00,5105600380,0.00,RE,06/30/2026,06/01/2026,US00,07/01/2026,14:17:00,0.00000,2026,1.00000,0.00,0.00,0000108800,A04CLNT204,0.00,0.00,204,06,XI,0.00,0.00,5,0000,516.34,758,0000,MIRO,00/00/0000,00/00/0000,1.00000,chief_accountant_US,00/00/0000,RD,USD,0.00,0.00,0.00,X,X,X,0.000,0,0.000,0,0,06/01/2026
0.00,0.00,5105600381,0.00,RE,06/30/2026,06/01/2026,US00,06/30/2026,19:23:00,0.00000,2026,1.00000,0.00,0.00,0000105800,A04CLNT204,0.00,0.00,204,06,XI,0.00,0.00,5,0000,"2,960.69",758,0000,MIRO,00/00/0000,00/00/0000,1.00000,accounts_payable_clerk_mi00,00/00/0000,RD,USD,0.00,0.00,0.00,X,X,X,0.000,0,0.000,0,0,06/01/2026
0.00,0.00,5105600382,0.00,RE,06/30/2026,06/01/2026,US00,07/01/2026,14:31:00,0.00000,2026,1.00000,0.00,0.00,0000106800,A04CLNT204,0.00,0.00,204,06,XI,0.00,0.00,5,0000,"1,974.10",758,0000,MIRO,00/00/0000,00/00/0000,1.00000,chief_accountant_US,00/00/0000,RD,USD,0.00,0.00,0.00,X,X,X,0.000,0,0.000,0,0,06/01/2026
0.00,0.00,5105600383,0.00,RE,06/30/2026,06/01/2026,US00,07/01/2026,14:11:00,0.00000,2026,1.00000,0.00,0.00,0000107800,A04CLNT204,0.00,0.00,204,06,XI,0.00,0.00,5,0000,"2,349.30",758,0000,MIRO,00/00/0000,00/00/0000,1.00000,accounts_payable_clerk_mi00,00/00/0000,RD,USD,0.00,0.00,0.00,X,X,X,0.000,0,0.000,0,0,06/01/2026
0.00,0.00,5105600384,0.00,RE,06/30/2026,06/01/2026,US00,07/01/2026,14:22:00,0.00000,2026,1.00000,0.00,0.00,0000105800,A04CLNT204,0.00,0.00,204,06,XI,0.00,0.00,5,0000,"2,447.28",758,0000,MIRO,00/00/0000,00/00/0000,1.00000,accounts_payable_clerk_mi00,00/00/0000,RD,USD,0.00,0.00,0.00,X,X,X,0.000,0,0.000,0,0,06/01/2026
0.00,0.00,5105600385,0.00,RE,06/22/2026,06/01/2026,US00,06/22/2026,19:18:00,0.00000,2026,1.00000,0.00,0.00,0000109800,A04CLNT204,0.00,0.00,204,06,XI,0.00,0.00,5,0000,"1,933.20",758,0000,MIRO,00/00/0000,00/00/0000,1.00000,accounts_payable_clerk_mi00,00/00/0000,RD,USD,0.00,0.00,0.00,X,X,X,0.000,0,0.000,0,0,06/01/2026
0.00,0.00,5105600386,0.00,RE,06/22/2026,06/01/2026,US00,06/22/2026,19:30:00,0.00000,2026,1.00000,0.00,0.00,0000101800,A04CLNT204,0.00,0.00,204,06,XI,0.00,0.00,5,0000,869.88,758,0000,MIRO,00/00/0000,00/00/0000,1.00000,chief_accountant_US,00/00/0000,RD,USD,0.00,0.00,0.00,X,X,X,0.000,0,0.000,0,0,06/01/2026
0.00,0.00,5105600387,0.00,RE,06/22/2026,06/01/2026,US00,06/23/2026,14:47:00,0.00000,2026,1.00000,0.00,0.00,0000101800,A04CLNT204,0.00,0.00,204,06,XI,0.00,0.00,5,0000,947.34,758,0000,MIRO,00/00/0000,00/00/0000,1.00000,accounts_payable_clerk_mi00,00/00/0000,RD,USD,0.00,0.00,0.00,X,X,X,0.000,0,0.000,0,0,06/01/2026
0.00,0.00,5105600388,0.00,RE,07/02/2026,06/01/2026,US00,07/02/2026,18:53:00,0.00000,2026,1.00000,0.00,0.00,0000108800,A04CLNT204,0.00,0.00,204,06,XI,0.00,0.00,5,0000,"1,262.52",758,0000,MIRO,00/00/0000,00/00/0000,1.00000,accounts_payable_clerk_mi00,00/00/0000,RD,USD,0.00,0.00,0.00,X,X,X,0.000,0,0.000,0,0,06/01/2026
0.00,0.00,5105600389,0.00,RE,07/02/2026,06/01/2026,US00,07/02/2026,22:45:00,0.00000,2026,1.00000,0.00,0.00,0000103800,A04CLNT204,0.00,0.00,204,06,XI,0.00,0.00,5,0000,"1,934.01",758,0000,MIRO,00/00/0000,00/00/0000,1.00000,accounts_payable_clerk_mi00,00/00/0000,RD,USD,0.00,0.00,0.00,X,X,X,0.000,0,0.000,0,0,06/01/2026
0.00,0.00,5105600390,0.00,RE,07/02/2026,06/01/2026,US00,07/02/2026,22:20:00,0.00000,2026,1.00000,0.00,0.00,0000109800,A04CLNT204,0.00,0.00,204,06,XI,0.00,0.00,5,0000,"1,428.00",758,0000,MIRO,00/00/0000,00/00/0000,1.00000,accounts_payable_clerk_mi00,00/00/0000,RD,USD,0.00,0.00,0.00,X,X,X,0.000,0,0.000,0,0,06/01/2026
0.00,0.00,5105600391,0.00,RE,07/02/2026,06/01/2026,US00,07/03/2026,14:14:00,0.00000,2026,1.00000,0.00,0.00,0000110800,A04CLNT204,0.00,0.00,204,06,XI,0.00,0.00,5,0000,"2,751.20",758,0000,MIRO,00/00/0000,00/00/0000,1.00000,accounts_payable_clerk_mi00,00/00/0000,RD,USD,0.00,0.00,0.00,X,X,X,0.000,0,0.000,0,0,06/01/2026
0.00,0.00,5105600392,0.00,RE,07/02/2026,06/01/2026,US00,07/03/2026,14:09:00,0.00000,2026,1.00000,0.00,0.00,0000110800,A04CLNT204,0.00,0.00,204,06,XI,0.00,0.00,5,0000,"2,501.40",758,0000,MIRO,00/00/0000,00/00/0000,1.00000,chief_accountant_US,00/00/0000,RD,USD,0.00,0.00,0.00,X,X,X,0.000,0,0.000,0,0,06/01/2026
0.00,0.00,5105600393,0.00,RE,07/02/2026,06/01/2026,US00,07/03/2026,14:25:00,0.00000,2026,1.00000,0.00,0.00,0000103800,A04CLNT204,0.00,0.00,204,06,XI,0.00,0.00,5,0000,"2,617.65",758,0000,MIRO,00/00/0000,00/00/0000,1.00000,accounts_payable_clerk_mi00,00/00/0000,RD,USD,0.00,0.00,0.00,X,X,X,0.000,0,0.000,0,0,06/01/2026
0.00,0.00,5105600394,0.00,RE,07/02/2026,06/01/2026,US00,07/03/2026,14:22:00,0.00000,2026,1.00000,0.00,0.00,0000112800,A04CLNT204,0.00,0.00,204,06,XI,0.00,0.00,5,0000,"1,280.16",758,0000,MIRO,00/00/0000,00/00/0000,1.00000,chief_accountant_US,00/00/0000,RD,USD,0.00,0.00,0.00,X,X,X,0.000,0,0.000,0,0,06/01/2026
0.00,0.00,5105600395,0.00,RE,07/02/2026,06/01/2026,US00,07/03/2026,14:35:00,0.00000,2026,1.00000,0.00,0.00,0000109800,A04CLNT204,0.00,0.00,204,06,XI,0.00,0.00,5,0000,"2,757.30",758,0000,MIRO,00/00/0000,00/00/0000,1.00000,chief_accountant_US,00/00/0000,RD,USD,0.00,0.00,0.00,X,X,X,0.000,0,0.000,0,0,06/01/2026
0.00,0.00,5105600396,0.00,RE,07/02/2026,06/01/2026,US00,07/03/2026,14:40:00,0.00000,2026,1.00000,0.00,0.00,0000108800,A04CLNT204,0.00,0.00,204,06,XI,0.00,0.00,5,0000,"1,455.36",758,0000,MIRO,00/00/0000,00/00/0000,1.00000,accounts_payable_clerk_mi00,00/00/0000,RD,USD,0.00,0.00,0.00,X,X,X,0.000,0,0.000,0,0,06/01/2026
0.00,0.00,5105600397,0.00,RE,07/02/2026,06/01/2026,US00,07/03/2026,14:49:00,0.00000,2026,1.00000,0.00,0.00,0000109800,A04CLNT204,0.00,0.00,204,06,XI,0.00,0.00,5,0000,"1,725.60",758,0000,MIRO,00/00/0000,00/00/0000,1.00000,accounts_payable_clerk_mi00,00/00/0000,RD,USD,0.00,0.00,0.00,X,X,X,0.000,0,0.000,0,0,06/01/2026
0.00,0.00,5105600398,0.00,RE,07/02/2026,06/01/2026,US00,07/03/2026,14:55:00,0.00000,2026,1.00000,0.00,0.00,0000112800,A04CLNT204,0.00,0.00,204,06,XI,0.00,0.00,5,0000,"1,010.10",758,0000,MIRO,00/00/0000,00/00/0000,1.00000,chief_accountant_US,00/00/0000,RD,USD,0.00,0.00,0.00,X,X,X,0.000,0,0.000,0,0,06/01/2026
0.00,0.00,5105600399,0.00,RE,07/02/2026,06/01/2026,US00,07/03/2026,15:02:00,0.00000,2026,1.00000,0.00,0.00,0000109800,A04CLNT204,0.00,0.00,204,06,XI,0.00,0.00,5,0000,"1,488.90",758,0000,MIRO,00/00/0000,00/00/0000,1.00000,accounts_payable_clerk_mi00,00/00/0000,RD,USD,0.00,0.00,0.00,X,X,X,0.000,0,0.000,0,0,06/01/2026
0.00,0.00,5105600400,0.00,RE,07/02/2026,06/01/2026,US00,07/03/2026,15:15:00,0.00000,2026,1.00000,0.00,0.00,0000109800,A04CLNT204,0.00,0.00,204,06,XI,0.00,0.00,5,0000,"3,138.75",758,0000,MIRO,00/00/0000,00/00/0000,1.00000,accounts_payable_clerk_mi00,00/00/0000,RD,USD,0.00,0.00,0.00,X,X,X,0.000,0,0.000,0,0,06/01/2026
0.00,0.00,5105600401,0.00,RE,07/05/2026,06/01/2026,US00,07/06/2026,17:31:00,0.00000,2026,1.00000,0.00,0.00,0000107800,A04CLNT204,0.00,0.00,204,06,XI,0.00,0.00,5,0000,432.63,758,0000,MIRO,00/00/0000,00/00/0000,1.00000,accounts_payable_clerk_mi00,00/00/0000,RD,USD,0.00,0.00,0.00,X,X,X,0.000,0,0.000,0,0,06/01/2026
0.00,0.00,5105600402,0.00,RE,07/05/2026,06/01/2026,US00,07/06/2026,18:50:00,0.00000,2026,1.00000,0.00,0.00,0000108800,A04CLNT204,0.00,0.00,204,06,XI,0.00,0.00,5,0000,"1,113.70",758,0000,MIRO,00/00/0000,00/00/0000,1.00000,accounts_payable_clerk_mi00,00/00/0000,RD,USD,0.00,0.00,0.00,X,X,X,0.000,0,0.000,0,0,06/01/2026
0.00,0.00,5105600403,0.00,RE,07/05/2026,06/01/2026,US00,07/06/2026,19:52:00,0.00000,2026,1.00000,0.00,0.00,0000112800,A04CLNT204,0.00,0.00,204,06,XI,0.00,0.00,5,0000,"1,084.44",758,0000,MIRO,00/00/0000,00/00/0000,1.00000,accounts_payable_clerk_mi00,00/00/0000,RD,USD,0.00,0.00,0.00,X,X,X,0.000,0,0.000,0,0,06/01/2026
0.00,0.00,5105600404,0.00,RE,07/05/2026,06/01/2026,US00,07/06/2026,23:40:00,0.00000,2026,1.00000,0.00,0.00,0000101800,A04CLNT204,0.00,0.00,204,06,XI,0.00,0.00,5,0000,828.20,758,0000,MIRO,00/00/0000,00/00/0000,1.00000,chief_accountant_US,00/00/0000,RD,USD,0.00,0.00,0.00,X,X,X,0.000,0,0.000,0,0,06/01/2026
0.00,0.00,5105600405,0.00,RE,07/05/2026,06/01/2026,US00,07/07/2026,14:07:00,0.00000,2026,1.00000,0.00,0.00,0000101800,A04CLNT204,0.00,0.00,204,06,XI,0.00,0.00,5,0000,"4,190.16",758,0000,MIRO,00/00/0000,00/00/0000,1.00000,chief_accountant_US,00/00/0000,RD,USD,0.00,0.00,0.00,X,X,X,0.000,0,0.000,0,0,06/01/2026
0.00,0.00,5105600406,0.00,RE,07/05/2026,06/01/2026,US00,07/07/2026,14:19:00,0.00000,2026,1.00000,0.00,0.00,0000112800,A04CLNT204,0.00,0.00,204,06,XI,0.00,0.00,5,0000,"1,016.73",758,0000,MIRO,00/00/0000,00/00/0000,1.00000,chief_accountant_US,00/00/0000,RD,USD,0.00,0.00,0.00,X,X,X,0.000,0,0.000,0,0,06/01/2026
0.00,0.00,5105600407,0.00,RE,07/05/2026,06/01/2026,US00,07/07/2026,14:21:00,0.00000,2026,1.00000,0.00,0.00,0000110800,A04CLNT204,0.00,0.00,204,06,XI,0.00,0.00,5,0000,"2,415.00",758,0000,MIRO,00/00/0000,00/00/0000,1.00000,accounts_payable_clerk_mi00,00/00/0000,RD,USD,0.00,0.00,0.00,X,X,X,0.000,0,0.000,0,0,06/01/2026
0.00,0.00,5105600408,0.00,RE,07/05/2026,06/01/2026,US00,07/07/2026,14:30:00,0.00000,2026,1.00000,0.00,0.00,0000102800,A04CLNT204,0.00,0.00,204,06,XI,0.00,0.00,5,0000,"7,726.98",758,0000,MIRO,00/00/0000,00/00/0000,1.00000,chief_accountant_US,00/00/0000,RD,USD,0.00,0.00,0.00,X,X,X,0.000,0,0.000,0,0,06/01/2026
0.00,0.00,5105600409,0.00,RE,06/25/2026,06/01/2026,US00,06/26/2026,14:23:00,0.00000,2026,1.00000,0.00,0.00,0000103800,A04CLNT204,0.00,0.00,204,06,XI,0.00,0.00,5,0000,817.80,758,0000,MIRO,00/00/0000,00/00/0000,1.00000,chief_accountant_US,00/00/0000,RD,USD,0.00,0.00,0.00,X,X,X,0.000,0,0.000,0,0,06/01/2026
0.00,0.00,5105600410,0.00,RE,07/05/2026,06/01/2026,US00,07/07/2026,14:35:00,0.00000,2026,1.00000,0.00,0.00,0000101800,A04CLNT204,0.00,0.00,204,06,XI,0.00,0.00,5,0000,"1,172.08",758,0000,MIRO,00/00/0000,00/00/0000,1.00000,accounts_payable_clerk_mi00,00/00/0000,RD,USD,0.00,0.00,0.00,X,X,X,0.000,0,0.000,0,0,06/01/2026
0.00,0.00,5105600411,0.00,RE,07/05/2026,06/01/2026,US00,07/07/2026,14:38:00,0.00000,2026,1.00000,0.00,0.00,0000109800,A04CLNT204,0.00,0.00,204,06,XI,0.00,0.00,5,0000,"1,389.85",758,0000,MIRO,00/00/0000,00/00/0000,1.00000,chief_accountant_US,00/00/0000,RD,USD,0.00,0.00,0.00,X,X,X,0.000,0,0.000,0,0,06/01/2026
0.00,0.00,5105600412,0.00,RE,07/04/2026,06/01/2026,US00,07/07/2026,14:45:00,0.00000,2026,1.00000,0.00,0.00,0000108800,A04CLNT204,0.00,0.00,204,06,XI,0.00,0.00,5,0000,"1,686.30",758,0000,MIRO,00/00/0000,00/00/0000,1.00000,accounts_payable_clerk_mi00,00/00/0000,RD,USD,0.00,0.00,0.00,X,X,X,0.000,0,0.000,0,0,06/01/2026
0.00,0.00,5105600413,0.00,RE,07/04/2026,06/01/2026,US00,07/07/2026,14:48:00,0.00000,2026,1.00000,0.00,0.00,0000101800,A04CLNT204,0.00,0.00,204,06,XI,0.00,0.00,5,0000,943.92,758,0000,MIRO,00/00/0000,00/00/0000,1.00000,chief_accountant_US,00/00/0000,RD,USD,0.00,0.00,0.00,X,X,X,0.000,0,0.000,0,0,06/01/2026
0.00,0.00,5105600414,0.00,RE,07/04/2026,06/01/2026,US00,07/07/2026,14:57:00,0.00000,2026,1.00000,0.00,0.00,0000110800,A04CLNT204,0.00,0.00,204,06,XI,0.00,0.00,5,0000,"2,549.75",758,0000,MIRO,00/00/0000,00/00/0000,1.00000,accounts_payable_clerk_mi00,00/00/0000,RD,USD,0.00,0.00,0.00,X,X,X,0.000,0,0.000,0,0,06/01/2026
0.00,0.00,5105600415,0.00,RE,07/04/2026,06/01/2026,US00,07/07/2026,14:59:00,0.00000,2026,1.00000,0.00,0.00,0000106800,A04CLNT204,0.00,0.00,204,06,XI,0.00,0.00,5,0000,"1,744.75",758,0000,MIRO,00/00/0000,00/00/0000,1.00000,chief_accountant_US,00/00/0000,RD,USD,0.00,0.00,0.00,X,X,X,0.000,0,0.000,0,0,06/01/2026
0.00,0.00,5105600416,0.00,RE,07/05/2026,06/01/2026,US00,07/07/2026,15:06:00,0.00000,2026,1.00000,0.00,0.00,0000105800,A04CLNT204,0.00,0.00,204,06,XI,0.00,0.00,5,0000,"2,962.08",758,0000,MIRO,00/00/0000,00/00/0000,1.00000,accounts_payable_clerk_mi00,00/00/0000,RD,USD,0.00,0.00,0.00,X,X,X,0.000,0,0.000,0,0,06/01/2026
0.00,0.00,5105600417,0.00,RE,07/04/2026,06/01/2026,US00,07/07/2026,14:13:00,0.00000,2026,1.00000,0.00,0.00,0000107800,A04CLNT204,0.00,0.00,204,06,XI,0.00,0.00,5,0000,818.71,758,0000,MIRO,00/00/0000,00/00/0000,1.00000,accounts_payable_clerk_mi00,00/00/0000,RD,USD,0.00,0.00,0.00,X,X,X,0.000,0,0.000,0,0,06/01/2026
0.00,0.00,5105600418,0.00,RE,07/05/2026,06/01/2026,US00,07/07/2026,15:11:00,0.00000,2026,1.00000,0.00,0.00,0000103800,A04CLNT204,0.00,0.00,204,06,XI,0.00,0.00,5,0000,796.40,758,0000,MIRO,00/00/0000,00/00/0000,1.00000,chief_accountant_US,00/00/0000,RD,USD,0.00,0.00,0.00,X,X,X,0.000,0,0.000,0,0,06/01/2026
0.00,0.00,5105600419,0.00,RE,07/05/2026,06/01/2026,US00,07/07/2026,15:22:00,0.00000,2026,1.00000,0.00,0.00,0000109800,A04CLNT204,0.00,0.00,204,06,XI,0.00,0.00,5,0000,"1,751.25",758,0000,MIRO,00/00/0000,00/00/0000,1.00000,chief_accountant_US,00/00/0000,RD,USD,0.00,0.00,0.00,X,X,X,0.000,0,0.000,0,0,06/01/2026
0.00,0.00,5105600420,0.00,RE,07/05/2026,06/01/2026,US00,07/07/2026,15:25:00,0.00000,2026,1.00000,0.00,0.00,0000105800,A04CLNT204,0.00,0.00,204,06,XI,0.00,0.00,5,0000,"2,726.67",758,0000,MIRO,00/00/0000,00/00/0000,1.00000,accounts_payable_clerk_mi00,00/00/0000,RD,USD,0.00,0.00,0.00,X,X,X,0.000,0,0.000,0,0,06/01/2026
0.00,0.00,5105600421,0.00,RE,07/04/2026,06/01/2026,US00,07/07/2026,15:34:00,0.00000,2026,1.00000,0.00,0.00,0000101800,A04CLNT204,0.00,0.00,204,06,XI,0.00,0.00,5,0000,844.48,758,0000,MIRO,00/00/0000,00/00/0000,1.00000,chief_accountant_US,00/00/0000,RD,USD,0.00,0.00,0.00,X,X,X,0.000,0,0.000,0,0,06/01/2026
0.00,0.00,5105600422,0.00,RE,07/04/2026,06/01/2026,US00,07/07/2026,15:47:00,0.00000,2026,1.00000,0.00,0.00,0000101800,A04CLNT204,0.00,0.00,204,06,XI,0.00,0.00,5,0000,"1,186.08",758,0000,MIRO,00/00/0000,00/00/0000,1.00000,chief_accountant_US,00/00/0000,RD,USD,0.00,0.00,0.00,X,X,X,0.000,0,0.000,0,0,06/01/2026
0.00,0.00,5105600423,0.00,RE,07/04/2026,06/01/2026,US00,07/07/2026,15:39:00,0.00000,2026,1.00000,0.00,0.00,0000106800,A04CLNT204,0.00,0.00,204,06,XI,0.00,0.00,5,0000,"1,760.50",758,0000,MIRO,00/00/0000,00/00/0000,1.00000,accounts_payable_clerk_mi00,00/00/0000,RD,USD,0.00,0.00,0.00,X,X,X,0.000,0,0.000,0,0,06/01/2026
0.00,0.00,5105600424,0.00,RE,07/05/2026,06/01/2026,US00,07/07/2026,15:59:00,0.00000,2026,1.00000,0.00,0.00,0000110800,A04CLNT204,0.00,0.00,204,06,XI,0.00,0.00,5,0000,"1,606.55",758,0000,MIRO,00/00/0000,00/00/0000,1.00000,accounts_payable_clerk_mi00,00/00/0000,RD,USD,0.00,0.00,0.00,X,X,X,0.000,0,0.000,0,0,06/01/2026
0.00,0.00,5105600425,0.00,RE,07/04/2026,06/01/2026,US00,07/07/2026,16:04:00,0.00000,2026,1.00000,0.00,0.00,0000106800,A04CLNT204,0.00,0.00,204,06,XI,0.00,0.00,5,0000,"1,199.45",758,0000,MIRO,00/00/0000,00/00/0000,1.00000,chief_accountant_US,00/00/0000,RD,USD,0.00,0.00,0.00,X,X,X,0.000,0,0.000,0,0,06/01/2026
0.00,0.00,5105600426,0.00,RE,07/04/2026,06/01/2026,US00,07/07/2026,19:18:00,0.00000,2026,1.00000,0.00,0.00,0000110800,A04CLNT204,0.00,0.00,204,06,XI,0.00,0.00,5,0000,"1,140.00",758,0000,MIRO,00/00/0000,00/00/0000,1.00000,chief_accountant_US,00/00/0000,RD,USD,0.00,0.00,0.00,X,X,X,0.000,0,0.000,0,0,06/01/2026
0.00,0.00,5105600427,0.00,RE,07/04/2026,06/01/2026,US00,07/07/2026,19:20:00,0.00000,2026,1.00000,0.00,0.00,0000108800,A04CLNT204,0.00,0.00,204,06,XI,0.00,0.00,5,0000,652.96,758,0000,MIRO,00/00/0000,00/00/0000,1.00000,accounts_payable_clerk_mi00,00/00/0000,RD,USD,0.00,0.00,0.00,X,X,X,0.000,0,0.000,0,0,06/01/2026
0.00,0.00,5105600428,0.00,RE,06/28/2026,06/01/2026,US00,06/30/2026,14:32:00,0.00000,2026,1.00000,0.00,0.00,0000101800,A04CLNT204,0.00,0.00,204,06,XI,0.00,0.00,5,0000,778.36,758,0000,MIRO,00/00/0000,00/00/0000,1.00000,accounts_payable_clerk_mi00,00/00/0000,RD,USD,0.00,0.00,0.00,X,X,X,0.000,0,0.000,0,0,06/01/2026
0.00,0.00,5105600429,0.00,RE,07/08/2026,06/01/2026,US00,07/08/2026,18:53:00,0.00000,2026,1.00000,0.00,0.00,0000106800,A04CLNT204,0.00,0.00,204,06,XI,0.00,0.00,5,0000,"2,058.00",758,0000,MIRO,00/00/0000,00/00/0000,1.00000,accounts_payable_clerk_mi00,00/00/0000,RD,USD,0.00,0.00,0.00,X,X,X,0.000,0,0.000,0,0,06/01/2026
0.00,0.00,5105600430,0.00,RE,07/08/2026,06/01/2026,US00,07/09/2026,14:14:00,0.00000,2026,1.00000,0.00,0.00,0000105800,A04CLNT204,0.00,0.00,204,06,XI,0.00,0.00,5,0000,"2,682.12",758,0000,MIRO,00/00/0000,00/00/0000,1.00000,chief_accountant_US,00/00/0000,RD,USD,0.00,0.00,0.00,X,X,X,0.000,0,0.000,0,0,06/01/2026
0.00,0.00,5105600431,0.00,RE,07/08/2026,06/01/2026,US00,07/09/2026,14:30:00,0.00000,2026,1.00000,0.00,0.00,0000103800,A04CLNT204,0.00,0.00,204,06,XI,0.00,0.00,5,0000,829.60,758,0000,MIRO,00/00/0000,00/00/0000,1.00000,chief_accountant_US,00/00/0000,RD,USD,0.00,0.00,0.00,X,X,X,0.000,0,0.000,0,0,06/01/2026
0.00,0.00,5105600432,0.00,RE,07/08/2026,06/01/2026,US00,07/08/2026,19:31:00,0.00000,2026,1.00000,0.00,0.00,0000103800,A04CLNT204,0.00,0.00,204,06,XI,0.00,0.00,5,0000,755.64,758,0000,MIRO,00/00/0000,00/00/0000,1.00000,accounts_payable_clerk_mi00,00/00/0000,RD,USD,0.00,0.00,0.00,X,X,X,0.000,0,0.000,0,0,06/01/2026
0.00,0.00,5105600433,0.00,RE,07/08/2026,06/01/2026,US00,07/09/2026,14:11:00,0.00000,2026,1.00000,0.00,0.00,0000112800,A04CLNT204,0.00,0.00,204,06,XI,0.00,0.00,5,0000,"1,482.24",758,0000,MIRO,00/00/0000,00/00/0000,1.00000,accounts_payable_clerk_mi00,00/00/0000,RD,USD,0.00,0.00,0.00,X,X,X,0.000,0,0.000,0,0,06/01/2026
0.00,0.00,5105600434,0.00,RE,07/08/2026,06/01/2026,US00,07/09/2026,14:23:00,0.00000,2026,1.00000,0.00,0.00,0001003070,A04CLNT204,0.00,0.00,204,06,XI,0.00,0.00,5,0000,"2,071.49",758,0000,MIRO,00/00/0000,00/00/0000,1.00000,accounts_payable_clerk_mi00,00/00/0000,RD,USD,0.00,0.00,0.00,X,X,X,0.000,0,0.000,0,0,06/01/2026
0.00,0.00,5105600435,0.00,RE,07/09/2026,06/01/2026,US00,07/10/2026,14:09:00,0.00000,2026,1.00000,0.00,0.00,0000109800,A04CLNT204,0.00,0.00,204,06,XI,0.00,0.00,5,0000,"3,100.30",758,0000,MIRO,00/00/0000,00/00/0000,1.00000,chief_accountant_US,00/00/0000,RD,USD,0.00,0.00,0.00,X,X,X,0.000,0,0.000,0,0,06/01/2026
0.00,0.00,5105600436,0.00,RE,07/09/2026,06/01/2026,US00,07/10/2026,14:25:00,0.00000,2026,1.00000,0.00,0.00,0000107800,A04CLNT204,0.00,0.00,204,06,XI,0.00,0.00,5,0000,777.30,758,0000,MIRO,00/00/0000,00/00/0000,1.00000,chief_accountant_US,00/00/0000,RD,USD,0.00,0.00,0.00,X,X,X,0.000,0,0.000,0,0,06/01/2026
0.00,0.00,5105600437,0.00,RE,07/08/2026,06/01/2026,US00,07/09/2026,14:51:00,0.00000,2026,1.00000,0.00,0.00,0000112800,A04CLNT204,0.00,0.00,204,06,XI,0.00,0.00,5,0000,"3,171.25",758,0000,MIRO,00/00/0000,00/00/0000,1.00000,accounts_payable_clerk_mi00,00/00/0000,RD,USD,0.00,0.00,0.00,X,X,X,0.000,0,0.000,0,0,06/01/2026
0.00,0.00,5105600438,0.00,RE,07/05/2026,06/01/2026,US00,07/07/2026,15:17:00,0.00000,2026,1.00000,0.00,0.00,0000108800,A04CLNT204,0.00,0.00,204,06,XI,0.00,0.00,5,0000,"2,180.20",758,0000,MIRO,00/00/0000,00/00/0000,1.00000,accounts_payable_clerk_mi00,00/00/0000,RD,USD,0.00,0.00,0.00,X,X,X,0.000,0,0.000,0,0,06/01/2026
0.00,0.00,5105600439,0.00,RE,07/09/2026,06/01/2026,US00,07/10/2026,14:39:00,0.00000,2026,1.00000,0.00,0.00,0000108800,A04CLNT204,0.00,0.00,204,06,XI,0.00,0.00,5,0000,491.70,758,0000,MIRO,00/00/0000,00/00/0000,1.00000,chief_accountant_US,00/00/0000,RD,USD,0.00,0.00,0.00,X,X,X,0.000,0,0.000,0,0,06/01/2026
0.00,0.00,5105600440,0.00,RE,07/09/2026,06/01/2026,US00,07/09/2026,20:06:00,0.00000,2026,1.00000,0.00,0.00,0000101800,A04CLNT204,0.00,0.00,204,06,XI,0.00,0.00,5,0000,752.36,758,0000,MIRO,00/00/0000,00/00/0000,1.00000,accounts_payable_clerk_mi00,00/00/0000,RD,USD,0.00,0.00,0.00,X,X,X,0.000,0,0.000,0,0,06/01/2026
0.00,0.00,5105600441,0.00,RE,07/09/2026,06/01/2026,US00,07/09/2026,21:12:00,0.00000,2026,1.00000,0.00,0.00,0000112800,A04CLNT204,0.00,0.00,204,06,XI,0.00,0.00,5,0000,"2,009.04",758,0000,MIRO,00/00/0000,00/00/0000,1.00000,accounts_payable_clerk_mi00,00/00/0000,RD,USD,0.00,0.00,0.00,X,X,X,0.000,0,0.000,0,0,06/01/2026
0.00,0.00,5105600442,0.00,RE,07/09/2026,06/01/2026,US00,07/09/2026,22:49:00,0.00000,2026,1.00000,0.00,0.00,0000108800,A04CLNT204,0.00,0.00,204,06,XI,0.00,0.00,5,0000,533.14,758,0000,MIRO,00/00/0000,00/00/0000,1.00000,accounts_payable_clerk_mi00,00/00/0000,RD,USD,0.00,0.00,0.00,X,X,X,0.000,0,0.000,0,0,06/01/2026
0.00,0.00,5105600443,0.00,RE,07/09/2026,06/01/2026,US00,07/10/2026,14:13:00,0.00000,2026,1.00000,0.00,0.00,0000112800,A04CLNT204,0.00,0.00,204,06,XI,0.00,0.00,5,0000,972.27,758,0000,MIRO,00/00/0000,00/00/0000,1.00000,accounts_payable_clerk_mi00,00/00/0000,RD,USD,0.00,0.00,0.00,X,X,X,0.000,0,0.000,0,0,06/01/2026
0.00,0.00,5105600444,0.00,RE,07/09/2026,06/01/2026,US00,07/10/2026,14:22:00,0.00000,2026,1.00000,0.00,0.00,0000108800,A04CLNT204,0.00,0.00,204,06,XI,0.00,0.00,5,0000,492.58,758,0000,MIRO,00/00/0000,00/00/0000,1.00000,accounts_payable_clerk_mi00,00/00/0000,RD,USD,0.00,0.00,0.00,X,X,X,0.000,0,0.000,0,0,06/01/2026
0.00,0.00,5105600445,0.00,RE,07/10/2026,06/01/2026,US00,07/13/2026,14:10:00,0.00000,2026,1.00000,0.00,0.00,0000107800,A04CLNT204,0.00,0.00,204,06,XI,0.00,0.00,5,0000,792.28,758,0000,MIRO,00/00/0000,00/00/0000,1.00000,chief_accountant_US,00/00/0000,RD,USD,0.00,0.00,0.00,X,X,X,0.000,0,0.000,0,0,06/01/2026
0.00,0.00,5105600446,0.00,RE,07/09/2026,06/01/2026,US00,07/10/2026,14:32:00,0.00000,2026,1.00000,0.00,0.00,0000112800,A04CLNT204,0.00,0.00,204,06,XI,0.00,0.00,5,0000,863.26,758,0000,MIRO,00/00/0000,00/00/0000,1.00000,accounts_payable_clerk_mi00,00/00/0000,RD,USD,0.00,0.00,0.00,X,X,X,0.000,0,0.000,0,0,06/01/2026
0.00,0.00,5105600447,0.00,RE,07/09/2026,06/01/2026,US00,07/10/2026,14:44:00,0.00000,2026,1.00000,0.00,0.00,0000103800,A04CLNT204,0.00,0.00,204,06,XI,0.00,0.00,5,0000,702.10,758,0000,MIRO,00/00/0000,00/00/0000,1.00000,accounts_payable_clerk_mi00,00/00/0000,RD,USD,0.00,0.00,0.00,X,X,X,0.000,0,0.000,0,0,06/01/2026
0.00,0.00,5105600448,0.00,RE,07/10/2026,06/01/2026,US00,07/13/2026,14:32:00,0.00000,2026,1.00000,0.00,0.00,0000101800,A04CLNT204,0.00,0.00,204,06,XI,0.00,0.00,5,0000,803.10,758,0000,MIRO,00/00/0000,00/00/0000,1.00000,chief_accountant_US,00/00/0000,RD,USD,0.00,0.00,0.00,X,X,X,0.000,0,0.000,0,0,06/01/2026
0.00,0.00,5105600449,0.00,RE,07/09/2026,06/01/2026,US00,07/10/2026,15:07:00,0.00000,2026,1.00000,0.00,0.00,0000101800,A04CLNT204,0.00,0.00,204,06,XI,0.00,0.00,5,0000,994.08,758,0000,MIRO,00/00/0000,00/00/0000,1.00000,accounts_payable_clerk_mi00,00/00/0000,RD,USD,0.00,0.00,0.00,X,X,X,0.000,0,0.000,0,0,06/01/2026
0.00,0.00,5105600450,0.00,RE,07/10/2026,06/01/2026,US00,07/13/2026,14:21:00,0.00000,2026,1.00000,0.00,0.00,0000106800,A04CLNT204,0.00,0.00,204,06,XI,0.00,0.00,5,0000,"2,342.95",758,0000,MIRO,00/00/0000,00/00/0000,1.00000,chief_accountant_US,00/00/0000,RD,USD,0.00,0.00,0.00,X,X,X,0.000,0,0.000,0,0,06/01/2026
0.00,0.00,5105600451,0.00,RE,07/10/2026,06/01/2026,US00,07/13/2026,14:51:00,0.00000,2026,1.00000,0.00,0.00,0000109800,A04CLNT204,0.00,0.00,204,06,XI,0.00,0.00,5,0000,"3,148.20",758,0000,MIRO,00/00/0000,00/00/0000,1.00000,chief_accountant_US,00/00/0000,RD,USD,0.00,0.00,0.00,X,X,X,0.000,0,0.000,0,0,06/01/2026
0.00,0.00,5105600452,0.00,RE,07/09/2026,06/01/2026,US00,07/10/2026,15:39:00,0.00000,2026,1.00000,0.00,0.00,0000101800,A04CLNT204,0.00,0.00,204,06,XI,0.00,0.00,5,0000,835.45,758,0000,MIRO,00/00/0000,00/00/0000,1.00000,accounts_payable_clerk_mi00,00/00/0000,RD,USD,0.00,0.00,0.00,X,X,X,0.000,0,0.000,0,0,06/01/2026
0.00,0.00,5105600453,0.00,RE,07/10/2026,06/01/2026,US00,07/10/2026,19:07:00,0.00000,2026,1.00000,0.00,0.00,0000112800,A04CLNT204,0.00,0.00,204,06,XI,0.00,0.00,5,0000,"1,964.73",758,0000,MIRO,00/00/0000,00/00/0000,1.00000,accounts_payable_clerk_mi00,00/00/0000,RD,USD,0.00,0.00,0.00,X,X,X,0.000,0,0.000,0,0,06/01/2026
0.00,0.00,5105600454,0.00,RE,07/10/2026,06/01/2026,US00,07/10/2026,19:39:00,0.00000,2026,1.00000,0.00,0.00,0000107800,A04CLNT204,0.00,0.00,204,06,XI,0.00,0.00,5,0000,"2,587.50",758,0000,MIRO,00/00/0000,00/00/0000,1.00000,accounts_payable_clerk_mi00,00/00/0000,RD,USD,0.00,0.00,0.00,X,X,X,0.000,0,0.000,0,0,06/01/2026
0.00,0.00,5105600455,0.00,RE,07/10/2026,06/01/2026,US00,07/10/2026,21:34:00,0.00000,2026,1.00000,0.00,0.00,0000107800,A04CLNT204,0.00,0.00,204,06,XI,0.00,0.00,5,0000,811.89,758,0000,MIRO,00/00/0000,00/00/0000,1.00000,accounts_payable_clerk_mi00,00/00/0000,RD,USD,0.00,0.00,0.00,X,X,X,0.000,0,0.000,0,0,06/01/2026
0.00,0.00,5105600456,0.00,RE,07/10/2026,06/01/2026,US00,07/13/2026,14:11:00,0.00000,2026,1.00000,0.00,0.00,0000109800,A04CLNT204,0.00,0.00,204,06,XI,0.00,0.00,5,0000,"1,413.00",758,0000,MIRO,00/00/0000,00/00/0000,1.00000,accounts_payable_clerk_mi00,00/00/0000,RD,USD,0.00,0.00,0.00,X,X,X,0.000,0,0.000,0,0,06/01/2026
0.00,0.00,5105600457,0.00,RE,07/11/2026,06/01/2026,US00,07/14/2026,14:15:00,0.00000,2026,1.00000,0.00,0.00,0000107800,A04CLNT204,0.00,0.00,204,06,XI,0.00,0.00,5,0000,641.76,758,0000,MIRO,00/00/0000,00/00/0000,1.00000,chief_accountant_US,00/00/0000,RD,USD,0.00,0.00,0.00,X,X,X,0.000,0,0.000,0,0,06/01/2026
0.00,0.00,5105600458,0.00,RE,07/10/2026,06/01/2026,US00,07/13/2026,14:35:00,0.00000,2026,1.00000,0.00,0.00,0000110800,A04CLNT204,0.00,0.00,204,06,XI,0.00,0.00,5,0000,"3,179.00",758,0000,MIRO,00/00/0000,00/00/0000,1.00000,accounts_payable_clerk_mi00,00/00/0000,RD,USD,0.00,0.00,0.00,X,X,X,0.000,0,0.000,0,0,06/01/2026
0.00,0.00,5105600459,0.00,RE,07/11/2026,06/01/2026,US00,07/14/2026,14:33:00,0.00000,2026,1.00000,0.00,0.00,0000101800,A04CLNT204,0.00,0.00,204,06,XI,0.00,0.00,5,0000,"2,826.06",758,0000,MIRO,00/00/0000,00/00/0000,1.00000,chief_accountant_US,00/00/0000,RD,USD,0.00,0.00,0.00,X,X,X,0.000,0,0.000,0,0,06/01/2026
0.00,0.00,5105600460,0.00,RE,07/10/2026,06/01/2026,US00,07/13/2026,14:45:00,0.00000,2026,1.00000,0.00,0.00,0000107800,A04CLNT204,0.00,0.00,204,06,XI,0.00,0.00,5,0000,875.82,758,0000,MIRO,00/00/0000,00/00/0000,1.00000,accounts_payable_clerk_mi00,00/00/0000,RD,USD,0.00,0.00,0.00,X,X,X,0.000,0,0.000,0,0,06/01/2026
0.00,0.00,5105600461,0.00,RE,07/11/2026,06/01/2026,US00,07/14/2026,14:57:00,0.00000,2026,1.00000,0.00,0.00,0000108800,A04CLNT204,0.00,0.00,204,06,XI,0.00,0.00,5,0000,"2,095.10",758,0000,MIRO,00/00/0000,00/00/0000,1.00000,chief_accountant_US,00/00/0000,RD,USD,0.00,0.00,0.00,X,X,X,0.000,0,0.000,0,0,06/01/2026
0.00,0.00,5105600462,0.00,RE,07/11/2026,06/01/2026,US00,07/13/2026,22:02:00,0.00000,2026,1.00000,0.00,0.00,0000107800,A04CLNT204,0.00,0.00,204,06,XI,0.00,0.00,5,0000,809.10,758,0000,MIRO,00/00/0000,00/00/0000,1.00000,accounts_payable_clerk_mi00,00/00/0000,RD,USD,0.00,0.00,0.00,X,X,X,0.000,0,0.000,0,0,06/01/2026
0.00,0.00,5105600463,0.00,RE,07/11/2026,06/01/2026,US00,07/13/2026,19:28:00,0.00000,2026,1.00000,0.00,0.00,0000108800,A04CLNT204,0.00,0.00,204,06,XI,0.00,0.00,5,0000,874.65,758,0000,MIRO,00/00/0000,00/00/0000,1.00000,accounts_payable_clerk_mi00,00/00/0000,RD,USD,0.00,0.00,0.00,X,X,X,0.000,0,0.000,0,0,06/01/2026
0.00,0.00,5105600464,0.00,RE,07/11/2026,06/01/2026,US00,07/13/2026,22:13:00,0.00000,2026,1.00000,0.00,0.00,0000106800,A04CLNT204,0.00,0.00,204,06,XI,0.00,0.00,5,0000,"1,444.80",758,0000,MIRO,00/00/0000,00/00/0000,1.00000,accounts_payable_clerk_mi00,00/00/0000,RD,USD,0.00,0.00,0.00,X,X,X,0.000,0,0.000,0,0,06/01/2026
0.00,0.00,5105600465,0.00,RE,07/13/2026,06/01/2026,US00,07/14/2026,14:44:00,0.00000,2026,1.00000,0.00,0.00,0000101800,A04CLNT204,0.00,0.00,204,06,XI,0.00,0.00,5,0000,795.34,758,0000,MIRO,00/00/0000,00/00/0000,1.00000,chief_accountant_US,00/00/0000,RD,USD,0.00,0.00,0.00,X,X,X,0.000,0,0.000,0,0,06/01/2026
0.00,0.00,5105600466,0.00,RE,07/11/2026,06/01/2026,US00,07/13/2026,22:41:00,0.00000,2026,1.00000,0.00,0.00,0000108800,A04CLNT204,0.00,0.00,204,06,XI,0.00,0.00,5,0000,"1,774.80",758,0000,MIRO,00/00/0000,00/00/0000,1.00000,accounts_payable_clerk_mi00,00/00/0000,RD,USD,0.00,0.00,0.00,X,X,X,0.000,0,0.000,0,0,06/01/2026
0.00,0.00,5105600467,0.00,RE,07/13/2026,06/01/2026,US00,07/13/2026,19:51:00,0.00000,2026,1.00000,0.00,0.00,0000108800,A04CLNT204,0.00,0.00,204,06,XI,0.00,0.00,5,0000,510.84,758,0000,MIRO,00/00/0000,00/00/0000,1.00000,accounts_payable_clerk_mi00,00/00/0000,RD,USD,0.00,0.00,0.00,X,X,X,0.000,0,0.000,0,0,06/01/2026
0.00,0.00,5105600468,0.00,RE,07/11/2026,06/01/2026,US00,07/14/2026,14:09:00,0.00000,2026,1.00000,0.00,0.00,0000101800,A04CLNT204,0.00,0.00,204,06,XI,0.00,0.00,5,0000,856.38,758,0000,MIRO,00/00/0000,00/00/0000,1.00000,accounts_payable_clerk_mi00,00/00/0000,RD,USD,0.00,0.00,0.00,X,X,X,0.000,0,0.000,0,0,06/01/2026
0.00,0.00,5105600469,0.00,RE,07/13/2026,06/01/2026,US00,07/14/2026,15:13:00,0.00000,2026,1.00000,0.00,0.00,0000108800,A04CLNT204,0.00,0.00,204,06,XI,0.00,0.00,5,0000,"2,604.00",758,0000,MIRO,00/00/0000,00/00/0000,1.00000,chief_accountant_US,00/00/0000,RD,USD,0.00,0.00,0.00,X,X,X,0.000,0,0.000,0,0,06/01/2026
0.00,0.00,5105600470,0.00,RE,07/11/2026,06/01/2026,US00,07/14/2026,14:22:00,0.00000,2026,1.00000,0.00,0.00,0000106800,A04CLNT204,0.00,0.00,204,06,XI,0.00,0.00,5,0000,"1,769.25",758,0000,MIRO,00/00/0000,00/00/0000,1.00000,accounts_payable_clerk_mi00,00/00/0000,RD,USD,0.00,0.00,0.00,X,X,X,0.000,0,0.000,0,0,06/01/2026
0.00,0.00,5105600471,0.00,RE,07/12/2026,06/01/2026,US00,07/14/2026,14:35:00,0.00000,2026,1.00000,0.00,0.00,0000110800,A04CLNT204,0.00,0.00,204,06,XI,0.00,0.00,5,0000,"2,064.60",758,0000,MIRO,00/00/0000,00/00/0000,1.00000,accounts_payable_clerk_mi00,00/00/0000,RD,USD,0.00,0.00,0.00,X,X,X,0.000,0,0.000,0,0,06/01/2026
0.00,0.00,5105600472,0.00,RE,07/11/2026,06/01/2026,US00,07/14/2026,14:48:00,0.00000,2026,1.00000,0.00,0.00,0000108800,A04CLNT204,0.00,0.00,204,06,XI,0.00,0.00,5,0000,956.80,758,0000,MIRO,00/00/0000,00/00/0000,1.00000,accounts_payable_clerk_mi00,00/00/0000,RD,USD,0.00,0.00,0.00,X,X,X,0.000,0,0.000,0,0,06/01/2026
0.00,0.00,5105600473,0.00,RE,07/13/2026,06/01/2026,US00,07/14/2026,14:58:00,0.00000,2026,1.00000,0.00,0.00,0000103800,A04CLNT204,0.00,0.00,204,06,XI,0.00,0.00,5,0000,873.81,758,0000,MIRO,00/00/0000,00/00/0000,1.00000,accounts_payable_clerk_mi00,00/00/0000,RD,USD,0.00,0.00,0.00,X,X,X,0.000,0,0.000,0,0,06/01/2026
0.00,0.00,5105600474,0.00,RE,07/11/2026,06/01/2026,US00,07/14/2026,15:38:00,0.00000,2026,1.00000,0.00,0.00,0000110800,A04CLNT204,0.00,0.00,204,06,XI,0.00,0.00,5,0000,"1,815.00",758,0000,MIRO,00/00/0000,00/00/0000,1.00000,chief_accountant_US,00/00/0000,RD,USD,0.00,0.00,0.00,X,X,X,0.000,0,0.000,0,0,06/01/2026
0.00,0.00,5105600475,0.00,RE,07/12/2026,06/01/2026,US00,07/14/2026,15:53:00,0.00000,2026,1.00000,0.00,0.00,0000110800,A04CLNT204,0.00,0.00,204,06,XI,0.00,0.00,5,0000,"2,562.20",758,0000,MIRO,00/00/0000,00/00/0000,1.00000,chief_accountant_US,00/00/0000,RD,USD,0.00,0.00,0.00,X,X,X,0.000,0,0.000,0,0,06/01/2026
0.00,0.00,5105600476,0.00,RE,07/12/2026,06/01/2026,US00,07/14/2026,15:14:00,0.00000,2026,1.00000,0.00,0.00,0000106800,A04CLNT204,0.00,0.00,204,06,XI,0.00,0.00,5,0000,"1,510.90",758,0000,MIRO,00/00/0000,00/00/0000,1.00000,accounts_payable_clerk_mi00,00/00/0000,RD,USD,0.00,0.00,0.00,X,X,X,0.000,0,0.000,0,0,06/01/2026
0.00,0.00,5105600477,0.00,RE,07/14/2026,06/01/2026,US00,07/15/2026,14:08:00,0.00000,2026,1.00000,0.00,0.00,0000112800,A04CLNT204,0.00,0.00,204,06,XI,0.00,0.00,5,0000,"1,588.08",758,0000,MIRO,00/00/0000,00/00/0000,1.00000,chief_accountant_US,00/00/0000,RD,USD,0.00,0.00,0.00,X,X,X,0.000,0,0.000,0,0,06/01/2026
0.00,0.00,5105600478,0.00,RE,07/13/2026,06/01/2026,US00,07/14/2026,15:30:00,0.00000,2026,1.00000,0.00,0.00,0000108800,A04CLNT204,0.00,0.00,204,06,XI,0.00,0.00,5,0000,"1,178.25",758,0000,MIRO,00/00/0000,00/00/0000,1.00000,accounts_payable_clerk_mi00,00/00/0000,RD,USD,0.00,0.00,0.00,X,X,X,0.000,0,0.000,0,0,06/01/2026
0.00,0.00,5105600479,0.00,RE,07/12/2026,06/01/2026,US00,07/14/2026,15:46:00,0.00000,2026,1.00000,0.00,0.00,0000101800,A04CLNT204,0.00,0.00,204,06,XI,0.00,0.00,5,0000,879.55,758,0000,MIRO,00/00/0000,00/00/0000,1.00000,accounts_payable_clerk_mi00,00/00/0000,RD,USD,0.00,0.00,0.00,X,X,X,0.000,0,0.000,0,0,06/01/2026
0.00,0.00,5105600480,0.00,RE,07/14/2026,06/01/2026,US00,07/15/2026,14:23:00,0.00000,2026,1.00000,0.00,0.00,0001003070,A04CLNT204,0.00,0.00,204,06,XI,0.00,0.00,5,0000,"5,121.48",758,0000,MIRO,00/00/0000,00/00/0000,1.00000,chief_accountant_US,00/00/0000,RD,USD,0.00,0.00,0.00,X,X,X,0.000,0,0.000,0,0,06/01/2026
0.00,0.00,5105600481,0.00,RE,07/14/2026,06/01/2026,US00,07/15/2026,15:02:00,0.00000,2026,1.00000,0.00,0.00,0000107800,A04CLNT204,0.00,0.00,204,06,XI,0.00,0.00,5,0000,"2,439.80",758,0000,MIRO,00/00/0000,00/00/0000,1.00000,chief_accountant_US,00/00/0000,RD,USD,0.00,0.00,0.00,X,X,X,0.000,0,0.000,0,0,06/01/2026
0.00,0.00,5105600482,0.00,RE,07/14/2026,06/01/2026,US00,07/14/2026,19:02:00,0.00000,2026,1.00000,0.00,0.00,0000108800,A04CLNT204,0.00,0.00,204,06,XI,0.00,0.00,5,0000,"1,542.25",758,0000,MIRO,00/00/0000,00/00/0000,1.00000,accounts_payable_clerk_mi00,00/00/0000,RD,USD,0.00,0.00,0.00,X,X,X,0.000,0,0.000,0,0,06/01/2026
0.00,0.00,5105600483,0.00,RE,07/11/2026,06/01/2026,US00,07/14/2026,17:14:00,0.00000,2026,1.00000,0.00,0.00,0000107800,A04CLNT204,0.00,0.00,204,06,XI,0.00,0.00,5,0000,631.68,758,0000,MIRO,00/00/0000,00/00/0000,1.00000,accounts_payable_clerk_mi00,00/00/0000,RD,USD,0.00,0.00,0.00,X,X,X,0.000,0,0.000,0,0,06/01/2026
0.00,0.00,5105600484,0.00,RE,07/14/2026,06/01/2026,US00,07/15/2026,14:50:00,0.00000,2026,1.00000,0.00,0.00,0001003070,A04CLNT204,0.00,0.00,204,06,XI,0.00,0.00,5,0000,"3,299.52",758,0000,MIRO,00/00/0000,00/00/0000,1.00000,chief_accountant_US,00/00/0000,RD,USD,0.00,0.00,0.00,X,X,X,0.000,0,0.000,0,0,06/01/2026
0.00,0.00,5105600485,0.00,RE,07/14/2026,06/01/2026,US00,07/14/2026,19:15:00,0.00000,2026,1.00000,0.00,0.00,0000110800,A04CLNT204,0.00,0.00,204,06,XI,0.00,0.00,5,0000,"2,745.60",758,0000,MIRO,00/00/0000,00/00/0000,1.00000,accounts_payable_clerk_mi00,00/00/0000,RD,USD,0.00,0.00,0.00,X,X,X,0.000,0,0.000,0,0,06/01/2026
0.00,0.00,5105600486,0.00,RE,07/14/2026,06/01/2026,US00,07/15/2026,14:38:00,0.00000,2026,1.00000,0.00,0.00,0000112800,A04CLNT204,0.00,0.00,204,06,XI,0.00,0.00,5,0000,"1,376.34",758,0000,MIRO,00/00/0000,00/00/0000,1.00000,chief_accountant_US,00/00/0000,RD,USD,0.00,0.00,0.00,X,X,X,0.000,0,0.000,0,0,06/01/2026
0.00,0.00,5105600487,0.00,RE,07/14/2026,06/01/2026,US00,07/14/2026,20:27:00,0.00000,2026,1.00000,0.00,0.00,0000108800,A04CLNT204,0.00,0.00,204,06,XI,0.00,0.00,5,0000,604.26,758,0000,MIRO,00/00/0000,00/00/0000,1.00000,accounts_payable_clerk_mi00,00/00/0000,RD,USD,0.00,0.00,0.00,X,X,X,0.000,0,0.000,0,0,06/01/2026
0.00,0.00,5105600488,0.00,RE,07/14/2026,06/01/2026,US00,07/14/2026,21:58:00,0.00000,2026,1.00000,0.00,0.00,0000107800,A04CLNT204,0.00,0.00,204,06,XI,0.00,0.00,5,0000,"2,688.00",758,0000,MIRO,00/00/0000,00/00/0000,1.00000,accounts_payable_clerk_mi00,00/00/0000,RD,USD,0.00,0.00,0.00,X,X,X,0.000,0,0.000,0,0,06/01/2026
0.00,0.00,5105600489,0.00,RE,07/14/2026,06/01/2026,US00,07/15/2026,14:08:00,0.00000,2026,1.00000,0.00,0.00,0000101800,A04CLNT204,0.00,0.00,204,06,XI,0.00,0.00,5,0000,683.23,758,0000,MIRO,00/00/0000,00/00/0000,1.00000,accounts_payable_clerk_mi00,00/00/0000,RD,USD,0.00,0.00,0.00,X,X,X,0.000,0,0.000,0,0,06/01/2026
0.00,0.00,5105600490,0.00,RE,07/14/2026,06/01/2026,US00,07/15/2026,14:24:00,0.00000,2026,1.00000,0.00,0.00,0000110800,A04CLNT204,0.00,0.00,204,06,XI,0.00,0.00,5,0000,"2,637.00",758,0000,MIRO,00/00/0000,00/00/0000,1.00000,accounts_payable_clerk_mi00,00/00/0000,RD,USD,0.00,0.00,0.00,X,X,X,0.000,0,0.000,0,0,06/01/2026
0.00,0.00,5105600491,0.00,RE,07/14/2026,06/01/2026,US00,07/15/2026,15:17:00,0.00000,2026,1.00000,0.00,0.00,0000108800,A04CLNT204,0.00,0.00,204,06,XI,0.00,0.00,5,0000,"2,094.73",758,0000,MIRO,00/00/0000,00/00/0000,1.00000,chief_accountant_US,00/00/0000,RD,USD,0.00,0.00,0.00,X,X,X,0.000,0,0.000,0,0,06/01/2026
0.00,0.00,5105600492,0.00,RE,07/14/2026,06/01/2026,US00,07/15/2026,14:34:00,0.00000,2026,1.00000,0.00,0.00,0000107800,A04CLNT204,0.00,0.00,204,06,XI,0.00,0.00,5,0000,637.28,758,0000,MIRO,00/00/0000,00/00/0000,1.00000,accounts_payable_clerk_mi00,00/00/0000,RD,USD,0.00,0.00,0.00,X,X,X,0.000,0,0.000,0,0,06/01/2026
0.00,0.00,5105600493,0.00,RE,07/14/2026,06/01/2026,US00,07/15/2026,14:42:00,0.00000,2026,1.00000,0.00,0.00,0000110800,A04CLNT204,0.00,0.00,204,06,XI,0.00,0.00,5,0000,"2,446.40",758,0000,MIRO,00/00/0000,00/00/0000,1.00000,accounts_payable_clerk_mi00,00/00/0000,RD,USD,0.00,0.00,0.00,X,X,X,0.000,0,0.000,0,0,06/01/2026
0.00,0.00,5105600494,0.00,RE,07/14/2026,06/01/2026,US00,07/15/2026,14:54:00,0.00000,2026,1.00000,0.00,0.00,0000108800,A04CLNT204,0.00,0.00,204,06,XI,0.00,0.00,5,0000,"2,551.50",758,0000,MIRO,00/00/0000,00/00/0000,1.00000,accounts_payable_clerk_mi00,00/00/0000,RD,USD,0.00,0.00,0.00,X,X,X,0.000,0,0.000,0,0,06/01/2026
0.00,0.00,5105600495,0.00,RE,07/14/2026,06/01/2026,US00,07/15/2026,15:19:00,0.00000,2026,1.00000,0.00,0.00,0000107800,A04CLNT204,0.00,0.00,204,06,XI,0.00,0.00,5,0000,"1,462.50",758,0000,MIRO,00/00/0000,00/00/0000,1.00000,accounts_payable_clerk_mi00,00/00/0000,RD,USD,0.00,0.00,0.00,X,X,X,0.000,0,0.000,0,0,06/01/2026
0.00,0.00,5105600496,0.00,RE,07/14/2026,06/01/2026,US00,07/15/2026,15:10:00,0.00000,2026,1.00000,0.00,0.00,0000108800,A04CLNT204,0.00,0.00,204,06,XI,0.00,0.00,5,0000,554.40,758,0000,MIRO,00/00/0000,00/00/0000,1.00000,accounts_payable_clerk_mi00,00/00/0000,RD,USD,0.00,0.00,0.00,X,X,X,0.000,0,0.000,0,0,06/01/2026
0.00,0.00,5105600497,0.00,RE,07/14/2026,06/01/2026,US00,07/15/2026,15:26:00,0.00000,2026,1.00000,0.00,0.00,0000106800,A04CLNT204,0.00,0.00,204,06,XI,0.00,0.00,5,0000,"1,629.05",758,0000,MIRO,00/00/0000,00/00/0000,1.00000,chief_accountant_US,00/00/0000,RD,USD,0.00,0.00,0.00,X,X,X,0.000,0,0.000,0,0,06/01/2026
0.00,0.00,5105600498,0.00,RE,07/14/2026,06/01/2026,US00,07/15/2026,15:33:00,0.00000,2026,1.00000,0.00,0.00,0000105800,A04CLNT204,0.00,0.00,204,06,XI,0.00,0.00,5,0000,"6,760.08",758,0000,MIRO,00/00/0000,00/00/0000,1.00000,accounts_payable_clerk_mi00,00/00/0000,RD,USD,0.00,0.00,0.00,X,X,X,0.000,0,0.000,0,0,06/01/2026
0.00,0.00,5105600499,0.00,RE,07/14/2026,06/01/2026,US00,07/15/2026,15:44:00,0.00000,2026,1.00000,0.00,0.00,0000108800,A04CLNT204,0.00,0.00,204,06,XI,0.00,0.00,5,0000,"1,627.50",758,0000,MIRO,00/00/0000,00/00/0000,1.00000,accounts_payable_clerk_mi00,00/00/0000,RD,USD,0.00,0.00,0.00,X,X,X,0.000,0,0.000,0,0,06/01/2026
0.00,0.00,5105600500,0.00,RE,07/14/2026,06/01/2026,US00,07/15/2026,15:34:00,0.00000,2026,1.00000,0.00,0.00,0000108800,A04CLNT204,0.00,0.00,204,06,XI,0.00,0.00,5,0000,551.04,758,0000,MIRO,00/00/0000,00/00/0000,1.00000,chief_accountant_US,00/00/0000,RD,USD,0.00,0.00,0.00,X,X,X,0.000,0,0.000,0,0,06/01/2026
0.00,0.00,5105600501,0.00,RE,07/14/2026,06/01/2026,US00,07/15/2026,15:43:00,0.00000,2026,1.00000,0.00,0.00,0000101800,A04CLNT204,0.00,0.00,204,06,XI,0.00,0.00,5,0000,697.00,758,0000,MIRO,00/00/0000,00/00/0000,1.00000,chief_accountant_US,00/00/0000,RD,USD,0.00,0.00,0.00,X,X,X,0.000,0,0.000,0,0,06/01/2026
0.00,0.00,5105600502,0.00,RE,07/14/2026,06/01/2026,US00,07/15/2026,15:55:00,0.00000,2026,1.00000,0.00,0.00,0000108800,A04CLNT204,0.00,0.00,204,06,XI,0.00,0.00,5,0000,656.60,758,0000,MIRO,00/00/0000,00/00/0000,1.00000,chief_accountant_US,00/00/0000,RD,USD,0.00,0.00,0.00,X,X,X,0.000,0,0.000,0,0,06/01/2026
0.00,0.00,5105600503,0.00,RE,07/14/2026,06/01/2026,US00,07/15/2026,17:05:00,0.00000,2026,1.00000,0.00,0.00,0001003070,A04CLNT204,0.00,0.00,204,06,XI,0.00,0.00,5,0000,"5,202.03",758,0000,MIRO,00/00/0000,00/00/0000,1.00000,accounts_payable_clerk_mi00,00/00/0000,RD,USD,0.00,0.00,0.00,X,X,X,0.000,0,0.000,0,0,06/01/2026
0.00,0.00,5105600504,0.00,RE,07/14/2026,06/01/2026,US00,07/15/2026,16:00:00,0.00000,2026,1.00000,0.00,0.00,0000112800,A04CLNT204,0.00,0.00,204,06,XI,0.00,0.00,5,0000,"1,358.80",758,0000,MIRO,00/00/0000,00/00/0000,1.00000,accounts_payable_clerk_mi00,00/00/0000,RD,USD,0.00,0.00,0.00,X,X,X,0.000,0,0.000,0,0,06/01/2026
0.00,0.00,5105600505,0.00,RE,07/14/2026,06/01/2026,US00,07/15/2026,16:08:00,0.00000,2026,1.00000,0.00,0.00,0000108800,A04CLNT204,0.00,0.00,204,06,XI,0.00,0.00,5,0000,"2,277.00",758,0000,MIRO,00/00/0000,00/00/0000,1.00000,chief_accountant_US,00/00/0000,RD,USD,0.00,0.00,0.00,X,X,X,0.000,0,0.000,0,0,06/01/2026
0.00,0.00,5105600506,0.00,RE,07/14/2026,06/01/2026,US00,07/15/2026,17:03:00,0.00000,2026,1.00000,0.00,0.00,0000101800,A04CLNT204,0.00,0.00,204,06,XI,0.00,0.00,5,0000,942.31,758,0000,MIRO,00/00/0000,00/00/0000,1.00000,chief_accountant_US,00/00/0000,RD,USD,0.00,0.00,0.00,X,X,X,0.000,0,0.000,0,0,06/01/2026
0.00,0.00,5105600507,0.00,RE,07/14/2026,06/01/2026,US00,07/15/2026,16:16:00,0.00000,2026,1.00000,0.00,0.00,0000101800,A04CLNT204,0.00,0.00,204,06,XI,0.00,0.00,5,0000,730.51,758,0000,MIRO,00/00/0000,00/00/0000,1.00000,accounts_payable_clerk_mi00,00/00/0000,RD,USD,0.00,0.00,0.00,X,X,X,0.000,0,0.000,0,0,06/01/2026
0.00,0.00,5105600508,0.00,RE,07/14/2026,06/01/2026,US00,07/15/2026,16:19:00,0.00000,2026,1.00000,0.00,0.00,0000103800,A04CLNT204,0.00,0.00,204,06,XI,0.00,0.00,5,0000,809.60,758,0000,MIRO,00/00/0000,00/00/0000,1.00000,chief_accountant_US,00/00/0000,RD,USD,0.00,0.00,0.00,X,X,X,0.000,0,0.000,0,0,06/01/2026
0.00,0.00,5105600509,0.00,RE,07/14/2026,06/01/2026,US00,07/15/2026,17:46:00,0.00000,2026,1.00000,0.00,0.00,0000103800,A04CLNT204,0.00,0.00,204,06,XI,0.00,0.00,5,0000,"2,187.36",758,0000,MIRO,00/00/0000,00/00/0000,1.00000,accounts_payable_clerk_mi00,00/00/0000,RD,USD,0.00,0.00,0.00,X,X,X,0.000,0,0.000,0,0,06/01/2026
0.00,0.00,5105600510,0.00,RE,07/14/2026,06/01/2026,US00,07/15/2026,17:47:00,0.00000,2026,1.00000,0.00,0.00,0000101800,A04CLNT204,0.00,0.00,204,06,XI,0.00,0.00,5,0000,965.76,758,0000,MIRO,00/00/0000,00/00/0000,1.00000,chief_accountant_US,00/00/0000,RD,USD,0.00,0.00,0.00,X,X,X,0.000,0,0.000,0,0,06/01/2026
0.00,0.00,5105600511,0.00,RE,07/14/2026,06/01/2026,US00,07/15/2026,19:00:00,0.00000,2026,1.00000,0.00,0.00,0000101800,A04CLNT204,0.00,0.00,204,06,XI,0.00,0.00,5,0000,904.86,758,0000,MIRO,00/00/0000,00/00/0000,1.00000,accounts_payable_clerk_mi00,00/00/0000,RD,USD,0.00,0.00,0.00,X,X,X,0.000,0,0.000,0,0,06/01/2026
